t_s,z_true_m,depth_meas_m,x_m,y_m
0.0005,1.5,1.50057,-0,0
0.0105,1.5,1.50057,-0,0
0.0205,1.5,1.49988,-0,0
0.0305,1.5,1.49988,-0,0
0.0405,1.5,1.50487,-0,0
0.0505,1.5,1.50487,-0,0
0.0605,1.5,1.50618,-0,0
0.0705,1.5,1.50618,-0,0
0.0805,1.5,1.49677,-0,0
0.0905,1.5,1.49677,-0,0
0.1005,1.5,1.49981,-0,0
0.1105,1.5,1.49981,-0,0
0.1205,1.5,1.50123,-0,0
0.1305,1.5,1.50123,-0,0
0.1405,1.5,1.4955,-0,0
0.1505,1.5,1.4955,-0,0
0.1605,1.5,1.5101,-0,0
0.1705,1.5,1.5101,-0,0
0.1805,1.5,1.50308,-0,0
0.1905,1.5,1.50308,-0,0
0.2005,1.5,1.49011,-0,0
0.2105,1.5,1.49011,-0,0
0.2205,1.5,1.49586,-0,0
0.2305,1.5,1.49586,-0,0
0.2405,1.5,1.50122,-0,0
0.2505,1.5,1.50122,-0,0
0.2605,1.5,1.50582,-0,0
0.2705,1.5,1.50582,-0,0
0.2805,1.5,1.50229,-0,0
0.2905,1.5,1.50229,-0,0
0.3005,1.5,1.48669,-0,0
0.3105,1.5,1.48669,-0,0
0.3205,1.5,1.49974,-0,0
0.3305,1.5,1.49974,-0,0
0.3405,1.5,1.50192,-0,0
0.3505,1.5,1.50192,-0,0
0.3605,1.5,1.48909,-0,0
0.3705,1.5,1.48909,-0,0
0.3805,1.5,1.49353,-0,0
0.3905,1.5,1.49353,-0,0
0.4005,1.5,1.5042,-0,0
0.4105,1.5,1.5042,-0,0
0.4205,1.5,1.50143,-0,0
0.4305,1.5,1.50143,-0,0
0.4405,1.5,1.49777,-0,0
0.4505,1.5,1.49777,-0,0
0.4605,1.5,1.49649,-0,0
0.4705,1.5,1.49649,-0,0
0.4805,1.5,1.50178,-0,0
0.4905,1.5,1.50178,-0,0
0.5005,1.5,1.49157,-0,0
0.5105,1.5,1.49157,-0,0
0.5205,1.5,1.50632,-0,0
0.5305,1.5,1.50632,-0,0
0.5405,1.5,1.5058,-0,0
0.5505,1.5,1.5058,-0,0
0.5605,1.5,1.50216,-0,0
0.5705,1.5,1.50216,-0,0
0.5805,1.5,1.50059,-0,0
0.5905,1.5,1.50059,-0,0
0.6005,1.5,1.50245,-0,0
0.6105,1.5,1.50245,-0,0
0.6205,1.5,1.50156,-0,0
0.6305,1.5,1.50156,-0,0
0.6405,1.5,1.49977,-0,0
0.6505,1.5,1.49977,-0,0
0.6605,1.5,1.50571,-0,0
0.6705,1.5,1.50571,-0,0
0.6805,1.5,1.4968,-0,0
0.6905,1.5,1.4968,-0,0
0.7005,1.5,1.49725,-0,0
0.7105,1.5,1.49725,-0,0
0.7205,1.5,1.50967,-0,0
0.7305,1.5,1.50967,-0,0
0.7405,1.5,1.49735,-0,0
0.7505,1.5,1.49735,-0,0
0.7605,1.5,1.49568,-0,0
0.7705,1.5,1.49568,-0,0
0.7805,1.5,1.50301,-0,0
0.7905,1.5,1.50301,-0,0
0.8005,1.5,1.50765,-0,0
0.8105,1.5,1.50765,-0,0
0.8205,1.5,1.50283,-0,0
0.8305,1.5,1.50283,-0,0
0.8405,1.5,1.49683,-0,0
0.8505,1.5,1.49683,-0,0
0.8605,1.5,1.50539,-0,0
0.8705,1.5,1.50539,-0,0
0.8805,1.5,1.5002,-0,0
0.8905,1.5,1.5002,-0,0
0.9005,1.5,1.49733,-0,0
0.9105,1.5,1.49733,-0,0
0.9205,1.5,1.49514,-0,0
0.9305,1.5,1.49514,-0,0
0.9405,1.5,1.49334,-0,0
0.9505,1.5,1.49334,-0,0
0.9605,1.5,1.50396,-0,0
0.9705,1.5,1.50396,-0,0
0.9805,1.5,1.49389,-0,0
0.9905,1.5,1.49389,-0,0
1.0005,1.5,1.50808,-0,0
1.0105,1.5,1.50808,-0,0
1.0205,1.5,1.487,-0,0
1.0305,1.5,1.487,-0,0
1.0405,1.5,1.49965,-0,0
1.0505,1.5,1.49965,-0,0
1.0605,1.5,1.50026,-0,0
1.0705,1.5,1.50026,-0,0
1.0805,1.5,1.49508,-0,0
1.0905,1.5,1.49508,-0,0
1.1005,1.5,1.50792,-0,0
1.1105,1.5,1.50792,-0,0
1.1205,1.5,1.50178,-0,0
1.1305,1.5,1.50178,-0,0
1.1405,1.5,1.49807,-0,0
1.1505,1.5,1.49807,-0,0
1.1605,1.5,1.48908,-0,0
1.1705,1.5,1.48908,-0,0
1.1805,1.5,1.50305,-0,0
1.1905,1.5,1.50305,-0,0
1.2005,1.5,1.50509,-0,0
1.2105,1.5,1.50509,-0,0
1.2205,1.5,1.49412,-0,0
1.2305,1.5,1.49412,-0,0
1.2405,1.5,1.50414,-0,0
1.2505,1.5,1.50414,-0,0
1.2605,1.5,1.50602,-0,0
1.2705,1.5,1.50602,-0,0
1.2805,1.5,1.49759,-0,0
1.2905,1.5,1.49759,-0,0
1.3005,1.5,1.5,-0,0
1.3105,1.5,1.5,-0,0
1.3205,1.5,1.49723,-0,0
1.3305,1.5,1.49723,-0,0
1.3405,1.5,1.50245,-0,0
1.3505,1.5,1.50245,-0,0
1.3605,1.5,1.49933,-0,0
1.3705,1.5,1.49933,-0,0
1.3805,1.5,1.49471,-0,0
1.3905,1.5,1.49471,-0,0
1.4005,1.5,1.50882,-0,0
1.4105,1.5,1.50882,-0,0
1.4205,1.49999,1.49349,-0,0
1.4305,1.49999,1.49349,-0,0
1.4405,1.49999,1.4949,-0,0
1.4505,1.49999,1.4949,-0,0
1.4605,1.49999,1.50647,-0,0
1.4705,1.49999,1.50647,-0,0
1.4805,1.49999,1.50652,-0,0
1.4905,1.49999,1.50652,-0,0
1.5005,1.49999,1.50828,-0,0
1.5105,1.49999,1.50828,-0,0
1.5205,1.49999,1.50571,-0,0
1.5305,1.49999,1.50571,-0,0
1.5405,1.49999,1.49805,-0,0
1.5505,1.49999,1.49805,-0,0
1.5605,1.49999,1.49892,-0,0
1.5705,1.49999,1.49892,-0,0
1.5805,1.49999,1.50119,-0,0
1.5905,1.49999,1.50119,-0,0
1.6005,1.49999,1.50384,-0,0
1.6105,1.49999,1.50384,-0,0
1.6205,1.49999,1.50142,-0,0
1.6305,1.49999,1.50142,-0,0
1.6405,1.49999,1.49765,-0,0
1.6505,1.49999,1.49765,-0,0
1.6605,1.49999,1.5033,-0,0
1.6705,1.49999,1.5033,-0,0
1.6805,1.49999,1.50381,-0,0
1.6905,1.49999,1.50381,-0,0
1.7005,1.49999,1.50757,-0,0
1.7105,1.49999,1.50757,-0,0
1.7205,1.49999,1.50812,-0,0
1.7305,1.49999,1.50812,-0,0
1.7405,1.49999,1.5052,-0,0
1.7505,1.49999,1.5052,-0,0
1.7605,1.49999,1.48582,-0,0
1.7705,1.49999,1.48582,-0,0
1.7805,1.49999,1.50017,-0,0
1.7905,1.49999,1.50017,-0,0
1.8005,1.49999,1.50223,-0,0
1.8105,1.49999,1.50223,-0,0
1.8205,1.49999,1.49988,-0,0
1.8305,1.49999,1.49988,-0,0
1.8405,1.49999,1.48782,-0,0
1.8505,1.49999,1.48782,-0,0
1.8605,1.49999,1.49694,-0,0
1.8705,1.49999,1.49694,-0,0
1.8805,1.49999,1.49819,-0,0
1.8905,1.49999,1.49819,-0,0
1.9005,1.49999,1.50194,-0,0
1.9105,1.49999,1.50194,-0,0
1.9205,1.49999,1.49908,-0,0
1.9305,1.49999,1.49908,-0,0
1.9405,1.49999,1.49047,-0,0
1.9505,1.49999,1.49047,-0,0
1.9605,1.49999,1.49509,-0,0
1.9705,1.49999,1.49509,-0,0
1.9805,1.49999,1.50034,-0,0
1.9905,1.49999,1.50034,-0,0
2.0005,1.49999,1.50806,-0,0
2.0105,1.49999,1.50806,-0,0
2.0205,1.49999,1.49631,-0,0
2.0305,1.49999,1.49631,-0,0
2.0405,1.49999,1.50207,-0,0
2.0505,1.49999,1.50207,-0,0
2.0605,1.49999,1.49419,-0,0
2.0705,1.49999,1.49419,-0,0
2.0805,1.49999,1.4928,-0,0
2.0905,1.49999,1.4928,-0,0
2.1005,1.49999,1.50663,-0,0
2.1105,1.49999,1.50663,-0,0
2.1205,1.49999,1.50394,-0,0
2.1305,1.49999,1.50394,-0,0
2.1405,1.49999,1.49257,-0,0
2.1505,1.49999,1.49257,-0,0
2.1605,1.49999,1.50427,-0,0
2.1705,1.49999,1.50427,-0,0
2.1805,1.49999,1.49508,-0,0
2.1905,1.49999,1.49508,-0,0
2.2005,1.49999,1.49361,-0,0
2.2105,1.49999,1.49361,-0,0
2.2205,1.49999,1.49273,-0,0
2.2305,1.49999,1.49273,-0,0
2.2405,1.49999,1.49564,-0,0
2.2505,1.49999,1.49564,-0,0
2.2605,1.49999,1.48929,-0,0
2.2705,1.49999,1.48929,-0,0
2.2805,1.49999,1.49728,-0,0
2.2905,1.49999,1.49728,-0,0
2.3005,1.49999,1.49651,-0,0
2.3105,1.49999,1.49651,-0,0
2.3205,1.49999,1.5035,-0,0
2.3305,1.49999,1.5035,-0,0
2.3405,1.49999,1.50234,-0,0
2.3505,1.49999,1.50234,-0,0
2.3605,1.49999,1.49664,-0,0
2.3705,1.49999,1.49664,-0,0
2.3805,1.49999,1.50824,-0,0
2.3905,1.49999,1.50824,-0,0
2.4005,1.49999,1.5098,-0,0
2.4105,1.49999,1.5098,-0,0
2.4205,1.49999,1.50358,-0,0
2.4305,1.49999,1.50358,-0,0
2.4405,1.49999,1.50242,-0,0
2.4505,1.49999,1.50242,-0,0
2.4605,1.49999,1.49384,-0,0
2.4705,1.49999,1.49384,-0,0
2.4805,1.49999,1.50006,-0,0
2.4905,1.49999,1.50006,-0,0
2.5005,1.49999,1.50144,-0,0
2.5105,1.49999,1.50144,-0,0
2.5205,1.49999,1.50046,-0,0
2.5305,1.49999,1.50046,-0,0
2.5405,1.49999,1.50942,-0,0
2.5505,1.49999,1.50942,-0,0
2.5605,1.49999,1.49123,-0,0
2.5705,1.49999,1.49123,-0,0
2.5805,1.49999,1.49203,-0,0
2.5905,1.49998,1.49203,-0,0
2.6005,1.49998,1.49595,-0,0
2.6105,1.49998,1.49595,-0,0
2.6205,1.49998,1.49982,-0,0
2.6305,1.49998,1.49982,-0,0
2.6405,1.49998,1.49225,-0,0
2.6505,1.49998,1.49225,-0,0
2.6605,1.49998,1.49382,-0,0
2.6705,1.49998,1.49382,-0,0
2.6805,1.49998,1.49461,-0,0
2.6905,1.49998,1.49461,-0,0
2.7005,1.49998,1.49042,-0,0
2.7105,1.49998,1.49042,-0,0
2.7205,1.49998,1.49406,-0,0
2.7305,1.49998,1.49406,-0,0
2.7405,1.49998,1.50204,-0,0
2.7505,1.49998,1.50204,-0,0
2.7605,1.49998,1.50098,-0,0
2.7705,1.49998,1.50098,-0,0
2.7805,1.49998,1.49482,-0,0
2.7905,1.49998,1.49482,-0,0
2.8005,1.49998,1.50295,-0,0
2.8105,1.49998,1.50295,-0,0
2.8205,1.49998,1.49611,-0,0
2.8305,1.49998,1.49611,-0,0
2.8405,1.49998,1.49508,-0,0
2.8505,1.49998,1.49508,-0,0
2.8605,1.49998,1.49523,-0,0
2.8705,1.49998,1.49523,-0,0
2.8805,1.49998,1.49264,-0,0
2.8905,1.49998,1.49264,-0,0
2.9005,1.49998,1.50326,-0,0
2.9105,1.49998,1.50326,-0,0
2.9205,1.49998,1.50213,-0,0
2.9305,1.49998,1.50213,-0,0
2.9405,1.49998,1.49202,-0,0
2.9505,1.49998,1.49202,-0,0
2.9605,1.49998,1.5011,-0,0
2.9705,1.49998,1.5011,-0,0
2.9805,1.49998,1.49086,-0,0
2.9905,1.49998,1.49086,-0,0
3.0005,1.49998,1.48771,-0,0
3.0105,1.49998,1.48771,-0,0
3.0205,1.49998,1.51024,-0,0
3.0305,1.49998,1.51024,-0,0
3.0405,1.49998,1.50097,-0,0
3.0505,1.49998,1.50097,-0,0
3.0605,1.49998,1.49634,-0,0
3.0705,1.49998,1.49634,-0,0
3.0805,1.49998,1.48699,-0,0
3.0905,1.49998,1.48699,-0,0
3.1005,1.49998,1.50383,-0,0
3.1105,1.49998,1.50383,-0,0
3.1205,1.49998,1.49856,-0,0
3.1305,1.49998,1.49856,-0,0
3.1405,1.49998,1.50301,-0,0
3.1505,1.49998,1.50301,-0,0
3.1605,1.49998,1.50205,-0,0
3.1705,1.49998,1.50205,-0,0
3.1805,1.49998,1.49665,-0,0
3.1905,1.49998,1.49665,-0,0
3.2005,1.49998,1.49347,-0,0
3.2105,1.49998,1.49347,-0,0
3.2205,1.49998,1.50835,-0,0
3.2305,1.49998,1.50835,-0,0
3.2405,1.49998,1.49313,-0,0
3.2505,1.49998,1.49313,-0,0
3.2605,1.49998,1.50405,-0,0
3.2705,1.49998,1.50405,-0,0
3.2805,1.49998,1.50182,-0,0
3.2905,1.49998,1.50182,-0,0
3.3005,1.49998,1.48816,-0,0
3.3105,1.49998,1.48816,-0,0
3.3205,1.49998,1.50065,-0,0
3.3305,1.49998,1.50065,-0,0
3.3405,1.49998,1.5029,-0,0
3.3505,1.49998,1.5029,-0,0
3.3605,1.49998,1.5085,-0,0
3.3705,1.49998,1.5085,-0,0
3.3805,1.49998,1.50307,-0,0
3.3905,1.49998,1.50307,-0,0
3.4005,1.49998,1.50722,-0,0
3.4105,1.49998,1.50722,-0,0
3.4205,1.49998,1.50236,-0,0
3.4305,1.49998,1.50236,-0,0
3.4405,1.49998,1.49711,-0,0
3.4505,1.49998,1.49711,-0,0
3.4605,1.49997,1.49723,-0,0
3.4705,1.49997,1.49723,-0,0
3.4805,1.49997,1.50165,-0,0
3.4905,1.49997,1.50165,-0,0
3.5005,1.49997,1.49602,-0,0
3.5105,1.49997,1.49602,-0,0
3.5205,1.49997,1.49348,-0,0
3.5305,1.49997,1.49348,-0,0
3.5405,1.49997,1.50518,-0,0
3.5505,1.49997,1.50518,-0,0
3.5605,1.49997,1.50432,-0,0
3.5705,1.49997,1.50432,-0,0
3.5805,1.49997,1.49894,-0,0
3.5905,1.49997,1.49894,-0,0
3.6005,1.49997,1.5094,-0,0
3.6105,1.49997,1.5094,-0,0
3.6205,1.49997,1.49357,-0,0
3.6305,1.49997,1.49357,-0,0
3.6405,1.49997,1.49123,-0,0
3.6505,1.49997,1.49123,-0,0
3.6605,1.49997,1.49416,-0,0
3.6705,1.49997,1.49416,-0,0
3.6805,1.49997,1.49248,-0,0
3.6905,1.49997,1.49248,-0,0
3.7005,1.49997,1.49927,-0,0
3.7105,1.49997,1.49927,-0,0
3.7205,1.49997,1.50285,-0,0
3.7305,1.49997,1.50285,-0,0
3.7405,1.49997,1.4981,-0,0
3.7505,1.49997,1.4981,-0,0
3.7605,1.49997,1.49834,-0,0
3.7705,1.49997,1.49834,-0,0
3.7805,1.49997,1.49755,-0,0
3.7905,1.49997,1.49755,-0,0
3.8005,1.49997,1.49737,-0,0
3.8105,1.49997,1.49737,-0,0
3.8205,1.49997,1.49716,-0,0
3.8305,1.49997,1.49716,-0,0
3.8405,1.49997,1.49781,-0,0
3.8505,1.49997,1.49781,-0,0
3.8605,1.49997,1.49918,-0,0
3.8705,1.49997,1.49918,-0,0
3.8805,1.49997,1.49572,-0,0
3.8905,1.49997,1.49572,0,0
3.9005,1.49997,1.48955,-0,0
3.9105,1.49997,1.48955,-0,0
3.9205,1.49997,1.50121,-0,0
3.9305,1.49997,1.50121,-0,0
3.9405,1.49997,1.49731,-0,0
3.9505,1.49997,1.49731,-0,0
3.9605,1.49997,1.49924,-0,0
3.9705,1.49997,1.49924,-0,0
3.9805,1.49997,1.49324,-0,0
3.9905,1.49997,1.49324,-0,0
4.0005,1.49997,1.49445,-0,0
4.0105,1.49997,1.49445,-0,0
4.0205,1.49997,1.4966,-0,0
4.0305,1.49996,1.4966,-0,0
4.0405,1.49996,1.50278,-0,0
4.0505,1.49996,1.50278,-0,0
4.0605,1.49996,1.5015,-0,0
4.0705,1.49996,1.5015,-0,0
4.0805,1.49996,1.50439,-0,0
4.0905,1.49996,1.50439,-0,0
4.1005,1.49996,1.50473,-0,0
4.1105,1.49996,1.50473,-0,0
4.1205,1.49996,1.50513,-0,0
4.1305,1.49996,1.50513,-0,0
4.1405,1.49996,1.49355,-0,0
4.1505,1.49996,1.49355,-0,0
4.1605,1.49996,1.4975,-0,0
4.1705,1.49996,1.4975,-0,0
4.1805,1.49996,1.49351,-0,0
4.1905,1.49996,1.49351,-0,0
4.2005,1.49996,1.50625,-0,0
4.2105,1.49996,1.50625,-0,0
4.2205,1.49996,1.509,-0,0
4.2305,1.49996,1.509,-0,0
4.2405,1.49996,1.49739,-0,0
4.2505,1.49996,1.49739,-0,0
4.2605,1.49996,1.50067,-0,0
4.2705,1.49996,1.50067,-0,0
4.2805,1.49996,1.50209,-0,0
4.2905,1.49996,1.50209,-0,0
4.3005,1.49996,1.50289,-0,0
4.3105,1.49996,1.50289,-0,0
4.3205,1.49996,1.50102,-0,0
4.3305,1.49996,1.50102,-0,0
4.3405,1.49996,1.50772,-0,0
4.3505,1.49996,1.50772,-0,0
4.3605,1.49996,1.4936,-0,0
4.3705,1.49996,1.4936,-0,0
4.3805,1.49996,1.49797,-0,0
4.3905,1.49996,1.49797,-0,0
4.4005,1.49996,1.48718,-0,0
4.4105,1.49996,1.48718,-0,0
4.4205,1.49996,1.50438,-0,0
4.4305,1.49996,1.50438,-0,0
4.4405,1.49996,1.50076,-0,0
4.4505,1.49996,1.50076,-0,0
4.4605,1.49996,1.49205,-0,0
4.4705,1.49996,1.49205,-0,0
4.4805,1.49996,1.5091,-0,0
4.4905,1.49996,1.5091,-0,0
4.5005,1.49996,1.49998,-0,0
4.5105,1.49996,1.49998,-0,0
4.5205,1.49996,1.50722,-0,0
4.5305,1.49996,1.50722,-0,0
4.5405,1.49996,1.50064,-0,0
4.5505,1.49996,1.50064,-0,0
4.5605,1.49996,1.49954,-0,0
4.5705,1.49995,1.49954,-0,0
4.5805,1.49995,1.49261,-0,0
4.5905,1.49995,1.49261,-0,0
4.6005,1.49995,1.50242,-0,0
4.6105,1.49995,1.50242,-0,0
4.6205,1.49995,1.49824,-0,0
4.6305,1.49995,1.49824,-0,0
4.6405,1.49995,1.49431,-0,0
4.6505,1.49995,1.49431,-0,0
4.6605,1.49995,1.49831,-0,0
4.6705,1.49995,1.49831,-0,0
4.6805,1.49995,1.49169,-0,0
4.6905,1.49995,1.49169,-0,0
4.7005,1.49995,1.49779,-0,0
4.7105,1.49995,1.49779,-0,0
4.7205,1.49995,1.5061,-0,0
4.7305,1.49995,1.5061,-0,0
4.7405,1.49995,1.49399,-0,0
4.7505,1.49995,1.49399,-0,0
4.7605,1.49995,1.49872,-0,0
4.7705,1.49995,1.49872,-0,0
4.7805,1.49995,1.5057,-0,0
4.7905,1.49995,1.5057,-0,0
4.8005,1.49995,1.49939,-0,0
4.8105,1.49995,1.49939,-0,0
4.8205,1.49995,1.50148,-0,0
4.8305,1.49995,1.50148,-0,0
4.8405,1.49995,1.50129,-0,0
4.8505,1.49995,1.50129,-0,0
4.8605,1.49995,1.4936,-0,0
4.8705,1.49995,1.4936,-0,0
4.8805,1.49995,1.49608,-0,0
4.8905,1.49995,1.49608,-0,0
4.9005,1.49995,1.50062,-0,0
4.9105,1.49995,1.50062,-0,0
4.9205,1.49995,1.49594,-0,0
4.9305,1.49995,1.49594,-0,0
4.9405,1.49995,1.50156,-0,0
4.9505,1.49995,1.50156,-0,0
4.9605,1.49995,1.50096,-0,0
4.9705,1.49995,1.50096,-0,0
4.9805,1.49995,1.49887,-0,0
4.9905,1.49995,1.49887,-0,0
5.0005,1.49995,1.50012,-0,0
5.0105,1.49995,1.50012,-0,0
5.0205,1.49995,1.50217,-0,0
5.0305,1.49995,1.50217,-0,0
5.0405,1.49995,1.5136,-0,0
5.0505,1.49995,1.5136,-0,0
5.0605,1.49995,1.49814,-0,0
5.0705,1.49995,1.49814,-0,0
5.0805,1.49995,1.50783,-0,0
5.0905,1.49995,1.50783,-0,0
5.1005,1.49994,1.49826,-0,0
5.1105,1.49994,1.49826,-0,0
5.1205,1.49994,1.49621,-0,0
5.1305,1.49994,1.49621,-0,0
5.1405,1.49994,1.5071,-0,0
5.1505,1.49994,1.5071,-0,0
5.1605,1.49994,1.51028,-0,0
5.1705,1.49994,1.51028,-0,0
5.1805,1.49994,1.49531,-0,0
5.1905,1.49994,1.49531,-0,0
5.2005,1.49994,1.49369,-0,0
5.2105,1.49994,1.49369,-0,0
5.2205,1.49994,1.49504,-0,0
5.2305,1.49994,1.49504,-0,0
5.2405,1.49994,1.50318,-0,0
5.2505,1.49994,1.50318,-0,0
5.2605,1.49994,1.4917,-0,0
5.2705,1.49994,1.4917,-0,0
5.2805,1.49994,1.5061,-0,0
5.2905,1.49994,1.5061,-0,0
5.3005,1.49994,1.49848,-0,0
5.3105,1.49994,1.49848,-0,0
5.3205,1.49994,1.50415,-0,0
5.3305,1.49994,1.50415,-0,0
5.3405,1.49994,1.49373,-0,0
5.3505,1.49994,1.49373,-0,0
5.3605,1.49994,1.50217,-0,0
5.3705,1.49994,1.50217,-0,0
5.3805,1.49994,1.49972,-0,0
5.3905,1.49994,1.49972,-0,0
5.4005,1.49994,1.49481,-0,0
5.4105,1.49994,1.49481,-0,0
5.4205,1.49994,1.49869,-0,0
5.4305,1.49994,1.49869,-0,0
5.4405,1.49994,1.49744,-0,0
5.4505,1.49994,1.49744,-0,0
5.4605,1.49994,1.50006,-0,0
5.4705,1.49994,1.50006,-0,0
5.4805,1.49994,1.49749,-0,0
5.4905,1.49994,1.49749,-0,0
5.5005,1.49994,1.49743,-0,0
5.5105,1.49994,1.49743,-0,0
5.5205,1.49994,1.48979,-0,0
5.5305,1.49994,1.48979,-0,0
5.5405,1.49993,1.50338,-0,0
5.5505,1.49993,1.50338,-0,0
5.5605,1.49993,1.50273,-0,0
5.5705,1.49993,1.50273,-0,0
5.5805,1.49993,1.50409,-0,0
5.5905,1.49993,1.50409,-0,0
5.6005,1.49993,1.49983,-0,0
5.6105,1.49993,1.49983,-0,0
5.6205,1.49993,1.50287,-0,0
5.6305,1.49993,1.50287,-0,0
5.6405,1.49993,1.49779,-0,0
5.6505,1.49993,1.49779,-0,0
5.6605,1.49993,1.50016,-0,0
5.6705,1.49993,1.50016,-0,0
5.6805,1.49993,1.51163,-0,0
5.6905,1.49993,1.51163,-0,0
5.7005,1.49993,1.49888,-0,0
5.7105,1.49993,1.49888,-0,0
5.7205,1.49993,1.49381,-0,0
5.7305,1.49993,1.49381,-0,0
5.7405,1.49993,1.50599,-0,0
5.7505,1.49993,1.50599,-0,0
5.7605,1.49993,1.50497,-0,0
5.7705,1.49993,1.50497,-0,0
5.7805,1.49993,1.4974,-0,0
5.7905,1.49993,1.4974,-0,0
5.8005,1.49993,1.51051,-0,0
5.8105,1.49993,1.51051,-0,0
5.8205,1.49993,1.50354,-0,0
5.8305,1.49993,1.50354,-0,0
5.8405,1.49993,1.49522,-0,0
5.8505,1.49993,1.49522,-0,0
5.8605,1.49993,1.49323,-0,0
5.8705,1.49993,1.49323,-0,0
5.8805,1.49993,1.50279,-0,0
5.8905,1.49993,1.50279,-0,0
5.9005,1.49993,1.49081,-0,0
5.9105,1.49992,1.49081,-0,0
5.9205,1.49992,1.49943,-0,0
5.9305,1.49992,1.49943,-0,0
5.9405,1.49992,1.50146,-0,0
5.9505,1.49992,1.50146,-0,0
5.9605,1.49992,1.49739,-0,0
5.9705,1.49992,1.49739,-0,0
5.9805,1.49992,1.49632,-0,0
5.9905,1.49992,1.49632,-0,0
6.0005,1.49992,1.50265,-0,0
6.0105,1.49992,1.50265,-0,0
6.0205,1.49992,1.50423,-0,0
6.0305,1.49992,1.50423,-0,0
6.0405,1.49992,1.4902,-0,0
6.0505,1.49992,1.4902,-0,0
6.0605,1.49992,1.49691,-0,0
6.0705,1.49992,1.49691,-0,0
6.0805,1.49992,1.50257,-0,0
6.0905,1.49992,1.50257,-0,0
6.1005,1.49992,1.50843,-0,0
6.1105,1.49992,1.50843,-0,0
6.1205,1.49992,1.50287,-0,0
6.1305,1.49992,1.50287,-0,0
6.1405,1.49992,1.50005,-0,0
6.1505,1.49992,1.50005,-0,0
6.1605,1.49992,1.5062,-0,0
6.1705,1.49992,1.5062,-0,0
6.1805,1.49992,1.50905,-0,0
6.1905,1.49992,1.50905,-0,0
6.2005,1.49992,1.49384,-0,0
6.2105,1.49992,1.49384,-0,0
6.2205,1.49992,1.50525,-0,0
6.2305,1.49992,1.50525,-0,0
6.2405,1.49992,1.50537,-0,0
6.2505,1.49992,1.50537,-0,0
6.2605,1.49992,1.49211,-0,0
6.2705,1.49992,1.49211,-0,0
6.2805,1.49992,1.50473,-0,0
6.2905,1.49992,1.50473,-0,0
6.3005,1.49992,1.50038,-0,0
6.3105,1.49992,1.50038,-0,0
6.3205,1.49992,1.49773,-0,0
6.3305,1.49991,1.49773,-0,0
6.3405,1.49991,1.5019,-0,0
6.3505,1.49991,1.5019,-0,0
6.3605,1.49991,1.49849,-0,0
6.3705,1.49991,1.49849,-0,0
6.3805,1.49991,1.49874,-0,0
6.3905,1.49991,1.49874,-0,0
6.4005,1.49991,1.50532,-0,0
6.4105,1.49991,1.50532,-0,0
6.4205,1.49991,1.49826,-0,0
6.4305,1.49991,1.49826,-0,0
6.4405,1.49991,1.50718,-0,0
6.4505,1.49991,1.50718,-0,0
6.4605,1.49991,1.50358,-0,0
6.4705,1.49991,1.50358,-0,0
6.4805,1.49991,1.49628,-0,0
6.4905,1.49991,1.49628,-0,0
6.5005,1.49991,1.49372,-0,0
6.5105,1.49991,1.49372,-0,0
6.5205,1.49991,1.50316,-0,0
6.5305,1.49991,1.50316,-0,0
6.5405,1.49991,1.50133,-0,0
6.5505,1.49991,1.50133,-0,0
6.5605,1.49991,1.51114,-0,0
6.5705,1.49991,1.51114,-0,0
6.5805,1.49991,1.50924,-0,0
6.5905,1.49991,1.50924,-0,0
6.6005,1.49991,1.5052,-0,0
6.6105,1.49991,1.5052,-0,0
6.6205,1.49991,1.49576,-0,0
6.6305,1.49991,1.49576,-0,0
6.6405,1.49991,1.50913,-0,0
6.6505,1.49991,1.50913,-0,0
6.6605,1.49991,1.49602,-0,0
6.6705,1.49991,1.49602,-0,0
6.6805,1.49991,1.50423,-0,0
6.6905,1.4999,1.50423,-0,0
6.7005,1.4999,1.50065,-0,0
6.7105,1.4999,1.50065,-0,0
6.7205,1.4999,1.49461,-0,0
6.7305,1.4999,1.49461,-0,0
6.7405,1.4999,1.49612,-0,0
6.7505,1.4999,1.49612,-0,0
6.7605,1.4999,1.49519,-0,0
6.7705,1.4999,1.49519,-0,0
6.7805,1.4999,1.49417,-0,0
6.7905,1.4999,1.49417,-0,0
6.8005,1.4999,1.50706,-0,0
6.8105,1.4999,1.50706,-0,0
6.8205,1.4999,1.49839,-0,0
6.8305,1.4999,1.49839,-0,0
6.8405,1.4999,1.49865,-0,0
6.8505,1.4999,1.49865,-0,0
6.8605,1.4999,1.4982,-0,0
6.8705,1.4999,1.4982,-0,0
6.8805,1.4999,1.50805,-0,0
6.8905,1.4999,1.50805,-0,0
6.9005,1.4999,1.4983,-0,0
6.9105,1.4999,1.4983,-0,0
6.9205,1.4999,1.49177,-0,0
6.9305,1.4999,1.49177,-0,0
6.9405,1.4999,1.49192,-0,0
6.9505,1.4999,1.49192,-0,0
6.9605,1.4999,1.51118,-0,0
6.9705,1.4999,1.51118,-0,0
6.9805,1.4999,1.49265,-0,0
6.9905,1.4999,1.49265,-0,0
7.0005,1.49989,1.49988,-0,0
7.0105,1.49989,1.49988,-0,0
7.0205,1.49989,1.50534,-0,0
7.0305,1.49989,1.50534,-0,0
7.0405,1.49989,1.49296,-0,0
7.0505,1.49989,1.49296,-0,0
7.0605,1.49989,1.50479,-0,0
7.0705,1.49989,1.50479,-0,0
7.0805,1.49989,1.49012,-0,0
7.0905,1.49989,1.49012,-0,0
7.1005,1.49989,1.49083,-0,0
7.1105,1.49989,1.49083,-0,0
7.1205,1.49989,1.50484,-0,0
7.1305,1.49989,1.50484,-0,0
7.1405,1.49989,1.50193,-0,0
7.1505,1.49989,1.50193,-0,0
7.1605,1.49989,1.50155,-0,0
7.1705,1.49989,1.50155,-0,-0
7.1805,1.49989,1.49608,-0,-0
7.1905,1.49989,1.49608,-0,-0
7.2005,1.49989,1.50051,-0,-0
7.2105,1.49989,1.50051,-0,-0
7.2205,1.49989,1.49956,-0,0
7.2305,1.49989,1.49956,-0,0
7.2405,1.49989,1.50069,-0,0
7.2505,1.49989,1.50069,-0,0
7.2605,1.49989,1.49584,-0,0
7.2705,1.49989,1.49584,-0,0
7.2805,1.49989,1.50138,-0,0
7.2905,1.49989,1.50138,-0,0
7.3005,1.49989,1.49667,-0,0
7.3105,1.49989,1.49667,-0,0
7.3205,1.49989,1.48689,-0,0
7.3305,1.49988,1.48689,-0,0
7.3405,1.49988,1.50237,-0,0
7.3505,1.49988,1.50237,-0,0
7.3605,1.49988,1.5008,-0,0
7.3705,1.49988,1.5008,-0,0
7.3805,1.49988,1.50779,-0,0
7.3905,1.49988,1.50779,-0,0
7.4005,1.49988,1.50022,-0,0
7.4105,1.49988,1.50022,-0,0
7.4205,1.49988,1.50255,-0,0
7.4305,1.49988,1.50255,-0,0
7.4405,1.49988,1.49762,-0,0
7.4505,1.49988,1.49762,-0,0
7.4605,1.49988,1.50369,-0,0
7.4705,1.49988,1.50369,-0,0
7.4805,1.49988,1.50095,-0,0
7.4905,1.49988,1.50095,-0,0
7.5005,1.49988,1.49148,-0,0
7.5105,1.49988,1.49148,-0,0
7.5205,1.49988,1.50063,-0,0
7.5305,1.49988,1.50063,-0,0
7.5405,1.49988,1.50051,-0,0
7.5505,1.49988,1.50051,-0,0
7.5605,1.49988,1.49758,-0,0
7.5705,1.49988,1.49758,-0,0
7.5805,1.49988,1.49333,-0,0
7.5905,1.49988,1.49333,-0,0
7.6005,1.49988,1.4947,-0,0
7.6105,1.49988,1.4947,-0,0
7.6205,1.49988,1.49565,-0,0
7.6305,1.49988,1.49565,-0,0
7.6405,1.49988,1.5037,-0,0
7.6505,1.49988,1.5037,-0,0
7.6605,1.49988,1.50206,-0,0
7.6705,1.49988,1.50206,-0,0
7.6805,1.49987,1.50186,-0,0
7.6905,1.49987,1.50186,-0,0
7.7005,1.49987,1.487,-0,0
7.7105,1.49987,1.487,-0,0
7.7205,1.49987,1.49677,-0,0
7.7305,1.49987,1.49677,-0,0
7.7405,1.49987,1.50661,-0,0
7.7505,1.49987,1.50661,-0,0
7.7605,1.49987,1.50391,-0,0
7.7705,1.49987,1.50391,-0,0
7.7805,1.49987,1.50421,-0,0
7.7905,1.49987,1.50421,-0,0
7.8005,1.49987,1.50932,-0,0
7.8105,1.49987,1.50932,-0,0
7.8205,1.49987,1.4951,-0,0
7.8305,1.49987,1.4951,-0,0
7.8405,1.49987,1.48754,-0,0
7.8505,1.49987,1.48754,-0,0
7.8605,1.49987,1.49934,-0,0
7.8705,1.49987,1.49934,-0,0
7.8805,1.49987,1.50074,-0,0
7.8905,1.49987,1.50074,-0,0
7.9005,1.49987,1.49593,-0,0
7.9105,1.49987,1.49593,-0,0
7.9205,1.49987,1.51035,-0,0
7.9305,1.49987,1.51035,-0,0
7.9405,1.49987,1.50449,-0,0
7.9505,1.49987,1.50449,-0,0
7.9605,1.49987,1.5013,-0,0
7.9705,1.49987,1.5013,-0,0
7.9805,1.49986,1.49487,-0,0
7.9905,1.49986,1.49487,-0,0
8.0005,1.49986,1.49772,-0,0
8.0105,1.49986,1.49772,-0,0
8.0205,1.49986,1.4949,-0,0
8.0305,1.49986,1.4949,-0,0
8.0405,1.49986,1.50239,-0,0
8.0505,1.49986,1.50239,-0,0
8.0605,1.49986,1.49439,-0,0
8.0705,1.49986,1.49439,-0,0
8.0805,1.49986,1.50682,-0,0
8.0905,1.49986,1.50682,-0,0
8.1005,1.49986,1.4953,-0,0
8.1105,1.49986,1.4953,-0,0
8.1205,1.49986,1.50225,-0,0
8.1305,1.49986,1.50225,-0,0
8.1405,1.49986,1.5045,-0,0
8.1505,1.49986,1.5045,-0,0
8.1605,1.49986,1.50196,-0,0
8.1705,1.49986,1.50196,-0,0
8.1805,1.49986,1.50042,-0,0
8.1905,1.49986,1.50042,-0,0
8.2005,1.49986,1.50403,-0,0
8.2105,1.49986,1.50403,-0,0
8.2205,1.49986,1.4973,-0,0
8.2305,1.49986,1.4973,-0,0
8.2405,1.49985,1.49849,-0,0
8.2505,1.49985,1.49849,-0,0
8.2605,1.49985,1.5007,-0,0
8.2705,1.49985,1.5007,-0,0
8.2805,1.49985,1.50109,-0,0
8.2905,1.49985,1.50109,-0,0
8.3005,1.49985,1.49985,-0,0
8.3105,1.49985,1.49985,-0,0
8.3205,1.49985,1.50312,-0,0
8.3305,1.49985,1.50312,-0,0
8.3405,1.49985,1.49947,-0,0
8.3505,1.49985,1.49947,-0,0
8.3605,1.49985,1.49945,-0,0
8.3705,1.49985,1.49945,-0,0
8.3805,1.49985,1.49608,-0,0
8.3905,1.49985,1.49608,-0,0
8.4005,1.49985,1.50359,-0,0
8.4105,1.49985,1.50359,-0,0
8.4205,1.49985,1.50384,-0,0
8.4305,1.49985,1.50384,-0,0
8.4405,1.49985,1.49873,-0,0
8.4505,1.49985,1.49873,-0,0
8.4605,1.49985,1.49996,-0,0
8.4705,1.49985,1.49996,-0,0
8.4805,1.49985,1.50347,-0,0
8.4905,1.49985,1.50347,-0,0
8.5005,1.49985,1.50117,-0,0
8.5105,1.49985,1.50117,-0,0
8.5205,1.49985,1.4972,-0,0
8.5305,1.49985,1.4972,-0,0
8.5405,1.49985,1.50806,-0,0
8.5505,1.49984,1.50806,-0,0
8.5605,1.49984,1.49357,-0,0
8.5705,1.49984,1.49357,-0,0
8.5805,1.49984,1.50192,-0,0
8.5905,1.49984,1.50192,-0,0
8.6005,1.49984,1.50098,-0,0
8.6105,1.49984,1.50098,-0,0
8.6205,1.49984,1.4947,-0,0
8.6305,1.49984,1.4947,-0,0
8.6405,1.49984,1.49709,-0,0
8.6505,1.49984,1.49709,-0,0
8.6605,1.49984,1.49633,-0,0
8.6705,1.49984,1.49633,-0,0
8.6805,1.49984,1.49921,-0,0
8.6905,1.49984,1.49921,-0,0
8.7005,1.49984,1.50102,-0,0
8.7105,1.49984,1.50102,-0,0
8.7205,1.49984,1.50816,-0,0
8.7305,1.49984,1.50816,-0,0
8.7405,1.49984,1.50031,-0,0
8.7505,1.49984,1.50031,-0,0
8.7605,1.49984,1.49331,-0,0
8.7705,1.49984,1.49331,-0,0
8.7805,1.49984,1.49636,-0,0
8.7905,1.49984,1.49636,-0,0
8.8005,1.49984,1.51251,-0,0
8.8105,1.49984,1.51251,-0,0
8.8205,1.49983,1.50882,-0,0
8.8305,1.49983,1.50882,-0,0
8.8405,1.49983,1.50277,-0,0
8.8505,1.49983,1.50277,-0,0
8.8605,1.49983,1.50138,-0,0
8.8705,1.49983,1.50138,-0,0
8.8805,1.49983,1.50008,-0,0
8.8905,1.49983,1.50008,-0,0
8.9005,1.49983,1.50389,-0,0
8.9105,1.49983,1.50389,-0,0
8.9205,1.49983,1.49554,-0,0
8.9305,1.49983,1.49554,-0,0
8.9405,1.49983,1.50181,-0,0
8.9505,1.49983,1.50181,-0,0
8.9605,1.49983,1.5043,-0,0
8.9705,1.49983,1.5043,-0,0
8.9805,1.49983,1.50206,-0,0
8.9905,1.49983,1.50206,-0,0
9.0005,1.49983,1.49468,-0,0
9.0105,1.49983,1.49468,-0,0
9.0205,1.49983,1.49632,-0,0
9.0305,1.49983,1.49632,-0,0
9.0405,1.49983,1.50117,-0,0
9.0505,1.49982,1.50117,-0,0
9.0605,1.49982,1.49933,-0,0
9.0705,1.49982,1.49933,-0,0
9.0805,1.49982,1.4988,-0,0
9.0905,1.49982,1.4988,-0,0
9.1005,1.49982,1.49733,-0,0
9.1105,1.49982,1.49733,-0,0
9.1205,1.49982,1.49817,-0,0
9.1305,1.49982,1.49817,-0,0
9.1405,1.49982,1.49836,-0,0
9.1505,1.49982,1.49836,-0,0
9.1605,1.49982,1.49756,-0,0
9.1705,1.49982,1.49756,-0,0
9.1805,1.49982,1.50614,-0,0
9.1905,1.49982,1.50614,-0,0
9.2005,1.49982,1.4923,-0,0
9.2105,1.49982,1.4923,-0,0
9.2205,1.49982,1.49677,-0,0
9.2305,1.49982,1.49677,-0,0
9.2405,1.49982,1.4993,-0,0
9.2505,1.49982,1.4993,-0,0
9.2605,1.49982,1.50535,-0,0
9.2705,1.49982,1.50535,-0,0
9.2805,1.49982,1.50307,-0,0
9.2905,1.49982,1.50307,-0,-0
9.3005,1.49982,1.50177,-0,-0
9.3105,1.49981,1.50177,-0,-0
9.3205,1.49981,1.5116,-0,-0
9.3305,1.49981,1.5116,-0,-0
9.3405,1.49981,1.50516,-0,-0
9.3505,1.49981,1.50516,-0,-0
9.3605,1.49981,1.49616,-0,-0
9.3705,1.49981,1.49616,-0,-0
9.3805,1.49981,1.50035,-0,-0
9.3905,1.49981,1.50035,-0,-0
9.4005,1.49981,1.50751,-0,-0
9.4105,1.49981,1.50751,-0,-0
9.4205,1.49981,1.49619,-0,-0
9.4305,1.49981,1.49619,-0,-0
9.4405,1.49981,1.5013,-0,-0
9.4505,1.49981,1.5013,-0,-0
9.4605,1.49981,1.50327,-0,-0
9.4705,1.49981,1.50327,-0,-0
9.4805,1.49981,1.50861,-0,-0
9.4905,1.49981,1.50861,-0,-0
9.5005,1.49981,1.50363,-0,-0
9.5105,1.49981,1.50363,-0,-0
9.5205,1.49981,1.50727,-0,0
9.5305,1.49981,1.50727,-0,0
9.5405,1.49981,1.51334,-0,0
9.5505,1.49981,1.51334,-0,0
9.5605,1.49981,1.50267,-0,0
9.5705,1.49981,1.50267,-0,0
9.5805,1.49981,1.5066,-0,0
9.5905,1.4998,1.5066,-0,0
9.6005,1.4998,1.49882,-0,0
9.6105,1.4998,1.49882,-0,0
9.6205,1.4998,1.49479,-0,0
9.6305,1.4998,1.49479,-0,0
9.6405,1.4998,1.48731,-0,0
9.6505,1.4998,1.48731,-0,0
9.6605,1.4998,1.49672,-0,0
9.6705,1.4998,1.49672,-0,0
9.6805,1.4998,1.51106,-0,0
9.6905,1.4998,1.51106,-0,0
9.7005,1.4998,1.50717,-0,0
9.7105,1.4998,1.50717,-0,0
9.7205,1.4998,1.4954,-0,0
9.7305,1.4998,1.4954,-0,0
9.7405,1.4998,1.50112,-0,0
9.7505,1.4998,1.50112,-0,0
9.7605,1.4998,1.50078,-0,0
9.7705,1.4998,1.50078,-0,0
9.7805,1.4998,1.49739,-0,0
9.7905,1.4998,1.49739,-0,0
9.8005,1.4998,1.50501,-0,0
9.8105,1.49979,1.50501,-0,0
9.8205,1.49979,1.49863,-0,0
9.8305,1.49979,1.49863,-0,0
9.8405,1.49979,1.49521,-0,0
9.8505,1.49979,1.49521,-0,0
9.8605,1.49979,1.49141,-0,0
9.8705,1.49979,1.49141,-0,0
9.8805,1.49979,1.49443,-0,0
9.8905,1.49979,1.49443,-0,0
9.9005,1.49979,1.50724,-0,0
9.9105,1.49979,1.50724,-0,0
9.9205,1.49979,1.49433,-0,0
9.9305,1.49979,1.49433,-0,0
9.9405,1.49979,1.50451,-0,0
9.9505,1.49979,1.50451,-0,0
9.9605,1.49979,1.50073,-0,-0
9.9705,1.49979,1.50073,-0,-0
9.9805,1.49979,1.50103,-0,-0
9.9905,1.49979,1.50103,-0,-0
