t_s,roll_true_deg,roll_imu_deg,pitch_true_deg
0.0005,29.9993,30.0709,-0
0.0105,29.8458,30.4599,-0.00338045
0.0205,29.4265,29.2345,-0.00716197
0.0305,28.7448,28.7884,-0.00458366
0.0405,27.8064,27.5872,0.00899544
0.0505,26.6195,26.9446,0.0336899
0.0605,25.1952,25.643,0.066062
0.0705,23.5475,23.6397,0.100783
0.0805,21.6926,22.0553,0.133442
0.0905,19.649,19.8996,0.161918
0.1005,17.4367,17.8794,0.186269
0.1105,15.0774,15.8728,0.207468
0.1205,12.5946,12.8911,0.226089
0.1305,10.0124,9.88805,0.241559
0.1405,7.35655,7.72914,0.25256
0.1505,4.65276,4.89581,0.257774
0.1605,1.92732,1.78007,0.2568
0.1705,-0.794234,-0.182716,0.250096
0.1805,-3.48668,-3.37822,0.238694
0.1905,-6.12612,-5.82165,0.223625
0.2005,-8.68942,-8.19427,0.205577
0.2105,-11.1548,-10.6026,0.185123
0.2205,-13.5016,-13.1199,0.162892
0.2305,-15.7106,-15.4966,0.139974
0.2405,-17.7639,-18.0041,0.117571
0.2505,-19.6453,-19.4936,0.0971163
0.2605,-21.3402,-21.1268,0.0794692
0.2705,-22.8356,-22.6691,0.0652599
0.2805,-24.1202,-24.0625,0.0544883
0.2905,-25.1842,-25.5199,0.0470971
0.3005,-26.0197,-25.7574,0.0429718
0.3105,-26.6203,-26.8553,0.0422843
0.3205,-26.9815,-26.7897,0.0452064
0.3305,-27.1007,-27.2075,0.0517381
0.3405,-26.9771,-26.9717,0.061593
0.3505,-26.6122,-26.672,0.074198
0.3605,-26.0094,-25.975,0.0888085
0.3705,-25.1744,-24.9174,0.104565
0.3805,-24.1149,-23.9715,0.120837
0.3905,-22.841,-22.8175,0.136937
0.4005,-21.3646,-21.1122,0.152464
0.4105,-19.6999,-19.8152,0.166788
0.4205,-17.8631,-17.8983,0.179508
0.4305,-15.8721,-15.849,0.190107
0.4405,-13.7465,-14.0171,0.198129
0.4505,-11.507,-11.6735,0.203285
0.4605,-9.17563,-9.27023,0.205348
0.4705,-6.77488,-6.97559,0.204431
0.4805,-4.32784,-4.31798,0.20065
0.4905,-1.8577,-2.37313,0.194233
0.5005,0.612492,0.690815,0.185524
0.5105,3.06011,2.99233,0.174924
0.5205,5.46304,4.91856,0.162835
0.5305,7.80013,7.89129,0.149714
0.5405,10.0512,9.83786,0.136077
0.5505,12.1971,12.4721,0.122384
0.5605,14.2198,14.3356,0.109034
0.5705,16.1031,15.8599,0.0963142
0.5805,17.8315,17.9032,0.0845113
0.5905,19.3914,19.3227,0.073797
0.6005,20.7706,20.2048,0.0644578
0.6105,21.9583,21.3828,0.0564363
0.6205,22.9452,22.7938,0.0499046
0.6305,23.7239,23.8549,0.0448626
0.6405,24.2882,24.338,0.041253
0.6505,24.6338,24.6558,0.0389611
0.6605,24.7581,24.8315,0.0379871
0.6705,24.6602,24.8319,0.0381017
0.6805,24.3411,24.0799,0.0393622
0.6905,23.8038,23.6653,0.0415394
0.7005,23.053,22.6558,0.0444615
0.7105,22.0956,22.4289,0.0480712
0.7205,20.9403,21.171,0.0521392
0.7305,19.5978,19.9384,0.0564936
0.7405,18.0809,18.3405,0.0609054
0.7505,16.404,16.5471,0.0651453
0.7605,14.5832,14.3053,0.0689268
0.7705,12.6359,12.8931,0.0721354
0.7805,10.5812,11.1542,0.0744845
0.7905,8.43875,8.39882,0.0758023
0.8005,6.22931,6.53917,0.0759169
0.8105,3.97398,3.91978,0.0746564
0.8205,1.69406,2.47976,0.0719635
0.8305,-0.589115,0.208958,0.0677809
0.8405,-2.85448,-2.75896,0.0621086
0.8505,-5.08151,-4.93523,0.0550039
0.8605,-7.25021,-7.21961,0.0465242
0.8705,-9.34162,-9.15587,0.0368412
0.8805,-11.3376,-11.1512,0.0261269
0.8905,-13.2213,-13.2856,0.0144958
0.9005,-14.9768,-14.8654,0.00229183
0.9105,-16.5898,-16.5206,-0.0104278
0.9205,-18.0468,-17.8263,-0.0232048
0.9305,-19.3362,-19.2917,-0.0359817
0.9405,-20.4475,-20.3864,-0.0483576
0.9505,-21.3718,-21.0206,-0.0601033
0.9605,-22.1015,-22.3066,-0.0709895
0.9705,-22.6307,-22.0993,-0.0807298
0.9805,-22.9553,-23.1575,-0.0891522
0.9905,-23.0724,-23.0617,-0.096085
1.0005,-22.9812,-22.9781,-0.101299
1.0105,-22.6825,-23.1251,-0.104794
1.0205,-22.1789,-22.0798,-0.106456
1.0305,-21.475,-21.7139,-0.106398
1.0405,-20.5771,-20.5027,-0.104679
1.0505,-19.4937,-19.4663,-0.101414
1.0605,-18.2347,-17.9882,-0.0969445
1.0705,-16.8122,-16.3397,-0.0915587
1.0805,-15.2397,-15.6373,-0.0855426
1.0905,-13.5324,-13.7085,-0.0793547
1.1005,-11.7067,-11.4498,-0.0734532
1.1105,-9.78045,-10.268,-0.0681247
1.1205,-7.77217,-7.85703,-0.0638848
1.1305,-5.70122,-6.3415,-0.0610773
1.1405,-3.58746,-3.41088,-0.0599314
1.1505,-1.4509,-1.66736,-0.0607335
1.1605,0.688409,0.422786,-0.0635983
1.1705,2.8107,2.97789,-0.068583
1.1805,4.89667,4.59461,-0.0756304
1.1905,6.92746,7.12135,-0.0846832
1.2005,8.88514,8.8271,-0.0954548
1.2105,10.7527,10.8787,-0.107716
1.2205,12.514,11.7691,-0.121123
1.2305,14.1541,14.1762,-0.135333
1.2405,15.6593,15.7883,-0.149943
1.2505,17.0171,16.8868,-0.164496
1.2605,18.2163,17.7326,-0.178706
1.2705,19.2469,19.8215,-0.192055
1.2805,20.1005,20.0139,-0.204259
1.2905,20.7702,20.6249,-0.215031
1.3005,21.2505,21.6052,-0.224026
1.3105,21.5374,21.8012,-0.231074
1.3205,21.6285,21.7521,-0.236001
1.3305,21.5232,21.6174,-0.238809
1.3405,21.2224,21.5165,-0.239439
1.3505,20.729,21.2343,-0.238007
1.3605,20.0474,20.1135,-0.234741
1.3705,19.1839,19.0805,-0.229813
1.3805,18.1467,18.3091,-0.223568
1.3905,16.9452,17.1095,-0.216349
1.4005,15.5911,16.0209,-0.208614
1.4105,14.0972,14.5467,-0.200764
1.4205,12.4779,12.8803,-0.193316
1.4305,10.7489,10.9116,-0.186612
1.4405,8.92668,8.51513,-0.181055
1.4505,7.02905,6.97507,-0.177044
1.4605,5.07411,4.76764,-0.174752
1.4705,3.08051,3.17447,-0.174466
1.4805,1.06713,1.13915,-0.176242
1.4905,-0.947157,-1.28904,-0.180081
1.5005,-2.94374,-2.98093,-0.185925
1.5105,-4.9044,-4.39797,-0.193545
1.5205,-6.81144,-6.89732,-0.20277
1.5305,-8.64788,-8.39784,-0.213198
1.5405,-10.3976,-10.2779,-0.224599
1.5505,-12.0455,-12.1847,-0.236574
1.5605,-13.5773,-13.6585,-0.248664
1.5705,-14.9801,-14.8582,-0.260524
1.5805,-16.2421,-16.4539,-0.271811
1.5905,-17.3528,-17.397,-0.282239
1.6005,-18.3029,-18.2042,-0.291406
1.6105,-19.0845,-18.9386,-0.299084
1.6205,-19.6911,-19.8415,-0.305157
1.6305,-20.1179,-19.6002,-0.309397
1.6405,-20.3612,-20.3275,-0.311804
1.6505,-20.4191,-20.9908,-0.312377
1.6605,-20.2912,-20.4847,-0.311116
1.6705,-19.9788,-20.3975,-0.308194
1.6805,-19.4847,-19.6173,-0.303782
1.6905,-18.8137,-19.0644,-0.298053
1.7005,-17.9719,-18.0588,-0.291292
1.7105,-16.9673,-16.4782,-0.283843
1.7205,-15.8093,-16.1576,-0.276051
1.7305,-14.5089,-14.6343,-0.268202
1.7405,-13.0787,-13.1097,-0.260696
1.7505,-11.5323,-11.6899,-0.25382
1.7605,-9.88467,-9.70992,-0.247862
1.7705,-8.15164,-8.22693,-0.243106
1.7805,-6.3498,-6.17035,-0.239783
1.7905,-4.49646,-4.45079,-0.237949
1.8005,-2.60919,-2.35016,-0.23772
1.8105,-0.705769,-0.922004,-0.239095
1.8205,1.19599,1.24561,-0.242075
1.8305,3.07867,2.94793,-0.246429
1.8405,4.92503,4.79388,-0.252044
1.8505,6.71845,6.41764,-0.25869
1.8605,8.44299,8.74803,-0.266139
1.8705,10.0835,9.4581,-0.274103
1.8805,11.6257,11.9882,-0.282239
1.8905,13.0564,13.0117,-0.290318
1.9005,14.3634,14.8452,-0.29811
1.9105,15.5357,16.0594,-0.305272
1.9205,16.5634,16.7289,-0.311632
1.9305,17.4378,17.5652,-0.317018
1.9405,18.1518,18.0826,-0.321257
1.9505,18.6995,18.8486,-0.324237
1.9605,19.0761,19.4295,-0.325841
1.9705,19.2788,19.5024,-0.32607
1.9805,19.3057,18.9003,-0.324924
1.9905,19.1568,19.5876,-0.322461
2.0005,18.8336,19.1222,-0.318736
2.0105,18.339,18.6006,-0.313866
2.0205,17.6775,18.0251,-0.308022
2.0305,16.8554,16.4243,-0.301433
2.0405,15.8803,16.2163,-0.294271
2.0505,14.7613,14.8304,-0.286765
2.0605,13.5091,13.3792,-0.27926
2.0705,12.1355,12.2755,-0.271868
2.0805,10.6536,11.2556,-0.264878
2.0905,9.07771,9.0525,-0.258576
2.1005,7.42278,7.6016,-0.253133
2.1105,5.70465,5.47381,-0.248664
2.1205,3.93966,3.77642,-0.245283
2.1305,2.14447,2.10917,-0.243163
2.1405,0.335982,0.538007,-0.242304
2.1505,-1.46906,-1.25237,-0.242648
2.1605,-3.25388,-2.96483,-0.244137
2.1705,-5.00232,-5.25672,-0.246658
2.1805,-6.69851,-6.53321,-0.250096
2.1905,-8.32737,-8.20842,-0.254221
2.2005,-9.87447,-9.86656,-0.258862
2.2105,-11.3263,-11.2063,-0.263847
2.2205,-12.6703,-12.1296,-0.268889
2.2305,-13.8949,-13.8833,-0.273759
2.2405,-14.9895,-15.4681,-0.278286
2.2505,-15.9451,-15.5167,-0.282239
2.2605,-16.7534,-16.2144,-0.285448
2.2705,-17.4076,-16.9279,-0.287739
2.2805,-17.9022,-18.3495,-0.289
2.2905,-18.233,-18.0735,-0.289115
2.3005,-18.3972,-19.0289,-0.287969
2.3105,-18.3935,-18.3297,-0.285562
2.3205,-18.222,-17.8673,-0.281953
2.3305,-17.8843,-18.0948,-0.27714
2.3405,-17.3835,-17.3369,-0.271181
2.3505,-16.7243,-17.4362,-0.264248
2.3605,-15.9128,-15.8707,-0.256456
2.3705,-14.9565,-15.3995,-0.248091
2.3805,-13.8645,-13.7118,-0.239267
2.3905,-12.6472,-12.8654,-0.230272
2.4005,-11.3161,-11.0241,-0.221391
2.4105,-9.88398,-9.81293,-0.212797
2.4205,-8.36444,-8.89763,-0.204718
2.4305,-6.77213,-6.92563,-0.197441
2.4405,-5.12213,-5.13622,-0.191081
2.4505,-3.43013,-4.01219,-0.18581
2.4605,-1.71211,-1.78253,-0.181742
2.4705,0.015699,0.0901263,-0.178935
2.4805,1.73738,1.8887,-0.17733
2.4905,3.437,3.16152,-0.176929
2.5005,5.0991,4.93299,-0.177617
2.5105,6.70853,7.0636,-0.179278
2.5205,8.25105,8.39263,-0.181685
2.5305,9.71295,9.56983,-0.184722
2.5405,11.0814,11.3894,-0.188102
2.5505,12.3445,12.1785,-0.191654
2.5605,13.4915,13.793,-0.195092
2.5705,14.5123,14.4676,-0.198186
2.5805,15.3983,14.9897,-0.200707
2.5905,16.142,16.1751,-0.202541
2.6005,16.737,16.7654,-0.203457
2.6105,17.1783,17.2837,-0.203343
2.6205,17.4621,17.6661,-0.202025
2.6305,17.586,17.253,-0.199447
2.6405,17.5491,17.3988,-0.195665
2.6505,17.3517,17.4363,-0.190623
2.6605,16.9956,17.2399,-0.184378
2.6705,16.4843,16.6569,-0.177101
2.6805,15.8224,15.9937,-0.168851
2.6905,15.0161,15.0977,-0.159798
2.7005,14.0729,14.081,-0.15023
2.7105,13.0017,13.2781,-0.140317
2.7205,11.8126,11.8062,-0.130291
2.7305,10.517,9.70573,-0.120493
2.7405,9.12722,9.53024,-0.111097
2.7505,7.65649,7.68818,-0.102273
2.7605,6.11885,6.15357,-0.0943661
2.7705,4.52889,4.66502,-0.0874334
2.7805,2.90174,3.33719,-0.0816465
2.7905,1.25266,1.42294,-0.0770055
2.8005,-0.402847,-0.15934,-0.0736824
2.8105,-2.04941,-1.55638,-0.0715051
2.8205,-3.67191,-3.56764,-0.0705311
2.8305,-5.25551,-5.85792,-0.0705311
2.8405,-6.78583,-6.61806,-0.0713905
2.8505,-8.24922,-8.19347,-0.0729948
2.8605,-9.63268,-9.48738,-0.0750575
2.8705,-10.924,-10.8171,-0.0773493
2.8805,-12.1119,-12.1425,-0.0796984
2.8905,-13.1861,-13.0397,-0.0818184
2.9005,-14.1372,-14.3932,-0.0835372
2.9105,-14.9571,-14.3806,-0.0846259
2.9205,-15.6388,-15.4829,-0.0849696
2.9305,-16.1763,-16.4562,-0.0843394
2.9405,-16.5652,-16.767,-0.0827351
2.9505,-16.8021,-16.5925,-0.0799276
2.9605,-16.885,-17.5361,-0.0760315
2.9705,-16.8132,-16.8015,-0.0709322
2.9805,-16.5875,-16.1756,-0.0648015
2.9905,-16.21,-16.2878,-0.0575823
3.0005,-15.6842,-15.4397,-0.0495036
3.0105,-15.015,-15.0605,-0.0406227
3.0205,-14.2088,-14.2975,-0.0312262
3.0305,-13.273,-13.2048,-0.0214859
3.0405,-12.2165,-12.0738,-0.0115737
3.0505,-11.0495,-10.9091,-0.00177617
3.0605,-9.78285,-10.1924,0.00767763
3.0705,-8.42878,-8.4694,0.0166158
3.0805,-7.00017,-6.99484,0.0248091
3.0905,-5.51059,-5.88468,0.0321429
3.1005,-3.97426,-4.29896,0.0384455
3.1105,-2.40568,-2.42023,0.0436594
3.1205,-0.819559,-1.16935,0.0476701
3.1305,0.769253,0.462549,0.0505922
3.1405,2.34598,2.45478,0.052311
3.1505,3.89617,3.87594,0.0531132
3.1605,5.40568,4.91695,0.0529413
3.1705,6.86088,6.91073,0.0520246
3.1805,8.24876,7.92309,0.0505922
3.1905,9.55694,9.49815,0.0487014
3.2005,10.774,10.3776,0.0466961
3.2105,11.8891,11.9109,0.0446907
3.2205,12.8928,13.1643,0.0429145
3.2305,13.7762,13.6783,0.0415394
3.2405,14.5318,14.7423,0.0407373
3.2505,15.1531,15.5659,0.0406227
3.2605,15.6347,15.423,0.0413676
3.2705,15.9726,16.2249,0.0430291
3.2805,16.1637,15.7703,0.0456647
3.2905,16.2066,16.3793,0.0492744
3.3005,16.101,16.4865,0.053858
3.3105,15.8478,15.9977,0.0593584
3.3205,15.4495,15.7714,0.065661
3.3305,14.9097,15.159,0.0727656
3.3405,14.2336,14.5952,0.0804433
3.3505,13.4273,12.9496,0.088522
3.3605,12.4986,12.7704,0.0968299
3.3705,11.4561,11.1979,0.105138
3.3805,10.3096,10.3818,0.113388
3.3905,9.07021,9.0018,0.121238
3.4005,7.74954,7.78598,0.128514
3.4105,6.36023,7.32412,0.135161
3.4205,4.9154,4.7905,0.140948
3.4305,3.42875,2.85889,0.145818
3.4405,1.91437,1.62737,0.149599
3.4505,0.386345,0.863161,0.152407
3.4605,-1.14105,-0.830388,0.154183
3.4705,-2.6536,-2.515,0.154928
3.4805,-4.1375,-3.4405,0.154756
3.4905,-5.57918,-5.11737,0.153782
3.5005,-6.96556,-6.90265,0.152178
3.5105,-8.28434,-7.93965,0.150058
3.5205,-9.5237,-10.1624,0.147594
3.5305,-10.6727,-10.6568,0.144958
3.5405,-11.7212,-11.8445,0.142323
3.5505,-12.6601,-12.9505,0.139916
3.5605,-13.4811,-13.3066,0.137854
3.5705,-14.1773,-14.8128,0.136307
3.5805,-14.7424,-14.9678,0.135447
3.5905,-15.1718,-15.1313,0.135275
3.6005,-15.4616,-15.4428,0.135906
3.6105,-15.6093,-15.3025,0.137453
3.6205,-15.6138,-15.479,0.139859
3.6305,-15.475,-15.5884,0.143125
3.6405,-15.1944,-15.3792,0.14725
3.6505,-14.7745,-14.6719,0.152063
3.6605,-14.2192,-14.1326,0.157563
3.6705,-13.5337,-13.6131,0.163522
3.6805,-12.7245,-12.4736,0.169882
3.6905,-11.7993,-11.6272,0.176356
3.7005,-10.7666,-10.8683,0.182888
3.7105,-9.63635,-9.38866,0.189133
3.7205,-8.41927,-8.58583,0.195092
3.7305,-7.12696,-7.09998,0.200478
3.7405,-5.77163,-5.90112,0.205176
3.7505,-4.36622,-4.62377,0.209015
3.7605,-2.92392,-2.83173,0.211994
3.7705,-1.45835,-1.27569,0.213942
3.7805,0.0167304,0.619539,0.214916
3.7905,1.48763,1.17141,0.214859
3.8005,2.94071,3.23767,0.213828
3.8105,4.36273,4.43888,0.211994
3.8205,5.74069,5.39692,0.209359
3.8305,7.06211,7.10594,0.206093
3.8405,8.31528,8.56818,0.202311
3.8505,9.48887,9.36671,0.198243
3.8605,10.5726,10.3733,0.194004
3.8705,11.557,11.4919,0.189764
3.8805,12.4334,12.5204,0.185753
3.8905,13.194,13.1576,0.182086
3.9005,13.8324,13.8934,0.178935
3.9105,14.343,14.3598,0.176356
3.9205,14.7213,14.0675,0.174523
3.9305,14.9642,14.6338,0.173434
3.9405,15.0695,14.8842,0.173148
3.9505,15.0363,14.7731,0.173721
3.9605,14.865,15.0803,0.175096
3.9705,14.5574,14.7393,0.177273
3.9805,14.1161,14.2597,0.180081
3.9905,13.5454,13.6344,0.183518
4.0005,12.8506,12.8293,0.187357
4.0105,12.0381,12.2183,0.191482
4.0205,11.1157,11.1539,0.19578
4.0305,10.092,10.3154,0.199962
4.0405,8.97676,8.7792,0.203973
4.0505,7.78054,7.83113,0.207583
4.0605,6.51464,6.66625,0.210619
4.0705,5.19111,5.10591,0.212968
4.0805,3.82249,3.75918,0.214573
4.0905,2.42166,2.50761,0.215203
4.1005,1.00176,1.08684,0.214974
4.1105,-0.423931,-0.574333,0.213771
4.1205,-1.84212,-1.71578,0.211593
4.1305,-3.23973,-3.36418,0.208557
4.1405,-4.604,-4.3558,0.204775
4.1505,-5.92244,-5.0575,0.200249
4.1605,-7.18317,-6.69066,0.195207
4.1705,-8.37492,-8.31419,0.189706
4.1805,-9.48698,-9.74298,0.184034
4.1905,-10.5095,-10.4473,0.178247
4.2005,-11.4335,-11.1905,0.172518
4.2105,-12.2508,-12.4753,0.167074
4.2205,-12.9543,-12.2552,0.161975
4.2305,-13.5378,-13.8806,0.157449
4.2405,-13.9962,-13.5337,0.153495
4.2505,-14.3256,-14.7903,0.150287
4.2605,-14.5231,-14.6787,0.147823
4.2705,-14.587,-14.1938,0.146162
4.2805,-14.5167,-14.3268,0.145302
4.2905,-14.3132,-13.8961,0.145188
4.3005,-13.9781,-13.9272,0.14576
4.3105,-13.5148,-13.5538,0.146964
4.3205,-12.9275,-13.1322,0.148683
4.3305,-12.2217,-12.9679,0.150745
4.3405,-11.4041,-11.1792,0.153037
4.3505,-10.4824,-10.3728,0.155386
4.3605,-9.46526,-9.57286,0.157621
4.3705,-8.36243,-8.41606,0.159626
4.3805,-7.18432,-7.51709,0.161173
4.3905,-5.94209,-5.55758,0.162147
4.4005,-4.64755,-5.12345,0.162434
4.4105,-3.31296,-3.25446,0.161918
4.4205,-1.95081,-1.83558,0.1606
4.4305,-0.573875,-0.457163,0.158366
4.4405,0.804891,0.972023,0.155214
4.4505,2.17277,2.67984,0.151261
4.4605,3.51716,3.15849,0.146505
4.4705,4.82574,4.3884,0.141005
4.4805,6.08659,6.00196,0.134932
4.4905,7.28842,7.16661,0.1284
4.5005,8.42036,8.38873,0.121524
4.5105,9.47237,9.45346,0.114534
4.5205,10.4351,10.1569,0.107487
4.5305,11.3001,10.9757,0.100611
4.5405,12.0597,12.0449,0.0939651
4.5505,12.7073,13.3127,0.0877771
4.5605,13.2373,13.4303,0.0821049
4.5705,13.6449,13.8371,0.0770628
4.5805,13.9267,14.2041,0.0727656
4.5905,14.0802,14.3217,0.069156
4.6005,14.104,14.3172,0.0662912
4.6105,13.9983,14.0994,0.0641713
4.6205,13.7638,13.7416,0.0627389
4.6305,13.4029,12.8955,0.061994
4.6405,12.9188,13.085,0.0618221
4.6505,12.3162,12.2725,0.0620513
4.6605,11.6007,11.8037,0.0626243
4.6705,10.779,11.0589,0.0634264
4.6805,9.85883,9.96471,0.0642286
4.6905,8.84887,9.34867,0.0648588
4.7005,7.75877,7.81417,0.0652599
4.7105,6.5987,6.81092,0.0652599
4.7205,5.37979,4.84241,0.0647442
4.7305,4.11344,4.44312,0.0635983
4.7405,2.81168,2.89779,0.0617076
4.7505,1.48671,1.78293,0.0590147
4.7605,0.150974,0.0882355,0.0555769
4.7705,-1.18322,-0.916904,0.0513943
4.7805,-2.50337,-2.26863,0.0464096
4.7905,-3.79739,-3.78009,0.0407373
4.8005,-5.05343,-4.49285,0.0344921
4.8105,-6.26008,-5.89024,0.0277312
4.8205,-7.40645,-7.46598,0.0206265
4.8305,-8.48224,-8.64656,0.0132926
4.8405,-9.47787,-9.66396,0.00590147
4.8505,-10.3845,-10.3404,-0.00143239
4.8605,-11.1939,-11.3319,-0.00859437
4.8705,-11.8993,-12.0495,-0.0154126
4.8805,-12.4942,-11.9269,-0.0217724
4.8905,-12.9735,-12.9963,-0.0276166
4.9005,-13.333,-12.9912,-0.0327732
4.9105,-13.5695,-13.7448,-0.0372996
4.9205,-13.681,-13.3835,-0.0410811
4.9305,-13.6666,-13.7344,-0.0441178
4.9405,-13.5265,-13.1871,-0.0464096
4.9505,-13.262,-13.2036,-0.0480712
4.9605,-12.8756,-12.717,-0.0491025
4.9705,-12.3709,-12.4833,-0.0495608
4.9805,-11.7527,-11.6568,-0.0496754
4.9905,-11.0267,-11.0699,-0.0494463
5.0005,-10.2,-10.5547,-0.0491025
5.0105,-9.28003,-9.33182,-0.0487587
5.0205,-8.27575,-8.27214,-0.0485295
5.0305,-7.19658,-7.55703,-0.0485295
5.0405,-6.05278,-6.13489,-0.0489879
5.0505,-4.85513,-5.09125,-0.0499046
5.0605,-3.61491,-3.43351,-0.0514516
5.0705,-2.34391,-2.22262,-0.0536288
5.0805,-1.05401,-1.15239,-0.0565509
5.0905,0.242762,-0.0603898,-0.0602179
5.1005,1.53438,1.05946,-0.0645723
5.1105,2.80881,2.57424,-0.0695571
5.1205,4.05442,3.93341,-0.0751721
5.1305,5.25975,5.48939,-0.08136
5.1405,6.41398,6.04671,-0.0878917
5.1505,7.50666,7.02022,-0.0947099
5.1605,8.5279,8.5907,-0.1017
5.1705,9.4687,9.3301,-0.108747
5.1805,10.3206,10.5083,-0.115623
5.1905,11.0762,11.1783,-0.122269
5.2005,11.7287,12.0036,-0.128572
5.2105,12.2725,11.8543,-0.134359
5.2205,12.7026,12.2979,-0.139573
5.2305,13.0155,13.0651,-0.144213
5.2405,13.2083,12.9891,-0.14811
5.2505,13.2793,13.442,-0.151318
5.2605,13.2282,12.849,-0.153782
5.2705,13.0552,12.7811,-0.155558
5.2805,12.7621,12.8494,-0.156647
5.2905,12.3517,12.7214,-0.157162
5.3005,11.8278,11.9426,-0.15722
5.3105,11.1953,10.922,-0.156819
5.3205,10.46,10.4543,-0.156188
5.3305,9.62907,9.81437,-0.155443
5.3405,8.71022,8.88165,-0.154641
5.3505,7.71207,8.16981,-0.153954
5.3605,6.64413,6.90334,-0.153553
5.3705,5.51644,5.78321,-0.153495
5.3805,4.3397,4.43607,-0.153954
5.3905,3.12497,2.86857,-0.154928
5.4005,1.88366,1.90468,-0.156532
5.4105,0.627389,0.116482,-0.158767
5.4205,-0.632087,-0.509417,-0.161689
5.4305,-1.88308,-1.38238,-0.165184
5.4405,-3.11408,-2.89109,-0.169309
5.4505,-4.31374,-4.31386,-0.173893
5.4605,-5.47112,-5.28725,-0.178935
5.4705,-6.57572,-6.54925,-0.184321
5.4805,-7.61759,-7.119,-0.189878
5.4905,-8.58738,-8.03401,-0.19555
5.5005,-9.47638,-9.57521,-0.201108
5.5105,-10.2766,-9.9132,-0.206551
5.5205,-10.9811,-11.168,-0.211651
5.5305,-11.5836,-11.3116,-0.216349
5.5405,-12.0787,-11.8269,-0.220531
5.5505,-12.4621,-12.2918,-0.224141
5.5605,-12.7304,-12.6794,-0.22712
5.5705,-12.8813,-13.0798,-0.229355
5.5805,-12.9134,-12.9046,-0.230902
5.5905,-12.8266,-12.5539,-0.231761
5.6005,-12.6218,-12.7684,-0.231933
5.6105,-12.3008,-12.3846,-0.231475
5.6205,-11.8666,-11.8009,-0.230444
5.6305,-11.3235,-11.3781,-0.229011
5.6405,-10.6763,-10.9224,-0.227178
5.6505,-9.93131,-9.94947,-0.225172
5.6605,-9.09542,-9.37313,-0.222995
5.6705,-8.17662,-8.04358,-0.220875
5.6805,-7.18352,-7.63031,-0.21887
5.6905,-6.12549,-6.12291,-0.217208
5.7005,-5.01264,-5.03257,-0.215833
5.7105,-3.85538,-3.79321,-0.214974
5.7205,-2.6646,-3.28832,-0.21463
5.7305,-1.45153,-1.44706,-0.214916
5.7405,-0.227522,-0.184664,-0.215776
5.7505,0.99603,0.715452,-0.217266
5.7605,2.20784,2.38998,-0.219271
5.7705,3.39672,3.49384,-0.221849
5.7805,4.55175,3.96871,-0.224886
5.7905,5.66237,5.30588,-0.228266
5.8005,6.71862,6.5995,-0.231933
5.8105,7.71087,7.33839,-0.235715
5.8205,8.63023,8.13067,-0.239554
5.8305,9.46853,9.28438,-0.243278
5.8405,10.2183,10.6033,-0.24683
5.8505,10.8729,10.9732,-0.249981
5.8605,11.4264,11.8391,-0.252789
5.8705,11.8741,11.7621,-0.255024
5.8805,12.212,12.2776,-0.256685
5.8905,12.4371,12.2907,-0.257659
5.9005,12.5475,12.1243,-0.258003
5.9105,12.5422,12.3726,-0.257716
5.9205,12.4213,12.3452,-0.256685
5.9305,12.186,12.5901,-0.255024
5.9405,11.8386,12.0683,-0.252846
5.9505,11.3822,11.1221,-0.250096
5.9605,10.8212,11.0102,-0.246945
5.9705,10.1608,10.3462,-0.243507
5.9805,9.40722,9.11639,-0.239897
5.9905,8.56755,8.64874,-0.236173
6.0005,7.64967,7.60922,-0.232506
6.0105,6.6623,7.25892,-0.229011
6.0205,5.61476,5.69698,-0.225803
6.0305,4.51686,4.69929,-0.222938
6.0405,3.37896,3.15339,-0.220589
6.0505,2.21179,1.96863,-0.218698
6.0605,1.02628,0.432354,-0.217323
6.0705,-0.166502,-0.247174,-0.216578
6.0805,-1.35545,-1.60984,-0.216349
6.0905,-2.52961,-2.90639,-0.216693
6.1005,-3.67816,-3.69168,-0.217437
6.1105,-4.7905,-4.71378,-0.218641
6.1205,-5.8566,-5.84915,-0.22013
6.1305,-6.86673,-6.73214,-0.221792
6.1405,-7.81176,-7.53468,-0.223568
6.1505,-8.68323,-8.57993,-0.225344
6.1605,-9.4734,-9.41238,-0.227006
6.1705,-10.1751,-10.5734,-0.228381
6.1805,-10.7821,-10.8204,-0.22947
6.1905,-11.2891,-11.3858,-0.230043
6.2005,-11.6915,-11.7822,-0.230157
6.2105,-11.9859,-12.0436,-0.229699
6.2205,-12.1695,-12.4014,-0.22861
6.2305,-12.2409,-12.0068,-0.226891
6.2405,-12.1994,-11.9761,-0.224542
6.2505,-12.0455,-12.1806,-0.221505
6.2605,-11.7806,-11.7146,-0.217953
6.2705,-11.4073,-11.232,-0.213885
6.2805,-10.929,-11.4177,-0.209359
6.2905,-10.3503,-10.3733,-0.204489
6.3005,-9.67646,-9.34294,-0.199332
6.3105,-8.91396,-8.6241,-0.194061
6.3205,-8.06994,-7.60017,-0.18879
6.3305,-7.1524,-7.25004,-0.183633
6.3405,-6.17001,-6.02941,-0.178648
6.3505,-5.13198,-4.42215,-0.174007
6.3605,-4.04812,-4.37006,-0.169767
6.3705,-2.92867,-3.09483,-0.165986
6.3805,-1.78408,-1.63362,-0.16272
6.3905,-0.625154,-0.547576,-0.15997
6.4005,0.537377,0.452064,-0.157793
6.4105,1.69275,1.65081,-0.156188
6.4205,2.83018,3.09414,-0.1551
6.4305,3.93926,4.04354,-0.154412
6.4405,5.00983,4.81199,-0.154126
6.4505,6.03221,5.98953,-0.154126
6.4605,6.99708,6.766,-0.154298
6.4705,7.89576,7.68697,-0.154584
6.4805,8.72013,8.86108,-0.154813
6.4905,9.46286,9.13129,-0.15487
6.5005,10.1173,10.1767,-0.154756
6.5105,10.6778,10.3756,-0.15424
6.5205,11.139,11.202,-0.153381
6.5305,11.4972,11.9897,-0.152006
6.5405,11.7491,11.433,-0.150058
6.5505,11.8924,11.7223,-0.147537
6.5605,11.926,12.1121,-0.144443
6.5705,11.8496,11.4844,-0.140776
6.5805,11.664,11.8225,-0.136536
6.5905,11.3709,11.7871,-0.13178
6.6005,10.973,10.9771,-0.126566
6.6105,10.4741,10.5229,-0.120951
6.6205,9.879,9.95073,-0.11505
6.6305,9.19305,9.62695,-0.108977
6.6405,8.42282,9.13673,-0.102846
6.6505,7.57559,7.5215,-0.0967726
6.6605,6.65926,7.06239,-0.0907565
6.6705,5.68254,5.85563,-0.0850842
6.6805,4.65459,4.61483,-0.0796984
6.6905,3.58505,3.36664,-0.0747137
6.7005,2.48412,2.23597,-0.0702446
6.7105,1.36192,1.24544,-0.0662912
6.7205,0.229126,0.342973,-0.0628535
6.7305,-0.903841,-0.630941,-0.0599887
6.7405,-2.02644,-1.8891,-0.0576396
6.7505,-3.12823,-3.25698,-0.0557488
6.7605,-4.19921,-4.24292,-0.0543164
6.7705,-5.2295,-5.18475,-0.0531705
6.7805,-6.20977,-6.43397,-0.0523683
6.7905,-7.13109,-7.06503,-0.0516808
6.8005,-7.9852,-7.98606,-0.0510505
6.8105,-8.76436,-8.73176,-0.0504203
6.8205,-9.4616,-9.56381,-0.0496181
6.8305,-10.0707,-9.61051,-0.0485868
6.8405,-10.5863,-10.3495,-0.0472117
6.8505,-11.0037,-10.8209,-0.0454356
6.8605,-11.3192,-11.1441,-0.043201
6.8705,-11.53,-11.4431,-0.0405081
6.8805,-11.6344,-11.3172,-0.0372423
6.8905,-11.6314,-11.4737,-0.0334034
6.9005,-11.5211,-11.5607,-0.029049
6.9105,-11.3045,-11.2068,-0.0242361
6.9205,-10.9838,-10.9437,-0.0189649
6.9305,-10.5619,-11.0042,-0.0132926
6.9405,-10.0427,-10.0586,-0.00733386
6.9505,-9.43129,-9.46652,-0.00114592
6.9605,-8.73325,-8.5954,0.00509932
6.9705,-7.95518,-8.29202,0.0114019
6.9805,-7.10445,-7.80351,0.0175898
6.9905,-6.18903,-6.42354,0.0235486
7.0005,-5.21758,-4.99212,0.0292208
7.0105,-4.19932,-4.38731,0.0345494
7.0205,-3.1437,-3.16869,0.0393622
7.0305,-2.06076,-1.85031,0.0436594
7.0405,-0.960564,-1.00503,0.0474409
7.0505,0.146563,0.136192,0.0507068
7.0605,1.25037,0.942115,0.0533424
7.0705,2.34059,1.93436,0.0555196
7.0805,3.40721,3.02951,0.0571812
7.0905,4.44042,4.84986,0.0584417
7.1005,5.43078,5.3312,0.0593584
7.1105,6.36934,6.40985,0.0599887
7.1205,7.24752,6.93634,0.0605043
7.1305,8.05745,8.19272,0.0609054
7.1405,8.79181,8.71853,0.0614211
7.1505,9.44406,9.50302,0.061994
7.1605,10.0084,10.3751,0.0628535
7.1705,10.4797,9.76269,0.0639994
7.1805,10.8539,11.292,0.0654891
7.1905,11.1277,10.6771,0.0674371
7.2005,11.2985,11.4994,0.0698436
7.2105,11.365,11.5594,0.0727656
7.2205,11.3265,11.4738,0.0761461
7.2305,11.1835,11.2406,0.0799849
7.2405,10.9374,11.2791,0.0842248
7.2505,10.5904,10.2902,0.088923
7.2605,10.1458,10.4377,0.0939078
7.2705,9.60787,9.54341,0.0991217
7.2805,8.98151,9.24639,0.10445
7.2905,8.27271,8.08392,0.109893
7.3005,7.4881,7.68348,0.115222
7.3105,6.63508,6.64402,0.120436
7.3205,5.72161,6.07158,0.125363
7.3305,4.75641,4.82052,0.130004
7.3405,3.74846,4.23427,0.134244
7.3505,2.70734,2.8814,0.137968
7.3605,1.64273,1.53719,0.141177
7.3705,0.564593,0.3962,0.14387
7.3805,-0.517037,-0.894788,0.14599
7.3905,-1.59202,-2.02225,0.147594
7.4005,-2.6505,-2.29538,0.148683
7.4105,-3.68269,-3.62768,0.149313
7.4205,-4.67912,-4.87089,0.149542
7.4305,-5.63074,-5.62599,0.149485
7.4405,-6.5288,-6.22759,0.149141
7.4505,-7.36526,-7.71018,0.14874
7.4605,-8.13251,-7.98732,0.148224
7.4705,-8.82366,-8.63734,0.147823
7.4805,-9.43255,-9.34643,0.147479
7.4905,-9.95371,-9.83035,0.147422
7.5005,-10.3825,-10.4065,0.147651
7.5105,-10.7149,-11.0618,0.148281
7.5205,-10.9483,-10.8497,0.149256
7.5305,-11.0804,-11.2059,0.150688
7.5405,-11.1102,-10.9927,0.152521
7.5505,-11.0374,-11.4661,0.15487
7.5605,-10.8627,-10.9279,0.157563
7.5705,-10.5878,-10.4482,0.160657
7.5805,-10.2153,-9.92128,0.164095
7.5905,-9.7487,-10.036,0.167819
7.6005,-9.19236,-9.00615,0.171658
7.6105,-8.55157,-8.70873,0.175612
7.6205,-7.83222,-7.11688,0.179508
7.6305,-7.04125,-7.20386,0.183346
7.6405,-6.186,-6.38928,0.186956
7.6505,-5.27459,-5.44751,0.190279
7.6605,-4.31558,-4.4815,0.193259
7.6705,-3.31794,-3.10245,0.19578
7.6805,-2.2912,-2.40998,0.197785
7.6905,-1.24481,-1.33287,0.199275
7.7005,-0.188675,0.0185638,0.200249
7.7105,0.867458,0.442209,0.20065
7.7205,1.91374,1.75302,0.200535
7.7305,2.94053,2.70786,0.199905
7.7405,3.9384,3.87617,0.198874
7.7505,4.89816,5.35286,0.197441
7.7605,5.81111,6.32637,0.195722
7.7705,6.66888,6.62952,0.193774
7.7805,7.46381,7.47017,0.191769
7.7905,8.18871,8.50075,0.189706
7.8005,8.83701,8.77387,0.187701
7.8105,9.40292,10.1517,0.18581
7.8205,9.8814,9.7192,0.184206
7.8305,10.2682,10.7379,0.182831
7.8405,10.5598,11.0543,0.181857
7.8505,10.7537,11.1793,0.181227
7.8605,10.8482,11.0416,0.181055
7.8705,10.8424,10.7328,0.181227
7.8805,10.7365,11.1222,0.181857
7.8905,10.5315,10.8897,0.182888
7.9005,10.2293,9.82623,0.184206
7.9105,9.83282,10.0425,0.185868
7.9205,9.34574,9.42504,0.187701
7.9305,8.77256,8.27718,0.189649
7.9405,8.11881,8.09314,0.191654
7.9505,7.39053,7.62807,0.19366
7.9605,6.59457,6.53917,0.195493
7.9705,5.73846,5.73347,0.197097
7.9805,4.83026,4.84768,0.198415
7.9905,3.87847,3.74869,0.199389
8.0005,2.89212,2.81735,0.199905
8.0105,1.88039,2.32638,0.199905
8.0205,0.852733,1.11669,0.199447
8.0305,-0.181169,0.605101,0.198473
8.0405,-1.21181,-1.26652,0.196983
8.0505,-2.22961,-2.38677,0.194978
8.0605,-3.22512,-3.59182,0.192514
8.0705,-4.18924,-4.13853,0.189706
8.0805,-5.11313,-4.5926,0.186555
8.0905,-5.98838,-6.12962,0.183175
8.1005,-6.80697,-6.60471,0.179565
8.1105,-7.56161,-7.97162,0.175955
8.1205,-8.24538,-8.32599,0.172346
8.1305,-8.8522,-8.57804,0.168793
8.1405,-9.37657,-9.17409,0.165413
8.1505,-9.81385,-10.1753,0.162319
8.1605,-10.16,-9.87636,0.159511
8.1705,-10.4121,-10.4592,0.157048
8.1805,-10.5679,-10.5143,0.154985
8.1905,-10.626,-10.564,0.153324
8.2005,-10.5858,-10.742,0.152063
8.2105,-10.4479,-10.1795,0.151204
8.2205,-10.2136,-10.6493,0.150688
8.2305,-9.88507,-10.008,0.150516
8.2405,-9.46538,-9.01371,0.150573
8.2505,-8.95848,-9.03978,0.150802
8.2605,-8.36919,-8.30388,0.151146
8.2705,-7.70302,-7.71258,0.15149
8.2805,-6.96625,-7.04274,0.151777
8.2905,-6.16577,-6.57532,0.151948
8.3005,-5.3092,-5.02467,0.151834
8.3105,-4.4045,-4.4921,0.151433
8.3205,-3.46032,-3.76823,0.150631
8.3305,-2.48538,-2.61481,0.149427
8.3405,-1.48895,-1.32978,0.147766
8.3505,-0.480253,-0.22735,0.145589
8.3605,0.531304,0.351338,0.142896
8.3705,1.53627,1.51628,0.139802
8.3805,2.52537,2.31183,0.136192
8.3905,3.48948,3.41471,0.132181
8.4005,4.4198,4.48695,0.127884
8.4105,5.30777,5.1824,0.123243
8.4205,6.14532,5.72053,0.11843
8.4305,6.92488,6.7511,0.113503
8.4405,7.63936,7.58842,0.108576
8.4505,8.28233,8.11125,0.103648
8.4605,8.84807,9.09026,0.0988925
8.4705,9.33142,9.57178,0.0943089
8.4805,9.72808,10.3856,0.0900117
8.4905,10.0345,10.0906,0.0860583
8.5005,10.248,10.615,0.0824486
8.5105,10.3667,10.586,0.0792401
8.5205,10.3895,10.6477,0.0764326
8.5305,10.3163,10.281,0.0740261
8.5405,10.1478,10.2139,0.0719635
8.5505,9.8857,9.87223,0.0703019
8.5605,9.53236,10.2468,0.0689268
8.5705,9.09112,8.93682,0.0677809
8.5805,8.56618,8.82126,0.0668069
8.5905,7.96234,7.83715,0.0659474
8.6005,7.28539,7.21468,0.065088
8.6105,6.54169,6.53974,0.0641713
8.6205,5.73817,5.13342,0.0631399
8.6305,4.8824,4.615,0.0618221
8.6405,3.98252,4.22545,0.0602179
8.6505,3.04687,3.00929,0.0582698
8.6605,2.08425,2.28031,0.055978
8.6705,1.10369,1.00216,0.0532278
8.6805,0.114362,0.269749,0.0500192
8.6905,-0.874505,-0.745361,0.0464096
8.7005,-1.8538,-1.85352,0.0423416
8.7105,-2.81448,-2.90868,0.0378725
8.7205,-3.74766,-3.63759,0.033117
8.7305,-4.6448,-4.37024,0.0280749
8.7405,-5.49764,-5.59751,0.0228037
8.7505,-6.29847,-6.86707,0.0174179
8.7605,-7.04005,-7.17229,0.0119748
8.7705,-7.71562,-7.97231,0.00653172
8.7805,-8.31906,-8.17147,0.00120321
8.7905,-8.84504,-8.88383,-0.00389611
8.8005,-9.28873,-8.87626,-0.00876625
8.8105,-9.6462,-9.64139,-0.0133499
8.8205,-9.91423,-10.0178,-0.0175898
8.8305,-10.0905,-9.61435,-0.0214286
8.8405,-10.1734,-10.107,-0.0248664
8.8505,-10.1622,-10.3168,-0.0278457
8.8605,-10.0572,-9.71078,-0.0304814
8.8705,-9.85929,-10.2564,-0.0326586
8.8805,-9.57034,-10.1905,-0.0345494
8.8905,-9.19317,-9.12464,-0.0361536
8.9005,-8.73125,-8.99916,-0.0374714
8.9105,-8.18888,-7.9636,-0.0386747
8.9205,-7.57129,-7.13109,-0.0397633
8.9305,-6.8842,-6.96127,-0.0408519
8.9405,-6.13409,-6.18972,-0.0420551
8.9505,-5.32799,-5.87242,-0.0433156
8.9605,-4.47354,-4.43074,-0.0448626
8.9705,-3.57875,-3.59789,-0.0466961
8.9805,-2.65205,-2.92753,-0.048816
8.9905,-1.70209,-1.76694,-0.051337
9.0005,-0.73774,-0.815262,-0.0542591
9.0105,0.231991,0.181628,-0.0575823
9.0205,1.19805,1.13406,-0.0613065
9.0305,2.15151,2.10058,-0.0653745
9.0405,3.08366,3.23108,-0.0697863
9.0505,3.98578,3.90391,-0.0744845
9.0605,4.84969,4.39046,-0.0793547
9.0705,5.66747,5.82291,-0.084454
9.0805,6.43174,6.87188,-0.0896106
9.0905,7.1355,7.26969,-0.0947672
9.1005,7.77246,7.56826,-0.0998092
9.1105,8.33682,7.97981,-0.104737
9.1205,8.82355,9.29876,-0.109435
9.1305,9.22829,8.93808,-0.113847
9.1405,9.54731,9.58352,-0.117972
9.1505,9.77793,9.81689,-0.121639
9.1605,9.91796,10.5408,-0.124962
9.1705,9.96626,9.77042,-0.127827
9.1805,9.92243,9.94809,-0.130291
9.1905,9.78686,9.91566,-0.132353
9.2005,9.56095,9.29074,-0.134015
9.2105,9.24679,9.64861,-0.135333
9.2205,8.84733,8.83094,-0.136307
9.2305,8.36633,8.02221,-0.137109
9.2405,7.80827,7.77114,-0.137796
9.2505,7.17842,7.46541,-0.138312
9.2605,6.48273,6.76062,-0.138885
9.2705,5.72763,5.44608,-0.139458
9.2805,4.92033,5.21529,-0.140203
9.2905,4.0684,3.88018,-0.141177
9.3005,3.17974,3.44296,-0.14238
9.3105,2.26284,2.10894,-0.14387
9.3205,1.32617,1.89821,-0.145703
9.3305,0.378496,0.326529,-0.14788
9.3405,-0.571354,-0.0540299,-0.150459
9.3505,-1.51456,-1.17674,-0.153324
9.3605,-2.44235,-2.15398,-0.156532
9.3705,-3.34625,-3.07031,-0.15997
9.3805,-4.21789,-4.27472,-0.163694
9.3905,-5.04931,-5.27648,-0.167533
9.4005,-5.83288,-5.70758,-0.171486
9.4105,-6.56157,-6.90271,-0.175497
9.4205,-7.22866,-7.03237,-0.179393
9.4305,-7.82821,-8.15319,-0.183175
9.4405,-8.35476,-8.77989,-0.186784
9.4505,-8.80355,-8.62473,-0.190107
9.4605,-9.17053,-9.24061,-0.193144
9.4705,-9.45254,-8.96685,-0.195837
9.4805,-9.64695,-10.1074,-0.198072
9.4905,-9.75203,-10.1989,-0.199962
9.5005,-9.76693,-9.96099,-0.201337
9.5105,-9.69158,-9.09439,-0.202369
9.5205,-9.52663,-9.54932,-0.202942
9.5305,-9.27372,-9.40017,-0.203171
9.5405,-8.93528,-8.87386,-0.203056
9.5505,-8.51438,-8.683,-0.202655
9.5605,-8.01505,-7.93529,-0.202025
9.5705,-7.44198,-6.71896,-0.201337
9.5805,-6.80049,-7.28504,-0.200478
9.5905,-6.09673,-6.08349,-0.199676
9.6005,-5.33722,-5.14224,-0.198988
9.6105,-4.52912,-4.70089,-0.198358
9.6205,-3.67999,-3.45648,-0.198014
9.6305,-2.79792,-2.92615,-0.1979
9.6405,-1.89105,-1.83799,-0.198072
9.6505,-0.967955,-1.20063,-0.19853
9.6605,-0.037185,0.0826205,-0.199332
9.6705,0.892554,1.13491,-0.200478
9.6805,1.81272,1.86773,-0.201968
9.6905,2.71473,2.35978,-0.203686
9.7005,3.59033,3.5124,-0.205692
9.7105,4.43143,4.3841,-0.207869
9.7205,5.23036,5.29934,-0.210161
9.7305,5.97985,6.58265,-0.21251
9.7405,6.67307,7.05735,-0.214859
9.7505,7.30378,7.40657,-0.217094
9.7605,7.86625,7.77555,-0.219214
9.7705,8.35539,8.77771,-0.221104
9.7805,8.76683,9.31457,-0.222766
9.7905,9.09685,9.41908,-0.224026
9.8005,9.34254,8.91872,-0.224943
9.8105,9.50165,9.76778,-0.225459
9.8205,9.57286,9.81311,-0.225573
9.8305,9.5555,9.10212,-0.22523
9.8405,9.44979,9.25287,-0.224542
9.8505,9.25682,9.70946,-0.223396
9.8605,8.97831,8.83203,-0.221964
9.8705,8.61694,8.59442,-0.220188
9.8805,8.17611,8.90159,-0.218182
9.8905,7.65993,7.60006,-0.215948
9.9005,7.07328,7.25416,-0.213599
9.9105,6.4216,6.52502,-0.21125
9.9205,5.71107,5.64931,-0.208843
9.9305,4.94835,5.61797,-0.206609
9.9405,4.14065,3.69403,-0.204489
9.9505,3.29542,2.70476,-0.202541
9.9605,2.42069,2.19918,-0.200879
9.9705,1.52464,1.61861,-0.199504
9.9805,0.615643,1.32909,-0.198415
9.9905,-0.297881,0.145818,-0.19767
