variant,t_s,v_fwd_cycle_mean_cm_s
s2_swim,0.3005,-0.052676
s2_swim,0.4005,-0.030468
s2_swim,0.5005,-0.182676
s2_swim,0.6005,0.174322
s2_swim,0.7005,0.307666
s2_swim,0.8005,0.380234
s2_swim,0.9005,1.17306
s2_swim,1.0005,1.49687
s2_swim,1.1005,1.87164
s2_swim,1.2005,2.69156
s2_swim,1.3005,3.19387
s2_swim,1.4005,3.79562
s2_swim,1.5005,4.52472
s2_swim,1.6005,5.12806
s2_swim,1.7005,5.84199
s2_swim,1.8005,6.56614
s2_swim,1.9005,7.2504
s2_swim,2.0005,8.02709
s2_swim,2.1005,8.78975
s2_swim,2.2005,9.55441
s2_swim,2.3005,10.3964
s2_swim,2.4005,11.1849
s2_swim,2.5005,12.0559
s2_swim,2.6005,12.92
s2_swim,2.7005,13.7721
s2_swim,2.8005,14.7017
s2_swim,2.9005,15.5596
s2_swim,3.0005,16.5001
s2_swim,3.1005,17.4085
s2_swim,3.2005,18.2982
s2_swim,3.3005,19.2416
s2_swim,3.4005,20.095
s2_swim,3.5005,21.0132
s2_swim,3.6005,21.8705
s2_swim,3.7005,22.6988
s2_swim,3.8005,23.545
s2_swim,3.9005,24.2942
s2_swim,4.0005,25.0776
s2_swim,4.1005,25.7855
s2_swim,4.2005,26.4564
s2_swim,4.3005,27.1171
s2_swim,4.4005,27.6904
s2_swim,4.5005,28.2713
s2_swim,4.6005,28.7829
s2_swim,4.7005,29.2575
s2_swim,4.8005,29.7116
s2_swim,4.9005,30.099
s2_swim,5.0005,30.4817
s2_swim,5.1005,30.8128
s2_swim,5.2005,31.1152
s2_swim,5.3005,31.3991
s2_swim,5.4005,31.6393
s2_swim,5.5005,31.8728
s2_swim,5.6005,32.073
s2_swim,5.7005,32.2548
s2_swim,5.8005,32.4238
s2_swim,5.9005,32.5664
s2_swim,6.0005,32.7043
s2_swim,6.1005,32.8222
s2_swim,6.2005,32.9293
s2_swim,6.3005,33.0285
s2_swim,6.4005,33.1124
s2_swim,6.5005,33.1933
s2_swim,6.6005,33.2625
s2_swim,6.7005,33.3256
s2_swim,6.8005,33.3837
s2_swim,6.9005,33.4332
s2_swim,7.0005,33.4808
s2_swim,7.1005,33.5215
s2_swim,7.2005,33.5585
s2_swim,7.3005,33.5927
s2_swim,7.4005,33.6217
s2_swim,7.5005,33.6494
s2_swim,7.6005,33.6732
s2_swim,7.7005,33.6947
s2_swim,7.8005,33.7145
s2_swim,7.9005,33.7312
s2_swim,8.0005,33.747
s2_swim,8.1005,33.7606
s2_swim,8.2005,33.7728
s2_swim,8.3005,33.7839
s2_swim,8.4005,33.7933
s2_swim,8.5005,33.8022
s2_swim,8.6005,33.8098
s2_swim,8.7005,33.8167
s2_swim,8.8005,33.823
s2_swim,8.9005,33.8283
s2_swim,9.0005,33.8334
s2_swim,9.1005,33.8378
s2_swim,9.2005,33.8418
s2_swim,9.3005,33.8456
s2_swim,9.4005,33.8488
s2_swim,9.5005,33.8519
s2_swim,9.6005,33.8546
s2_swim,9.7005,33.8573
s2_swim,9.8005,33.8596
s2_swim,9.9005,33.8618
s2_swim,10.0005,33.8639
s2_swim,10.1005,33.8657
s2_swim,10.2005,33.8675
s2_swim,10.3005,33.8691
s2_swim,10.4005,33.8706
s2_swim,10.5005,33.8721
s2_swim,10.6005,33.8734
s2_swim,10.7005,33.8746
s2_swim,10.8005,33.8758
s2_swim,10.9005,33.8768
s2_swim,11.0005,33.8778
s2_swim,11.1005,33.8787
s2_swim,11.2005,33.8795
s2_swim,11.3005,33.8803
s2_swim,11.4005,33.881
s2_swim,11.5005,33.8817
s2_swim,11.6005,33.8823
s2_swim,11.7005,33.8828
s2_swim,11.8005,33.8834
s2_swim,11.9005,33.8838
s2_swim,12.0005,33.8843
s2_swim,12.1005,33.8847
s2_swim,12.2005,33.8851
s2_swim,12.3005,33.8855
s2_swim,12.4005,33.8858
s2_swim,12.5005,33.8862
s2_swim,12.6005,33.8865
s2_swim,12.7005,33.8868
s2_swim,12.8005,33.8871
s2_swim,12.9005,33.8874
s2_swim,13.0005,33.8877
s2_swim,13.1005,33.888
s2_swim,13.2005,33.8883
s2_swim,13.3005,33.8885
s2_swim,13.4005,33.8888
s2_swim,13.5005,33.8891
s2_swim,13.6005,33.8893
s2_swim,13.7005,33.8895
s2_swim,13.8005,33.8898
s2_swim,13.9005,33.89
s2_swim,14.0005,33.8902
s2_swim,14.1005,33.8904
s2_swim,14.2005,33.8906
s2_swim,14.3005,33.8908
s2_swim,14.4005,33.891
s2_swim,14.5005,33.8912
s2_swim,14.6005,33.8913
s2_swim,14.7005,33.8915
s2_swim_nolift,0.3005,-0.06459
s2_swim_nolift,0.4005,-0.067624
s2_swim_nolift,0.5005,-0.328126
s2_swim_nolift,0.6005,-0.115786
s2_swim_nolift,0.7005,-0.14146
s2_swim_nolift,0.8005,-0.371886
s2_swim_nolift,0.9005,0.124538
s2_swim_nolift,1.0005,0.072756
s2_swim_nolift,1.1005,0.038994
s2_swim_nolift,1.2005,0.42682
s2_swim_nolift,1.3005,0.412658
s2_swim_nolift,1.4005,0.53346
s2_swim_nolift,1.5005,0.73962
s2_swim_nolift,1.6005,0.772138
s2_swim_nolift,1.7005,0.942302
s2_swim_nolift,1.8005,1.03276
s2_swim_nolift,1.9005,1.11296
s2_swim_nolift,2.0005,1.22823
s2_swim_nolift,2.1005,1.30249
s2_swim_nolift,2.2005,1.39051
s2_swim_nolift,2.3005,1.46778
s2_swim_nolift,2.4005,1.54014
s2_swim_nolift,2.5005,1.61068
s2_swim_nolift,2.6005,1.67777
s2_swim_nolift,2.7005,1.74027
s2_swim_nolift,2.8005,1.80019
s2_swim_nolift,2.9005,1.85852
s2_swim_nolift,3.0005,1.91083
s2_swim_nolift,3.1005,1.96447
s2_swim_nolift,3.2005,2.01195
s2_swim_nolift,3.3005,2.05871
s2_swim_nolift,3.4005,2.10423
s2_swim_nolift,3.5005,2.14404
s2_swim_nolift,3.6005,2.18581
s2_swim_nolift,3.7005,2.22239
s2_swim_nolift,3.8005,2.25827
s2_swim_nolift,3.9005,2.29357
s2_swim_nolift,4.0005,2.32432
s2_swim_nolift,4.1005,2.35649
s2_swim_nolift,4.2005,2.38489
s2_swim_nolift,4.3005,2.41267
s2_swim_nolift,4.4005,2.43982
s2_swim_nolift,4.5005,2.46361
s2_swim_nolift,4.6005,2.48848
s2_swim_nolift,4.7005,2.5101
s2_swim_nolift,4.8005,2.53146
s2_swim_nolift,4.9005,2.55226
s2_swim_nolift,5.0005,2.57025
s2_swim_nolift,5.1005,2.58926
s2_swim_nolift,5.2005,2.60574
s2_swim_nolift,5.3005,2.62192
s2_swim_nolift,5.4005,2.63781
s2_swim_nolift,5.5005,2.65158
s2_swim_nolift,5.6005,2.66607
s2_swim_nolift,5.7005,2.67869
s2_swim_nolift,5.8005,2.69111
s2_swim_nolift,5.9005,2.70323
s2_swim_nolift,6.0005,2.71377
s2_swim_nolift,6.1005,2.72488
s2_swim_nolift,6.2005,2.73447
s2_swim_nolift,6.3005,2.74394
s2_swim_nolift,6.4005,2.7532
s2_swim_nolift,6.5005,2.7612
s2_swim_nolift,6.6005,2.76968
s2_swim_nolift,6.7005,2.77703
s2_swim_nolift,6.8005,2.78425
s2_swim_nolift,6.9005,2.79134
s2_swim_nolift,7.0005,2.79751
s2_swim_nolift,7.1005,2.80401
s2_swim_nolift,7.2005,2.80966
s2_swim_nolift,7.3005,2.81523
s2_swim_nolift,7.4005,2.82066
s2_swim_nolift,7.5005,2.8254
s2_swim_nolift,7.6005,2.8304
s2_swim_nolift,7.7005,2.83472
s2_swim_nolift,7.8005,2.83899
s2_swim_nolift,7.9005,2.84316
s2_swim_nolift,8.0005,2.84678
s2_swim_nolift,8.1005,2.85062
s2_swim_nolift,8.2005,2.85395
s2_swim_nolift,8.3005,2.85722
s2_swim_nolift,8.4005,2.86042
s2_swim_nolift,8.5005,2.86323
s2_swim_nolift,8.6005,2.86618
s2_swim_nolift,8.7005,2.86873
s2_swim_nolift,8.8005,2.87124
s2_swim_nolift,8.9005,2.8737
s2_swim_nolift,9.0005,2.87584
s2_swim_nolift,9.1005,2.8781
s2_swim_nolift,9.2005,2.88005
s2_swim_nolift,9.3005,2.88198
s2_swim_nolift,9.4005,2.88386
s2_swim_nolift,9.5005,2.8855
s2_swim_nolift,9.6005,2.88723
s2_swim_nolift,9.7005,2.88873
s2_swim_nolift,9.8005,2.8902
s2_swim_nolift,9.9005,2.89164
s2_swim_nolift,10.0005,2.8929
s2_swim_nolift,10.1005,2.89423
s2_swim_nolift,10.2005,2.89538
s2_swim_nolift,10.3005,2.8965
s2_swim_nolift,10.4005,2.8976
s2_swim_nolift,10.5005,2.89857
s2_swim_nolift,10.6005,2.89958
s2_swim_nolift,10.7005,2.90046
s2_swim_nolift,10.8005,2.90131
s2_swim_nolift,10.9005,2.90216
s2_swim_nolift,11.0005,2.9029
s2_swim_nolift,11.1005,2.90367
s2_swim_nolift,11.2005,2.90434
s2_swim_nolift,11.3005,2.905
s2_swim_nolift,11.4005,2.90565
s2_swim_nolift,11.5005,2.90622
s2_swim_nolift,11.6005,2.90682
s2_swim_nolift,11.7005,2.90733
s2_swim_nolift,11.8005,2.90783
s2_swim_nolift,11.9005,2.90833
s2_swim_nolift,12.0005,2.90876
s2_swim_nolift,12.1005,2.90922
s2_swim_nolift,12.2005,2.90961
s2_swim_nolift,12.3005,2.90999
s2_swim_nolift,12.4005,2.91037
s2_swim_nolift,12.5005,2.9107
s2_swim_nolift,12.6005,2.91105
s2_swim_nolift,12.7005,2.91135
s2_swim_nolift,12.8005,2.91165
s2_swim_nolift,12.9005,2.91194
s2_swim_nolift,13.0005,2.9122
s2_swim_nolift,13.1005,2.91246
s2_swim_nolift,13.2005,2.91269
s2_swim_nolift,13.3005,2.91292
s2_swim_nolift,13.4005,2.91314
s2_swim_nolift,13.5005,2.91334
s2_swim_nolift,13.6005,2.91355
s2_swim_nolift,13.7005,2.91372
s2_swim_nolift,13.8005,2.9139
s2_swim_nolift,13.9005,2.91406
s2_swim_nolift,14.0005,2.91421
s2_swim_nolift,14.1005,2.91437
s2_swim_nolift,14.2005,2.91451
s2_swim_nolift,14.3005,2.91464
s2_swim_nolift,14.4005,2.91477
s2_swim_nolift,14.5005,2.91488
s2_swim_nolift,14.6005,2.915
s2_swim_nolift,14.7005,2.91511
s2_swim_libfriction,0.3005,-0.045726
s2_swim_libfriction,0.4005,-0.051842
s2_swim_libfriction,0.5005,-0.151462
s2_swim_libfriction,0.6005,0.083856
s2_swim_libfriction,0.7005,0.134562
s2_swim_libfriction,0.8005,0.163478
s2_swim_libfriction,0.9005,0.58807
s2_swim_libfriction,1.0005,0.617868
s2_swim_libfriction,1.1005,0.741448
s2_swim_libfriction,1.2005,0.9505
s2_swim_libfriction,1.3005,1.00552
s2_swim_libfriction,1.4005,1.12438
s2_swim_libfriction,1.5005,1.21192
s2_swim_libfriction,1.6005,1.26727
s2_swim_libfriction,1.7005,1.34631
s2_swim_libfriction,1.8005,1.3899
s2_swim_libfriction,1.9005,1.43239
s2_swim_libfriction,2.0005,1.4739
s2_swim_libfriction,2.1005,1.50248
s2_swim_libfriction,2.2005,1.53274
s2_swim_libfriction,2.3005,1.55568
s2_swim_libfriction,2.4005,1.57491
s2_swim_libfriction,2.5005,1.59328
s2_swim_libfriction,2.6005,1.60747
s2_swim_libfriction,2.7005,1.62017
s2_swim_libfriction,2.8005,1.63109
s2_swim_libfriction,2.9005,1.63974
s2_swim_libfriction,3.0005,1.64779
s2_swim_libfriction,3.1005,1.65433
s2_swim_libfriction,3.2005,1.65975
s2_swim_libfriction,3.3005,1.66466
s2_swim_libfriction,3.4005,1.6685
s2_swim_libfriction,3.5005,1.67201
s2_swim_libfriction,3.6005,1.67494
s2_swim_libfriction,3.7005,1.67729
s2_swim_libfriction,3.8005,1.67947
s2_swim_libfriction,3.9005,1.68117
s2_swim_libfriction,4.0005,1.68273
s2_swim_libfriction,4.1005,1.68405
s2_swim_libfriction,4.2005,1.6851
s2_swim_libfriction,4.3005,1.68609
s2_swim_libfriction,4.4005,1.68686
s2_swim_libfriction,4.5005,1.68758
s2_swim_libfriction,4.6005,1.68819
s2_swim_libfriction,4.7005,1.68869
s2_swim_libfriction,4.8005,1.68917
s2_swim_libfriction,4.9005,1.68955
s2_swim_libfriction,5.0005,1.68992
s2_swim_libfriction,5.1005,1.69023
s2_swim_libfriction,5.2005,1.6905
s2_swim_libfriction,5.3005,1.69075
s2_swim_libfriction,5.4005,1.69097
s2_swim_libfriction,5.5005,1.69118
s2_swim_libfriction,5.6005,1.69136
s2_swim_libfriction,5.7005,1.69152
s2_swim_libfriction,5.8005,1.69168
s2_swim_libfriction,5.9005,1.69181
s2_swim_libfriction,6.0005,1.69195
s2_swim_libfriction,6.1005,1.69207
s2_swim_libfriction,6.2005,1.69218
s2_swim_libfriction,6.3005,1.69228
s2_swim_libfriction,6.4005,1.69237
s2_swim_libfriction,6.5005,1.69246
s2_swim_libfriction,6.6005,1.69254
s2_swim_libfriction,6.7005,1.69261
s2_swim_libfriction,6.8005,1.69268
s2_swim_libfriction,6.9005,1.69275
s2_swim_libfriction,7.0005,1.69281
s2_swim_libfriction,7.1005,1.69287
s2_swim_libfriction,7.2005,1.69293
s2_swim_libfriction,7.3005,1.69298
s2_swim_libfriction,7.4005,1.69302
s2_swim_libfriction,7.5005,1.69306
s2_swim_libfriction,7.6005,1.6931
s2_swim_libfriction,7.7005,1.69313
s2_swim_libfriction,7.8005,1.69316
s2_swim_libfriction,7.9005,1.69319
s2_swim_libfriction,8.0005,1.69322
s2_swim_libfriction,8.1005,1.69324
s2_swim_libfriction,8.2005,1.69327
s2_swim_libfriction,8.3005,1.69329
s2_swim_libfriction,8.4005,1.69331
s2_swim_libfriction,8.5005,1.69332
s2_swim_libfriction,8.6005,1.69334
s2_swim_libfriction,8.7005,1.69335
s2_swim_libfriction,8.8005,1.69337
s2_swim_libfriction,8.9005,1.69338
s2_swim_libfriction,9.0005,1.69339
s2_swim_libfriction,9.1005,1.6934
s2_swim_libfriction,9.2005,1.69341
s2_swim_libfriction,9.3005,1.69341
s2_swim_libfriction,9.4005,1.69342
s2_swim_libfriction,9.5005,1.69343
s2_swim_libfriction,9.6005,1.69343
s2_swim_libfriction,9.7005,1.69344
s2_swim_libfriction,9.8005,1.69344
s2_swim_libfriction,9.9005,1.69345
s2_swim_libfriction,10.0005,1.69345
s2_swim_libfriction,10.1005,1.69345
s2_swim_libfriction,10.2005,1.69345
s2_swim_libfriction,10.3005,1.69345
s2_swim_libfriction,10.4005,1.69345
s2_swim_libfriction,10.5005,1.69346
s2_swim_libfriction,10.6005,1.69346
s2_swim_libfriction,10.7005,1.69346
s2_swim_libfriction,10.8005,1.69346
s2_swim_libfriction,10.9005,1.69347
s2_swim_libfriction,11.0005,1.69347
s2_swim_libfriction,11.1005,1.69347
s2_swim_libfriction,11.2005,1.69347
s2_swim_libfriction,11.3005,1.69347
s2_swim_libfriction,11.4005,1.69347
s2_swim_libfriction,11.5005,1.69347
s2_swim_libfriction,11.6005,1.69347
s2_swim_libfriction,11.7005,1.69347
s2_swim_libfriction,11.8005,1.69347
s2_swim_libfriction,11.9005,1.69347
s2_swim_libfriction,12.0005,1.69347
s2_swim_libfriction,12.1005,1.69347
s2_swim_libfriction,12.2005,1.69347
s2_swim_libfriction,12.3005,1.69347
s2_swim_libfriction,12.4005,1.69347
s2_swim_libfriction,12.5005,1.69347
s2_swim_libfriction,12.6005,1.69347
s2_swim_libfriction,12.7005,1.69347
s2_swim_libfriction,12.8005,1.69347
s2_swim_libfriction,12.9005,1.69347
s2_swim_libfriction,13.0005,1.69347
s2_swim_libfriction,13.1005,1.69347
s2_swim_libfriction,13.2005,1.69347
s2_swim_libfriction,13.3005,1.69347
s2_swim_libfriction,13.4005,1.69347
s2_swim_libfriction,13.5005,1.69347
s2_swim_libfriction,13.6005,1.69347
s2_swim_libfriction,13.7005,1.69347
s2_swim_libfriction,13.8005,1.69347
s2_swim_libfriction,13.9005,1.69347
s2_swim_libfriction,14.0005,1.69347
s2_swim_libfriction,14.1005,1.69347
s2_swim_libfriction,14.2005,1.69347
s2_swim_libfriction,14.3005,1.69347
s2_swim_libfriction,14.4005,1.69347
s2_swim_libfriction,14.5005,1.69347
s2_swim_libfriction,14.6005,1.69347
s2_swim_libfriction,14.7005,1.69347
s2_swim_libfriction_nolift,0.3005,-0.053414
s2_swim_libfriction_nolift,0.4005,-0.075352
s2_swim_libfriction_nolift,0.5005,-0.239504
s2_swim_libfriction_nolift,0.6005,-0.077022
s2_swim_libfriction_nolift,0.7005,-0.085618
s2_swim_libfriction_nolift,0.8005,-0.196188
s2_swim_libfriction_nolift,0.9005,0.14155
s2_swim_libfriction_nolift,1.0005,0.089366
s2_swim_libfriction_nolift,1.1005,0.105298
s2_swim_libfriction_nolift,1.2005,0.254266
s2_swim_libfriction_nolift,1.3005,0.232568
s2_swim_libfriction_nolift,1.4005,0.290042
s2_swim_libfriction_nolift,1.5005,0.328846
s2_swim_libfriction_nolift,1.6005,0.332728
s2_swim_libfriction_nolift,1.7005,0.37496
s2_swim_libfriction_nolift,1.8005,0.381328
s2_swim_libfriction_nolift,1.9005,0.392676
s2_swim_libfriction_nolift,2.0005,0.407156
s2_swim_libfriction_nolift,2.1005,0.41081
s2_swim_libfriction_nolift,2.2005,0.420952
s2_swim_libfriction_nolift,2.3005,0.424836
s2_swim_libfriction_nolift,2.4005,0.428576
s2_swim_libfriction_nolift,2.5005,0.432806
s2_swim_libfriction_nolift,2.6005,0.434854
s2_swim_libfriction_nolift,2.7005,0.43763
s2_swim_libfriction_nolift,2.8005,0.439254
s2_swim_libfriction_nolift,2.9005,0.440674
s2_swim_libfriction_nolift,3.0005,0.442026
s2_swim_libfriction_nolift,3.1005,0.442972
s2_swim_libfriction_nolift,3.2005,0.443878
s2_swim_libfriction_nolift,3.3005,0.444552
s2_swim_libfriction_nolift,3.4005,0.445138
s2_swim_libfriction_nolift,3.5005,0.445636
s2_swim_libfriction_nolift,3.6005,0.446058
s2_swim_libfriction_nolift,3.7005,0.446406
s2_swim_libfriction_nolift,3.8005,0.446698
s2_swim_libfriction_nolift,3.9005,0.44696
s2_swim_libfriction_nolift,4.0005,0.44717
s2_swim_libfriction_nolift,4.1005,0.447364
s2_swim_libfriction_nolift,4.2005,0.447516
s2_swim_libfriction_nolift,4.3005,0.447646
s2_swim_libfriction_nolift,4.4005,0.447764
s2_swim_libfriction_nolift,4.5005,0.44785
s2_swim_libfriction_nolift,4.6005,0.44794
s2_swim_libfriction_nolift,4.7005,0.448
s2_swim_libfriction_nolift,4.8005,0.448054
s2_swim_libfriction_nolift,4.9005,0.448104
s2_swim_libfriction_nolift,5.0005,0.448144
s2_swim_libfriction_nolift,5.1005,0.448182
s2_swim_libfriction_nolift,5.2005,0.448202
s2_swim_libfriction_nolift,5.3005,0.448226
s2_swim_libfriction_nolift,5.4005,0.448244
s2_swim_libfriction_nolift,5.5005,0.448254
s2_swim_libfriction_nolift,5.6005,0.44826
s2_swim_libfriction_nolift,5.7005,0.44827
s2_swim_libfriction_nolift,5.8005,0.448274
s2_swim_libfriction_nolift,5.9005,0.448276
s2_swim_libfriction_nolift,6.0005,0.448276
s2_swim_libfriction_nolift,6.1005,0.448276
s2_swim_libfriction_nolift,6.2005,0.448268
s2_swim_libfriction_nolift,6.3005,0.448268
s2_swim_libfriction_nolift,6.4005,0.448258
s2_swim_libfriction_nolift,6.5005,0.448252
s2_swim_libfriction_nolift,6.6005,0.448246
s2_swim_libfriction_nolift,6.7005,0.448242
s2_swim_libfriction_nolift,6.8005,0.448234
s2_swim_libfriction_nolift,6.9005,0.448234
s2_swim_libfriction_nolift,7.0005,0.448232
s2_swim_libfriction_nolift,7.1005,0.448232
s2_swim_libfriction_nolift,7.2005,0.44823
s2_swim_libfriction_nolift,7.3005,0.44823
s2_swim_libfriction_nolift,7.4005,0.448226
s2_swim_libfriction_nolift,7.5005,0.448224
s2_swim_libfriction_nolift,7.6005,0.44822
s2_swim_libfriction_nolift,7.7005,0.44822
s2_swim_libfriction_nolift,7.8005,0.448216
s2_swim_libfriction_nolift,7.9005,0.448214
s2_swim_libfriction_nolift,8.0005,0.448214
s2_swim_libfriction_nolift,8.1005,0.448206
s2_swim_libfriction_nolift,8.2005,0.448202
s2_swim_libfriction_nolift,8.3005,0.448198
s2_swim_libfriction_nolift,8.4005,0.448194
s2_swim_libfriction_nolift,8.5005,0.44819
s2_swim_libfriction_nolift,8.6005,0.44819
s2_swim_libfriction_nolift,8.7005,0.448186
s2_swim_libfriction_nolift,8.8005,0.448186
s2_swim_libfriction_nolift,8.9005,0.448182
s2_swim_libfriction_nolift,9.0005,0.448182
s2_swim_libfriction_nolift,9.1005,0.44818
s2_swim_libfriction_nolift,9.2005,0.448176
s2_swim_libfriction_nolift,9.3005,0.448176
s2_swim_libfriction_nolift,9.4005,0.44817
s2_swim_libfriction_nolift,9.5005,0.448168
s2_swim_libfriction_nolift,9.6005,0.448166
s2_swim_libfriction_nolift,9.7005,0.448164
s2_swim_libfriction_nolift,9.8005,0.44816
s2_swim_libfriction_nolift,9.9005,0.44816
s2_swim_libfriction_nolift,10.0005,0.448156
s2_swim_libfriction_nolift,10.1005,0.448156
s2_swim_libfriction_nolift,10.2005,0.448156
s2_swim_libfriction_nolift,10.3005,0.448156
s2_swim_libfriction_nolift,10.4005,0.448156
s2_swim_libfriction_nolift,10.5005,0.448156
s2_swim_libfriction_nolift,10.6005,0.448156
s2_swim_libfriction_nolift,10.7005,0.448156
s2_swim_libfriction_nolift,10.8005,0.448156
s2_swim_libfriction_nolift,10.9005,0.448156
s2_swim_libfriction_nolift,11.0005,0.448156
s2_swim_libfriction_nolift,11.1005,0.448156
s2_swim_libfriction_nolift,11.2005,0.448156
s2_swim_libfriction_nolift,11.3005,0.448156
s2_swim_libfriction_nolift,11.4005,0.448156
s2_swim_libfriction_nolift,11.5005,0.448156
s2_swim_libfriction_nolift,11.6005,0.448156
s2_swim_libfriction_nolift,11.7005,0.448156
s2_swim_libfriction_nolift,11.8005,0.448156
s2_swim_libfriction_nolift,11.9005,0.448156
s2_swim_libfriction_nolift,12.0005,0.448156
s2_swim_libfriction_nolift,12.1005,0.448156
s2_swim_libfriction_nolift,12.2005,0.448156
s2_swim_libfriction_nolift,12.3005,0.448156
s2_swim_libfriction_nolift,12.4005,0.448156
s2_swim_libfriction_nolift,12.5005,0.448156
s2_swim_libfriction_nolift,12.6005,0.448156
s2_swim_libfriction_nolift,12.7005,0.448156
s2_swim_libfriction_nolift,12.8005,0.448156
s2_swim_libfriction_nolift,12.9005,0.448156
s2_swim_libfriction_nolift,13.0005,0.448156
s2_swim_libfriction_nolift,13.1005,0.448156
s2_swim_libfriction_nolift,13.2005,0.448156
s2_swim_libfriction_nolift,13.3005,0.448156
s2_swim_libfriction_nolift,13.4005,0.448156
s2_swim_libfriction_nolift,13.5005,0.448156
s2_swim_libfriction_nolift,13.6005,0.448156
s2_swim_libfriction_nolift,13.7005,0.448156
s2_swim_libfriction_nolift,13.8005,0.448156
s2_swim_libfriction_nolift,13.9005,0.448156
s2_swim_libfriction_nolift,14.0005,0.448156
s2_swim_libfriction_nolift,14.1005,0.448156
s2_swim_libfriction_nolift,14.2005,0.448156
s2_swim_libfriction_nolift,14.3005,0.448156
s2_swim_libfriction_nolift,14.4005,0.448156
s2_swim_libfriction_nolift,14.5005,0.448156
s2_swim_libfriction_nolift,14.6005,0.448156
s2_swim_libfriction_nolift,14.7005,0.448156
s2_swim_locked,0.3005,0
s2_swim_locked,0.4005,0
s2_swim_locked,0.5005,0
s2_swim_locked,0.6005,0
s2_swim_locked,0.7005,0
s2_swim_locked,0.8005,0
s2_swim_locked,0.9005,0
s2_swim_locked,1.0005,0
s2_swim_locked,1.1005,0
s2_swim_locked,1.2005,0
s2_swim_locked,1.3005,0
s2_swim_locked,1.4005,0
s2_swim_locked,1.5005,0
s2_swim_locked,1.6005,0
s2_swim_locked,1.7005,0
s2_swim_locked,1.8005,0
s2_swim_locked,1.9005,0
s2_swim_locked,2.0005,0
s2_swim_locked,2.1005,0
s2_swim_locked,2.2005,0
s2_swim_locked,2.3005,0
s2_swim_locked,2.4005,0
s2_swim_locked,2.5005,0
s2_swim_locked,2.6005,0
s2_swim_locked,2.7005,0
s2_swim_locked,2.8005,0
s2_swim_locked,2.9005,0
s2_swim_locked,3.0005,0
s2_swim_locked,3.1005,0
s2_swim_locked,3.2005,0
s2_swim_locked,3.3005,0
s2_swim_locked,3.4005,0
s2_swim_locked,3.5005,0
s2_swim_locked,3.6005,0
s2_swim_locked,3.7005,0
s2_swim_locked,3.8005,0
s2_swim_locked,3.9005,0
s2_swim_locked,4.0005,0
s2_swim_locked,4.1005,0
s2_swim_locked,4.2005,0
s2_swim_locked,4.3005,0
s2_swim_locked,4.4005,0
s2_swim_locked,4.5005,0
s2_swim_locked,4.6005,0
s2_swim_locked,4.7005,0
s2_swim_locked,4.8005,0
s2_swim_locked,4.9005,0
s2_swim_locked,5.0005,0
s2_swim_locked,5.1005,0
s2_swim_locked,5.2005,0
s2_swim_locked,5.3005,0
s2_swim_locked,5.4005,0
s2_swim_locked,5.5005,0
s2_swim_locked,5.6005,0
s2_swim_locked,5.7005,0
s2_swim_locked,5.8005,0
s2_swim_locked,5.9005,0
s2_swim_locked,6.0005,0
s2_swim_locked,6.1005,0
s2_swim_locked,6.2005,0
s2_swim_locked,6.3005,0
s2_swim_locked,6.4005,0
s2_swim_locked,6.5005,0
s2_swim_locked,6.6005,0
s2_swim_locked,6.7005,0
s2_swim_locked,6.8005,0
s2_swim_locked,6.9005,0
s2_swim_locked,7.0005,0
s2_swim_locked,7.1005,0
s2_swim_locked,7.2005,0
s2_swim_locked,7.3005,0
s2_swim_locked,7.4005,0
s2_swim_locked,7.5005,0
s2_swim_locked,7.6005,0
s2_swim_locked,7.7005,0
s2_swim_locked,7.8005,0
s2_swim_locked,7.9005,0
s2_swim_locked,8.0005,0
s2_swim_locked,8.1005,0
s2_swim_locked,8.2005,0
s2_swim_locked,8.3005,0
s2_swim_locked,8.4005,0
s2_swim_locked,8.5005,0
s2_swim_locked,8.6005,0
s2_swim_locked,8.7005,0
s2_swim_locked,8.8005,0
s2_swim_locked,8.9005,0
s2_swim_locked,9.0005,0
s2_swim_locked,9.1005,0
s2_swim_locked,9.2005,0
s2_swim_locked,9.3005,0
s2_swim_locked,9.4005,0
s2_swim_locked,9.5005,0
s2_swim_locked,9.6005,0
s2_swim_locked,9.7005,0
s2_swim_locked,9.8005,0
s2_swim_locked,9.9005,0
s2_swim_locked,10.0005,0
s2_swim_locked,10.1005,0
s2_swim_locked,10.2005,0
s2_swim_locked,10.3005,0
s2_swim_locked,10.4005,0
s2_swim_locked,10.5005,0
s2_swim_locked,10.6005,0
s2_swim_locked,10.7005,0
s2_swim_locked,10.8005,0
s2_swim_locked,10.9005,0
s2_swim_locked,11.0005,0
s2_swim_locked,11.1005,0
s2_swim_locked,11.2005,0
s2_swim_locked,11.3005,0
s2_swim_locked,11.4005,0
s2_swim_locked,11.5005,0
s2_swim_locked,11.6005,0
s2_swim_locked,11.7005,0
s2_swim_locked,11.8005,0
s2_swim_locked,11.9005,0
s2_swim_locked,12.0005,0
s2_swim_locked,12.1005,0
s2_swim_locked,12.2005,0
s2_swim_locked,12.3005,0
s2_swim_locked,12.4005,0
s2_swim_locked,12.5005,0
s2_swim_locked,12.6005,0
s2_swim_locked,12.7005,0
s2_swim_locked,12.8005,0
s2_swim_locked,12.9005,0
s2_swim_locked,13.0005,0
s2_swim_locked,13.1005,0
s2_swim_locked,13.2005,0
s2_swim_locked,13.3005,0
s2_swim_locked,13.4005,0
s2_swim_locked,13.5005,0
s2_swim_locked,13.6005,0
s2_swim_locked,13.7005,0
s2_swim_locked,13.8005,0
s2_swim_locked,13.9005,0
s2_swim_locked,14.0005,0
s2_swim_locked,14.1005,0
s2_swim_locked,14.2005,0
s2_swim_locked,14.3005,0
s2_swim_locked,14.4005,0
s2_swim_locked,14.5005,0
s2_swim_locked,14.6005,0
s2_swim_locked,14.7005,0
