V_bias_ml,t_s,x_m,y_m
-3,0.0005,0,0
-3,0.2005,-9.1e-05,0.000102
-3,0.4005,-0.000385,6e-06
-3,0.6005,-0.00013,0.000792
-3,0.8005,-0.000585,-0.001663
-3,1.0005,-0.001448,0.001641
-3,1.2005,0.005186,0.000922
-3,1.4005,0.010624,-0.000702
-3,1.6005,0.017103,0.003097
-3,1.8005,0.029256,-0.000134
-3,2.0005,0.04209,0.003262
-3,2.2005,0.062016,0.004341
-3,2.4005,0.082273,0.004137
-3,2.6005,0.103962,0.009623
-3,2.8005,0.132666,0.009411
-3,3.0005,0.161843,0.015701
-3,3.2005,0.198189,0.021067
-3,3.4005,0.236012,0.025746
-3,3.6005,0.2748,0.035987
-3,3.8005,0.320697,0.042247
-3,4.0005,0.365897,0.054569
-3,4.2005,0.416817,0.066804
-3,4.4005,0.468866,0.078525
-3,4.6005,0.520151,0.095426
-3,4.8005,0.577181,0.109043
-3,5.0005,0.631871,0.127798
-3,5.2005,0.690416,0.146571
-3,5.4005,0.749144,0.164476
-3,5.6005,0.805676,0.187033
-3,5.8005,0.866903,0.206321
-3,6.0005,0.924758,0.230048
-3,6.2005,0.985493,0.253743
-3,6.4005,1.04595,0.276237
-3,6.6005,1.1035,0.303004
-3,6.8005,1.1654,0.326558
-3,7.0005,1.22342,0.354126
-3,7.2005,1.28398,0.381663
-3,7.4005,1.34414,0.407842
-3,7.6005,1.40101,0.438037
-3,7.8005,1.46222,0.465153
-3,8.0005,1.51926,0.495989
-3,8.2005,1.57872,0.526859
-3,8.4005,1.63779,0.556298
-3,8.6005,1.69332,0.589543
-3,8.8005,1.75327,0.619892
-3,9.0005,1.80885,0.653714
-3,9.2005,1.8668,0.687669
-3,9.4005,1.92441,0.720154
-3,9.6005,1.97827,0.756245
-3,9.8005,2.03669,0.789655
-3,10.0005,2.09054,0.8263
-3,10.2005,2.14675,0.863188
-3,10.4005,2.20268,0.898584
-3,10.6005,2.25469,0.937386
-3,10.8005,2.31137,0.973736
-3,11.0005,2.36334,1.01308
-3,11.2005,2.41763,1.05278
-3,11.4005,2.47172,1.09098
-3,11.6005,2.52171,1.13237
-3,11.8005,2.5765,1.17155
-3,12.0005,2.62642,1.21349
-3,12.2005,2.67865,1.25589
-3,12.4005,2.73075,1.29678
-3,12.6005,2.7786,1.34065
-3,12.8005,2.83135,1.38256
-3,13.0005,2.87909,1.42697
-3,13.2005,2.92912,1.47196
-3,13.4005,2.9791,1.51543
-3,13.6005,3.02467,1.56167
-3,13.8005,3.07524,1.60619
-3,14.0005,3.12069,1.65296
-3,14.2005,3.16838,1.70042
-3,14.4005,3.21611,1.74637
-3,14.6005,3.2593,1.79485
-3,14.8005,3.30756,1.84187
-3,15.0005,3.35059,1.89087
-3,15.2005,3.39583,1.94069
-3,15.4005,3.44118,1.98898
-3,15.6005,3.48186,2.03959
-3,15.8005,3.52769,2.08899
-3,16.0005,3.5682,2.1401
-3,16.2005,3.61087,2.19214
-3,16.4005,3.65372,2.24266
-3,16.6005,3.69181,2.29526
-3,16.8005,3.73509,2.34691
-3,17.0005,3.77297,2.4
-3,17.2005,3.81295,2.45412
-3,17.4005,3.85321,2.50675
-3,17.6005,3.88859,2.5612
-3,17.8005,3.92921,2.61497
-3,18.0005,3.96436,2.66991
-3,18.2005,4.00157,2.72598
-3,18.4005,4.03912,2.78057
-3,18.6005,4.07171,2.83674
-3,18.8005,4.10957,2.89249
-3,19.0005,4.1419,2.94913
-3,19.2005,4.17624,3.00701
-3,19.4005,4.21098,3.06343
-3,19.6005,4.2407,3.12117
-3,19.8005,4.2757,3.17876
-3,20.0005,4.30513,3.23696
-3,20.2005,4.33651,3.2965
-3,20.4005,4.36836,3.3546
-3,20.6005,4.39513,3.41377
-3,20.8005,4.42718,3.47305
-3,21.0005,4.45364,3.53266
-3,21.2005,4.48197,3.59371
-3,21.4005,4.51086,3.65334
-3,21.6005,4.5346,3.71378
-3,21.8005,4.56362,3.77461
-3,22.0005,4.58705,3.83548
-3,22.2005,4.61226,3.89788
-3,22.4005,4.6381,3.95889
-3,22.6005,4.65877,4.02046
-3,22.8005,4.68468,4.08266
-3,23.0005,4.70501,4.14464
-3,23.2005,4.72704,4.20823
-3,23.4005,4.74977,4.27047
-3,23.6005,4.76731,4.333
-3,23.8005,4.79005,4.39644
-3,24.0005,4.80723,4.45936
-3,24.2005,4.82602,4.52398
-3,24.4005,4.84559,4.58729
-3,24.6005,4.85995,4.65062
-3,24.8005,4.87946,4.71513
-3,25.0005,4.89344,4.77884
-3,25.2005,4.90896,4.84432
-3,25.4005,4.9253,4.90853
-3,25.6005,4.93645,4.97251
-3,25.8005,4.95269,5.03792
-3,26.0005,4.96343,5.10226
-3,26.2005,4.97563,5.16844
-3,26.4005,4.98871,5.23339
-3,26.6005,4.99662,5.29786
-3,26.8005,5.00954,5.364
-3,27.0005,5.01703,5.42879
-3,27.2005,5.02587,5.49551
-3,27.4005,5.03566,5.56104
-3,27.6005,5.04031,5.62582
-3,27.8005,5.04987,5.69253
-3,28.0005,5.05408,5.75762
-3,28.2005,5.05954,5.8247
-3,28.4005,5.06602,5.89064
-3,28.6005,5.06739,5.95557
-3,28.8005,5.07358,6.02267
-3,29.0005,5.0745,6.08789
-3,29.2005,5.07658,6.15516
-3,29.4005,5.07972,6.22135
-3,29.6005,5.07782,6.28627
-3,29.8005,5.08061,6.3536
-3,30.0005,5.07824,6.41878
-2,0.0005,0,0
-2,0.2005,-3.6e-05,7.9e-05
-2,0.4005,-0.000259,-5.7e-05
-2,0.6005,-0.000145,0.000783
-2,0.8005,-0.00065,-0.001743
-2,1.0005,-0.000921,0.001587
-2,1.2005,0.005221,0.000691
-2,1.4005,0.011043,-0.000935
-2,1.6005,0.017766,0.002853
-2,1.8005,0.029294,-0.000585
-2,2.0005,0.042673,0.002679
-2,2.2005,0.062068,0.003165
-2,2.4005,0.082395,0.002524
-2,2.6005,0.104398,0.007404
-2,2.8005,0.132371,0.00603
-2,3.0005,0.162205,0.011257
-2,3.2005,0.19833,0.014671
-2,3.4005,0.236411,0.017397
-2,3.6005,0.276104,0.02546
-2,3.8005,0.321887,0.028605
-2,4.0005,0.368555,0.037973
-2,4.2005,0.420336,0.046181
-2,4.4005,0.473605,0.053794
-2,4.6005,0.527005,0.066532
-2,4.8005,0.585161,0.074881
-2,5.0005,0.642501,0.088723
-2,5.2005,0.703153,0.101598
-2,5.4005,0.764196,0.113531
-2,5.6005,0.823964,0.130274
-2,5.8005,0.887375,0.142617
-2,6.0005,0.948856,0.159939
-2,6.2005,1.01268,0.176307
-2,6.4005,1.07633,0.191435
-2,6.6005,1.138,0.211151
-2,6.8005,1.20293,0.226478
-2,7.0005,1.26541,0.246508
-2,7.2005,1.3299,0.265577
-2,7.4005,1.39404,0.283286
-2,7.6005,1.45587,0.305439
-2,7.8005,1.52091,0.323257
-2,8.0005,1.58323,0.345617
-2,8.2005,1.64747,0.367047
-2,8.4005,1.71133,0.387063
-2,8.6005,1.77266,0.411417
-2,8.8005,1.83729,0.431518
-2,9.0005,1.89902,0.456044
-2,9.2005,1.96264,0.479692
-2,9.4005,2.02591,0.501895
-2,9.6005,2.08649,0.528341
-2,9.8005,2.15049,0.550639
-2,10.0005,2.21143,0.577251
-2,10.2005,2.27428,0.603045
-2,10.4005,2.33682,0.627377
-2,10.6005,2.39652,0.655856
-2,10.8005,2.45977,0.680301
-2,11.0005,2.51981,0.708951
-2,11.2005,2.58179,0.736845
-2,11.4005,2.64349,0.763266
-2,11.6005,2.70223,0.793735
-2,11.8005,2.76464,0.820288
-2,12.0005,2.8237,0.850937
-2,12.2005,2.88472,0.880893
-2,12.4005,2.94552,0.909367
-2,12.6005,3.00321,0.941786
-2,12.8005,3.06471,0.970415
-2,13.0005,3.12273,1.00302
-2,13.2005,3.18272,1.03501
-2,13.4005,3.24254,1.0655
-2,13.6005,3.29912,1.09983
-2,13.8005,3.35963,1.1305
-2,14.0005,3.41653,1.16503
-2,14.2005,3.47542,1.199
-2,14.4005,3.5342,1.23148
-2,14.6005,3.5896,1.26768
-2,14.8005,3.64906,1.30036
-2,15.0005,3.70477,1.33677
-2,15.2005,3.7625,1.37269
-2,15.4005,3.82016,1.40711
-2,15.6005,3.87433,1.44515
-2,15.8005,3.93267,1.47979
-2,16.0005,3.98714,1.51805
-2,16.2005,4.04364,1.55588
-2,16.4005,4.10012,1.59221
-2,16.6005,4.15299,1.63203
-2,16.8005,4.21014,1.6686
-2,17.0005,4.2633,1.70866
-2,17.2005,4.31851,1.74835
-2,17.4005,4.37374,1.78655
-2,17.6005,4.42525,1.82812
-2,17.8005,4.48115,1.86658
-2,18.0005,4.53295,1.90839
-2,18.2005,4.5868,1.9499
-2,18.4005,4.64073,1.98992
-2,18.6005,4.69083,2.03319
-2,18.8005,4.74542,2.07349
-2,19.0005,4.79579,2.11701
-2,19.2005,4.84823,2.1603
-2,19.4005,4.90079,2.20209
-2,19.6005,4.94942,2.24701
-2,19.8005,5.00263,2.28912
-2,20.0005,5.05152,2.33429
-2,20.2005,5.10248,2.3793
-2,20.4005,5.15363,2.42283
-2,20.6005,5.20073,2.46934
-2,20.8005,5.2525,2.51321
-2,21.0005,5.29986,2.55998
-2,21.2005,5.34929,2.60668
-2,21.4005,5.39896,2.65189
-2,21.6005,5.44448,2.69995
-2,21.8005,5.49476,2.74551
-2,22.0005,5.54053,2.79384
-2,22.2005,5.58838,2.84216
-2,22.4005,5.6365,2.88901
-2,22.6005,5.6804,2.93856
-2,22.8005,5.72913,2.98577
-2,23.0005,5.77327,3.03561
-2,23.2005,5.81947,3.0855
-2,23.4005,5.86601,3.13392
-2,23.6005,5.90822,3.18491
-2,23.8005,5.95536,3.23373
-2,24.0005,5.9978,3.28501
-2,24.2005,6.04232,3.33641
-2,24.4005,6.08721,3.38636
-2,24.6005,6.1277,3.43873
-2,24.8005,6.17318,3.48909
-2,25.0005,6.21389,3.54176
-2,25.2005,6.25667,3.59462
-2,25.4005,6.29987,3.64604
-2,25.6005,6.33859,3.69973
-2,25.8005,6.38236,3.75159
-2,26.0005,6.42129,3.80558
-2,26.2005,6.46228,3.85984
-2,26.4005,6.50374,3.91268
-2,26.6005,6.54065,3.96763
-2,26.8005,6.58266,4.02091
-2,27.0005,6.61977,4.07618
-2,27.2005,6.65892,4.13178
-2,27.4005,6.6986,4.18596
-2,27.6005,6.73365,4.24212
-2,27.8005,6.77387,4.29678
-2,28.0005,6.80911,4.35325
-2,28.2005,6.84639,4.41012
-2,28.4005,6.88423,4.46561
-2,28.6005,6.91739,4.5229
-2,28.8005,6.95576,4.57887
-2,29.0005,6.98909,4.63649
-2,29.2005,7.02446,4.69457
-2,29.4005,7.06043,4.75128
-2,29.6005,7.09166,4.80965
-2,29.8005,7.12814,4.86687
-2,30.0005,7.15953,4.92557
-1,0.0005,0,0
-1,0.2005,-6e-06,5.5e-05
-1,0.4005,-0.000151,-0.000117
-1,0.6005,-0.000154,0.000784
-1,0.8005,-0.000705,-0.001822
-1,1.0005,-0.000324,0.001517
-1,1.2005,0.005359,0.0005
-1,1.4005,0.011622,-0.001169
-1,1.6005,0.018674,0.002603
-1,1.8005,0.029704,-0.000997
-1,2.0005,0.043773,0.002102
-1,2.2005,0.062727,0.002074
-1,2.4005,0.083285,0.000957
-1,2.6005,0.105746,0.005228
-1,2.8005,0.133127,0.002812
-1,3.0005,0.16377,0.006893
-1,3.2005,0.19969,0.008444
-1,3.4005,0.238075,0.009174
-1,3.6005,0.27866,0.014968
-1,3.8005,0.324185,0.015074
-1,4.0005,0.372178,0.021242
-1,4.2005,0.42445,0.025355
-1,4.4005,0.478545,0.028642
-1,4.6005,0.53363,0.036853
-1,4.8005,0.592265,0.039783
-1,5.0005,0.65165,0.048197
-1,5.2005,0.713589,0.05484
-1,5.4005,0.776104,0.06035
-1,5.6005,0.838274,0.070659
-1,5.8005,0.902811,0.075703
-1,6.0005,0.966951,0.085889
-1,6.2005,1.03268,0.094398
-1,6.4005,1.09833,0.101543
-1,6.6005,1.16299,0.113399
-1,6.8005,1.22955,0.120002
-1,7.0005,1.29523,0.131585
-1,7.2005,1.36217,0.141502
-1,7.4005,1.42879,0.149978
-1,7.6005,1.49413,0.163109
-1,7.8005,1.5613,0.170996
-1,8.0005,1.62735,0.183796
-1,8.2005,1.69456,0.194943
-1,8.4005,1.7614,0.204614
-1,8.6005,1.82681,0.218907
-1,8.8005,1.89407,0.227973
-1,9.0005,1.9601,0.241917
-1,9.2005,2.02726,0.254225
-1,9.4005,2.09405,0.265039
-1,9.6005,2.15932,0.280447
-1,9.8005,2.22651,0.290656
-1,10.0005,2.29235,0.305716
-1,10.2005,2.35936,0.319157
-1,10.4005,2.42601,0.331096
-1,10.6005,2.49106,0.347599
-1,10.8005,2.55809,0.358936
-1,11.0005,2.62371,0.375099
-1,11.2005,2.6905,0.38966
-1,11.4005,2.75696,0.402713
-1,11.6005,2.82174,0.420302
-1,11.8005,2.88859,0.432757
-1,12.0005,2.95395,0.450014
-1,12.2005,3.0205,0.465689
-1,12.4005,3.08675,0.479848
-1,12.6005,3.15123,0.498516
-1,12.8005,3.21787,0.512085
-1,13.0005,3.28294,0.530429
-1,13.2005,3.34923,0.547211
-1,13.4005,3.41523,0.562473
-1,13.6005,3.4794,0.582213
-1,13.8005,3.54582,0.59689
-1,14.0005,3.61057,0.616316
-1,14.2005,3.67658,0.6342
-1,14.4005,3.74233,0.650559
-1,14.6005,3.80616,0.671365
-1,14.8005,3.87233,0.687146
-1,15.0005,3.93675,0.707648
-1,15.2005,4.00245,0.726628
-1,15.4005,4.06792,0.744079
-1,15.6005,4.13141,0.765945
-1,15.8005,4.1973,0.782825
-1,16.0005,4.26138,0.804397
-1,16.2005,4.32676,0.824467
-1,16.4005,4.39193,0.843006
-1,16.6005,4.45504,0.865926
-1,16.8005,4.52065,0.8839
-1,17.0005,4.58436,0.906535
-1,17.2005,4.6494,0.92769
-1,17.4005,4.71425,0.947311
-1,17.6005,4.77698,0.971278
-1,17.8005,4.84228,0.990341
-1,18.0005,4.9056,1.01403
-1,18.2005,4.97028,1.03627
-1,18.4005,5.0348,1.05696
-1,18.6005,5.09712,1.08197
-1,18.8005,5.1621,1.10212
-1,19.0005,5.22502,1.12686
-1,19.2005,5.28932,1.15017
-1,19.4005,5.35349,1.17193
-1,19.6005,5.41539,1.19797
-1,19.8005,5.48002,1.2192
-1,20.0005,5.54252,1.24498
-1,20.2005,5.60643,1.26936
-1,20.4005,5.67023,1.29219
-1,20.6005,5.73168,1.31925
-1,20.8005,5.79595,1.34155
-1,21.0005,5.85802,1.36837
-1,21.2005,5.92151,1.3938
-1,21.4005,5.98492,1.41769
-1,21.6005,6.04592,1.44578
-1,21.8005,6.10981,1.46914
-1,22.0005,6.17142,1.49699
-1,22.2005,6.23448,1.52347
-1,22.4005,6.29749,1.54842
-1,22.6005,6.35801,1.57751
-1,22.8005,6.4215,1.60193
-1,23.0005,6.48265,1.6308
-1,23.2005,6.54526,1.65833
-1,23.4005,6.60784,1.68432
-1,23.6005,6.66787,1.71441
-1,23.8005,6.73095,1.73989
-1,24.0005,6.7916,1.76977
-1,24.2005,6.85375,1.79834
-1,24.4005,6.91589,1.82536
-1,24.6005,6.97541,1.85645
-1,24.8005,7.03806,1.88297
-1,25.0005,7.09821,1.91386
-1,25.2005,7.15987,1.94345
-1,25.4005,7.22155,1.97151
-1,25.6005,7.28055,2.00358
-1,25.8005,7.34275,2.03114
-1,26.0005,7.40238,2.06302
-1,26.2005,7.46354,2.09364
-1,26.4005,7.52475,2.12271
-1,26.6005,7.5832,2.15576
-1,26.8005,7.64493,2.18435
-1,27.0005,7.70402,2.21722
-1,27.2005,7.76466,2.24885
-1,27.4005,7.82538,2.27894
-1,27.6005,7.88328,2.31296
-1,27.8005,7.94453,2.34257
-1,28.0005,8.00306,2.37642
-1,28.2005,8.06317,2.40905
-1,28.4005,8.12338,2.44014
-1,28.6005,8.1807,2.47512
-1,28.8005,8.24145,2.50575
-1,29.0005,8.29941,2.54056
-1,29.2005,8.35897,2.57419
-1,29.4005,8.41866,2.60628
-1,29.6005,8.47539,2.64221
-1,29.8005,8.53562,2.67384
-1,30.0005,8.593,2.70961
0,0.0005,0,0
0,0.2005,-3e-06,2.9e-05
0,0.4005,-7.4e-05,-0.000178
0,0.6005,-0.000185,0.000793
0,0.8005,-0.000801,-0.001897
0,1.0005,0.000282,0.00143
0,1.2005,0.005528,0.000339
0,1.4005,0.012254,-0.001415
0,1.6005,0.019706,0.00233
0,1.8005,0.030343,-0.001397
0,2.0005,0.045222,0.001483
0,2.2005,0.06382,0.001001
0,2.4005,0.084719,-0.000655
0,2.6005,0.10777,0.002973
0,2.8005,0.134683,-0.000407
0,3.0005,0.166248,0.002398
0,3.2005,0.201975,0.002147
0,3.4005,0.240655,0.000797
0,3.6005,0.282086,0.004202
0,3.8005,0.327193,0.001326
0,4.0005,0.376279,0.004046
0,4.2005,0.428635,0.004033
0,4.4005,0.483063,0.002823
0,4.6005,0.539283,0.006207
0,4.8005,0.597671,0.003674
0,5.0005,0.658319,0.006254
0,5.2005,0.720604,0.006479
0,5.4005,0.783569,0.005285
0,5.6005,0.847106,0.008698
0,5.8005,0.911562,0.006301
0,6.0005,0.977145,0.008811
0,6.2005,1.04343,0.009163
0,6.4005,1.10966,0.007957
0,6.6005,1.17589,0.011373
0,6.8005,1.24252,0.009036
0,7.0005,1.30983,0.011526
0,7.2005,1.37749,0.011909
0,7.4005,1.44484,0.010706
0,7.6005,1.51198,0.014125
0,7.8005,1.57934,0.011804
0,8.0005,1.64723,0.014288
0,8.2005,1.71535,0.014682
0,8.4005,1.78307,0.013479
0,8.6005,1.85051,0.016901
0,8.8005,1.91811,0.014583
0,9.0005,1.9862,0.017065
0,9.2005,2.05447,0.017465
0,9.4005,2.12232,0.01626
0,9.6005,2.18986,0.019683
0,9.8005,2.25754,0.017367
0,10.0005,2.32569,0.019849
0,10.2005,2.39402,0.020249
0,10.4005,2.46192,0.019045
0,10.6005,2.5295,0.022468
0,10.8005,2.59722,0.020153
0,11.0005,2.6654,0.022635
0,11.2005,2.73375,0.023035
0,11.4005,2.80166,0.021832
0,11.6005,2.86926,0.025254
0,11.8005,2.93699,0.022939
0,12.0005,3.00518,0.025421
0,12.2005,3.07355,0.025821
0,12.4005,3.14147,0.024618
0,12.6005,3.20908,0.028041
0,12.8005,3.27682,0.025726
0,13.0005,3.34502,0.028208
0,13.2005,3.41339,0.028608
0,13.4005,3.48132,0.027405
0,13.6005,3.54893,0.030828
0,13.8005,3.61667,0.028513
0,14.0005,3.68488,0.030995
0,14.2005,3.75325,0.031395
0,14.4005,3.82119,0.030192
0,14.6005,3.8888,0.033615
0,14.8005,3.95655,0.0313
0,15.0005,4.02476,0.033782
0,15.2005,4.09314,0.034182
0,15.4005,4.16107,0.032979
0,15.6005,4.22869,0.036402
0,15.8005,4.29644,0.034087
0,16.0005,4.36465,0.03657
0,16.2005,4.43303,0.03697
0,16.4005,4.50097,0.035767
0,16.6005,4.56859,0.039189
0,16.8005,4.63634,0.036874
0,17.0005,4.70456,0.039357
0,17.2005,4.77294,0.039757
0,17.4005,4.84087,0.038554
0,17.6005,4.9085,0.041977
0,17.8005,4.97625,0.039662
0,18.0005,5.04446,0.042144
0,18.2005,5.11285,0.042544
0,18.4005,5.18079,0.041341
0,18.6005,5.24841,0.044764
0,18.8005,5.31616,0.042449
0,19.0005,5.38438,0.044932
0,19.2005,5.45276,0.045332
0,19.4005,5.5207,0.044129
0,19.6005,5.58833,0.047552
0,19.8005,5.65608,0.045237
0,20.0005,5.7243,0.047719
0,20.2005,5.79268,0.048119
0,20.4005,5.86062,0.046916
0,20.6005,5.92825,0.050339
0,20.8005,5.996,0.048024
0,21.0005,6.06422,0.050507
0,21.2005,6.1326,0.050907
0,21.4005,6.20054,0.049704
0,21.6005,6.26817,0.053127
0,21.8005,6.33593,0.050812
0,22.0005,6.40414,0.053294
0,22.2005,6.47253,0.053694
0,22.4005,6.54047,0.052491
0,22.6005,6.6081,0.055914
0,22.8005,6.67585,0.053599
0,23.0005,6.74407,0.056082
0,23.2005,6.81245,0.056482
0,23.4005,6.8804,0.055279
0,23.6005,6.94802,0.058702
0,23.8005,7.01578,0.056387
0,24.0005,7.08399,0.05887
0,24.2005,7.15238,0.059269
0,24.4005,7.22032,0.058066
0,24.6005,7.28795,0.061489
0,24.8005,7.35571,0.059174
0,25.0005,7.42392,0.061657
0,25.2005,7.49231,0.062057
0,25.4005,7.56025,0.060854
0,25.6005,7.62788,0.064277
0,25.8005,7.69564,0.061962
0,26.0005,7.76385,0.064445
0,26.2005,7.83224,0.064844
0,26.4005,7.90018,0.063642
0,26.6005,7.96781,0.067064
0,26.8005,8.03556,0.064749
0,27.0005,8.10378,0.067232
0,27.2005,8.17216,0.067632
0,27.4005,8.24011,0.066429
0,27.6005,8.30773,0.069852
0,27.8005,8.37549,0.067537
0,28.0005,8.44371,0.07002
0,28.2005,8.5121,0.07042
0,28.4005,8.58004,0.069217
0,28.6005,8.64766,0.07264
0,28.8005,8.71542,0.070324
0,29.0005,8.78364,0.072807
0,29.2005,8.85202,0.073207
0,29.4005,8.91997,0.072004
0,29.6005,8.9876,0.075427
0,29.8005,9.05535,0.073112
0,30.0005,9.12357,0.075595
1,0.0005,0,0
1,0.2005,-2.7e-05,4e-06
1,0.4005,-2.8e-05,-0.000245
1,0.6005,-0.000245,0.000807
1,0.8005,-0.000951,-0.001969
1,1.0005,0.000881,0.00132
1,1.2005,0.005712,0.000199
1,1.4005,0.012903,-0.001679
1,1.6005,0.020836,0.002025
1,1.8005,0.031175,-0.001799
1,2.0005,0.046972,0.000789
1,2.2005,0.065307,-9.9e-05
1,2.4005,0.086628,-0.002369
1,2.6005,0.110399,0.000556
1,2.8005,0.136963,-0.003744
1,3.0005,0.169536,-0.002374
1,3.2005,0.205089,-0.004387
1,3.4005,0.244014,-0.007919
1,3.6005,0.286215,-0.007038
1,3.8005,0.330732,-0.012837
1,4.0005,0.380616,-0.013791
1,4.2005,0.432626,-0.017901
1,4.4005,0.486841,-0.023692
1,4.6005,0.543568,-0.025327
1,4.8005,0.600957,-0.033222
1,5.0005,0.661989,-0.03671
1,5.2005,0.723617,-0.04288
1,5.4005,0.785939,-0.050819
1,5.6005,0.849682,-0.054514
1,5.8005,0.912804,-0.064213
1,6.0005,0.978473,-0.069614
1,6.2005,1.04385,-0.077388
1,6.4005,1.10916,-0.086958
1,6.6005,1.17541,-0.092212
1,6.8005,1.24046,-0.103319
1,7.0005,1.30767,-0.11017
1,7.2005,1.37424,-0.119281
1,7.4005,1.44045,-0.130162
1,7.6005,1.50746,-0.136706
1,7.8005,1.57302,-0.149037
1,8.0005,1.64066,-0.157137
1,8.2005,1.70752,-0.167448
1,8.4005,1.77389,-0.179515
1,8.6005,1.84107,-0.187241
1,8.8005,1.90665,-0.200716
1,9.0005,1.97433,-0.209989
1,9.2005,2.04115,-0.221445
1,9.4005,2.10743,-0.234648
1,9.6005,2.17458,-0.243517
1,9.8005,2.24001,-0.258102
1,10.0005,2.30759,-0.268519
1,10.2005,2.37427,-0.281101
1,10.4005,2.44036,-0.295418
1,10.6005,2.50739,-0.305415
1,10.8005,2.5726,-0.321096
1,11.0005,2.64002,-0.332645
1,11.2005,2.7065,-0.346341
1,11.4005,2.77237,-0.361762
1,11.6005,2.83924,-0.372878
1,11.8005,2.90419,-0.389647
1,12.0005,2.97143,-0.40232
1,12.2005,3.03768,-0.417125
1,12.4005,3.10329,-0.433642
1,12.6005,3.16998,-0.445872
1,12.8005,3.23465,-0.463722
1,13.0005,3.30167,-0.477514
1,13.2005,3.36768,-0.493421
1,13.4005,3.43301,-0.51103
1,13.6005,3.49949,-0.52437
1,13.8005,3.56386,-0.543295
1,14.0005,3.63065,-0.558202
1,14.2005,3.69639,-0.575206
1,14.4005,3.76142,-0.5939
1,14.6005,3.82767,-0.608345
1,14.8005,3.89172,-0.628339
1,15.0005,3.95825,-0.644356
1,15.2005,4.0237,-0.662452
1,15.4005,4.08842,-0.682227
1,15.6005,4.15442,-0.697773
1,15.8005,4.21813,-0.71883
1,16.0005,4.28439,-0.735952
1,16.2005,4.34953,-0.755135
1,16.4005,4.41391,-0.775984
1,16.6005,4.47965,-0.792626
1,16.8005,4.543,-0.814741
1,17.0005,4.60897,-0.832963
1,17.2005,4.67379,-0.853227
1,17.4005,4.73781,-0.875144
1,17.6005,4.80326,-0.892878
1,17.8005,4.86624,-0.916043
1,18.0005,4.9319,-0.935361
1,18.2005,4.99637,-0.9567
1,18.4005,5.06002,-0.979679
1,18.6005,5.12517,-0.998499
1,18.8005,5.18776,-1.02271
1,19.0005,5.25309,-1.04312
1,19.2005,5.31719,-1.06553
1,19.4005,5.38045,-1.08956
1,19.6005,5.44528,-1.10946
1,19.8005,5.50746,-1.13471
1,20.0005,5.57244,-1.1562
1,20.2005,5.63616,-1.17967
1,20.4005,5.69902,-1.20475
1,20.6005,5.76351,-1.22573
1,20.8005,5.82526,-1.25201
1,21.0005,5.88987,-1.27458
1,21.2005,5.9532,-1.29911
1,21.4005,6.01563,-1.32523
1,21.6005,6.07976,-1.34728
1,21.8005,6.14106,-1.37458
1,22.0005,6.20529,-1.39822
1,22.2005,6.2682,-1.4238
1,22.4005,6.33019,-1.45096
1,22.6005,6.39395,-1.47406
1,22.8005,6.45479,-1.50238
1,23.0005,6.51862,-1.52709
1,23.2005,6.58109,-1.55371
1,23.4005,6.64262,-1.58189
1,23.6005,6.70599,-1.60606
1,23.8005,6.76635,-1.63539
1,24.0005,6.82976,-1.66115
1,24.2005,6.89178,-1.6888
1,24.4005,6.95283,-1.71801
1,24.6005,7.01579,-1.74323
1,24.8005,7.07565,-1.77355
1,25.0005,7.13863,-1.80036
1,25.2005,7.20018,-1.82905
1,25.4005,7.26074,-1.85926
1,25.6005,7.32326,-1.88552
1,25.8005,7.38262,-1.91684
1,26.0005,7.44514,-1.9447
1,26.2005,7.50621,-1.9744
1,26.4005,7.56625,-2.00562
1,26.6005,7.62833,-2.03291
1,26.8005,7.68716,-2.06521
1,27.0005,7.74921,-2.0941
1,27.2005,7.80978,-2.12482
1,27.4005,7.8693,-2.15703
1,27.6005,7.93091,-2.18536
1,27.8005,7.98919,-2.21863
1,28.0005,8.05075,-2.24855
1,28.2005,8.1108,-2.28026
1,28.4005,8.16978,-2.31346
1,28.6005,8.23091,-2.34281
1,28.8005,8.28863,-2.37704
1,29.0005,8.34969,-2.40798
1,29.2005,8.4092,-2.44069
1,29.4005,8.46762,-2.47487
1,29.6005,8.52826,-2.50523
1,29.8005,8.5854,-2.54042
1,30.0005,8.64593,-2.57237
2,0.0005,0,0
2,0.2005,-7.7e-05,-2e-05
2,0.4005,-4e-06,-0.000322
2,0.6005,-0.000315,0.000823
2,0.8005,-0.001134,-0.002037
2,1.0005,0.001505,0.001183
2,1.2005,0.00596,6.8e-05
2,1.4005,0.013611,-0.001968
2,1.6005,0.022125,0.001678
2,1.8005,0.032271,-0.002225
2,2.0005,0.049097,-1.9e-05
2,2.2005,0.067284,-0.001276
2,2.4005,0.089094,-0.004244
2,2.6005,0.113729,-0.002114
2,2.8005,0.14007,-0.007318
2,3.0005,0.173711,-0.007573
2,3.2005,0.209123,-0.011329
2,3.4005,0.248211,-0.017149
2,3.6005,0.291089,-0.018941
2,3.8005,0.334852,-0.027594
2,4.0005,0.385192,-0.032413
2,4.2005,0.43644,-0.040531
2,4.4005,0.489887,-0.050886
2,4.6005,0.546465,-0.057615
2,4.8005,0.602151,-0.070622
2,5.0005,0.66267,-0.080224
2,5.2005,0.722685,-0.092548
2,5.4005,0.783312,-0.107028
2,5.6005,0.846108,-0.117778
2,5.8005,0.90674,-0.134355
2,6.0005,0.971164,-0.147586
2,6.2005,1.03428,-0.163118
2,6.4005,1.09723,-0.180712
2,6.6005,1.16196,-0.194491
2,6.8005,1.22392,-0.213817
2,7.0005,1.28935,-0.229845
2,7.2005,1.35313,-0.247977
2,7.4005,1.41641,-0.268095
2,7.6005,1.48143,-0.284389
2,7.8005,1.54336,-0.306061
2,8.0005,1.60871,-0.324511
2,8.2005,1.67225,-0.344954
2,8.4005,1.73516,-0.367338
2,8.6005,1.79986,-0.385928
2,8.8005,1.86124,-0.409766
2,9.0005,1.92611,-0.430482
2,9.2005,1.98907,-0.453107
2,9.4005,2.0513,-0.477644
2,9.6005,2.11544,-0.498438
2,9.8005,2.17607,-0.524356
2,10.0005,2.24026,-0.547264
2,10.2005,2.30249,-0.572011
2,10.4005,2.3639,-0.598638
2,10.6005,2.42734,-0.621586
2,10.8005,2.4871,-0.649534
2,11.0005,2.55053,-0.674591
2,11.2005,2.61191,-0.701416
2,11.4005,2.67242,-0.730093
2,11.6005,2.73508,-0.755158
2,11.8005,2.79388,-0.785096
2,12.0005,2.85644,-0.812264
2,12.2005,2.9169,-0.841132
2,12.4005,2.97644,-0.87182
2,12.6005,3.03823,-0.89897
2,12.8005,3.09601,-0.93086
2,13.0005,3.15763,-0.960108
2,13.2005,3.2171,-0.990983
2,13.4005,3.27558,-1.02365
2,13.6005,3.33643,-1.05285
2,13.8005,3.39312,-1.08665
2,14.0005,3.45374,-1.11794
2,14.2005,3.51215,-1.15079
2,14.4005,3.56951,-1.18539
2,14.6005,3.62936,-1.21661
2,14.8005,3.68489,-1.25229
2,15.0005,3.74443,-1.28559
2,15.2005,3.80171,-1.32038
2,15.4005,3.85789,-1.35687
2,15.6005,3.91666,-1.39007
2,15.8005,3.97097,-1.42759
2,16.0005,4.02937,-1.46286
2,16.2005,4.08546,-1.49954
2,16.4005,4.14039,-1.53789
2,16.6005,4.19802,-1.57304
2,16.8005,4.25106,-1.61235
2,17.0005,4.30824,-1.64955
2,17.2005,4.36308,-1.68808
2,17.4005,4.4167,-1.72825
2,17.6005,4.47313,-1.7653
2,17.8005,4.52482,-1.80636
2,18.0005,4.58074,-1.84545
2,18.2005,4.63426,-1.88579
2,18.4005,4.68651,-1.92773
2,18.6005,4.74167,-1.96664
2,18.8005,4.79196,-2.00941
2,19.0005,4.84654,-2.05034
2,19.2005,4.89869,-2.09245
2,19.4005,4.94951,-2.1361
2,19.6005,5.00334,-2.17684
2,19.8005,5.05218,-2.22126
2,20.0005,5.10536,-2.26399
2,20.2005,5.15608,-2.30782
2,20.4005,5.20541,-2.35314
2,20.6005,5.25786,-2.39565
2,20.8005,5.30518,-2.44168
2,21.0005,5.35691,-2.48617
2,21.2005,5.40614,-2.53166
2,21.4005,5.45393,-2.57861
2,21.6005,5.50493,-2.62284
2,21.8005,5.55069,-2.67042
2,22.0005,5.60091,-2.71661
2,22.2005,5.64859,-2.76372
2,22.4005,5.69479,-2.81224
2,22.6005,5.74428,-2.85815
2,22.8005,5.78843,-2.90723
2,23.0005,5.83708,-2.95507
2,23.2005,5.88316,-3.00375
2,23.4005,5.92771,-3.05378
2,23.6005,5.97565,-3.10132
2,23.8005,6.01814,-3.15185
2,24.0005,6.06516,-3.20129
2,24.2005,6.10959,-3.25147
2,24.4005,6.15245,-3.30296
2,24.6005,6.19877,-3.35208
2,24.8005,6.23955,-3.40399
2,25.0005,6.2849,-3.45497
2,25.2005,6.32763,-3.50661
2,25.4005,6.36875,-3.55951
2,25.6005,6.4134,-3.61014
2,25.8005,6.45243,-3.66339
2,26.0005,6.49605,-3.71585
2,26.2005,6.53703,-3.76889
2,26.4005,6.57636,-3.82313
2,26.6005,6.6193,-3.87522
2,26.8005,6.65653,-3.92974
2,27.0005,6.69838,-3.98364
2,27.2005,6.73757,-4.03801
2,27.4005,6.77506,-4.09353
2,27.6005,6.81624,-4.14703
2,27.8005,6.85163,-4.20276
2,28.0005,6.89165,-4.25802
2,28.2005,6.92901,-4.31367
2,28.4005,6.96463,-4.37041
2,28.6005,7.004,-4.42526
2,28.8005,7.03751,-4.48214
2,29.0005,7.07567,-4.5387
2,29.2005,7.11114,-4.59557
2,29.4005,7.14485,-4.65347
2,29.6005,7.18237,-4.7096
2,29.8005,7.21396,-4.76757
2,30.0005,7.25021,-4.82537
3,0.0005,0,0
3,0.2005,-0.000151,-4.1e-05
3,0.4005,5e-06,-0.000412
3,0.6005,-0.000377,0.000836
3,0.8005,-0.001327,-0.002101
3,1.0005,0.002187,0.001014
3,1.2005,0.006316,-6.4e-05
3,1.4005,0.014421,-0.002287
3,1.6005,0.023635,0.001275
3,1.8005,0.033697,-0.002695
3,2.0005,0.051658,-0.000988
3,2.2005,0.06983,-0.002592
3,2.4005,0.092176,-0.006346
3,2.6005,0.11782,-0.005138
3,2.8005,0.144057,-0.011259
3,3.0005,0.178792,-0.013356
3,3.2005,0.214099,-0.018853
3,3.4005,0.253232,-0.027061
3,3.6005,0.296663,-0.031684
3,3.8005,0.339517,-0.0431
3,4.0005,0.389934,-0.051921
3,4.2005,0.440046,-0.063887
3,4.4005,0.492193,-0.078674
3,4.6005,0.547991,-0.090444
3,4.8005,0.601378,-0.108181
3,5.0005,0.660539,-0.123765
3,5.2005,0.718129,-0.141812
3,5.4005,0.776138,-0.16242
3,5.6005,0.83695,-0.179937
3,5.8005,0.894145,-0.202752
3,6.0005,0.95612,-0.223469
3,6.2005,1.01583,-0.246122
3,6.4005,1.07518,-0.271126
3,6.6005,1.13703,-0.292979
3,6.8005,1.19467,-0.319691
3,7.0005,1.25678,-0.3444
3,7.2005,1.31632,-0.370749
3,7.4005,1.37516,-0.399318
3,7.6005,1.4365,-0.424773
3,7.8005,1.49328,-0.454774
3,8.0005,1.55449,-0.482931
3,8.2005,1.61298,-0.51253
3,8.4005,1.67058,-0.544266
3,8.6005,1.73078,-0.57298
3,8.8005,1.78616,-0.605971
3,9.0005,1.84601,-0.637317
3,9.2005,1.90305,-0.669938
3,9.4005,1.95907,-0.704636
3,9.6005,2.01783,-0.736431
3,9.8005,2.07154,-0.772241
3,10.0005,2.12979,-0.806625
3,10.2005,2.18515,-0.842132
3,10.4005,2.23938,-0.879653
3,10.6005,2.29649,-0.914409
3,10.8005,2.34835,-0.952915
3,11.0005,2.40481,-0.990221
3,11.2005,2.45833,-1.0285
3,11.4005,2.51061,-1.06873
3,11.6005,2.56591,-1.10634
3,11.8005,2.61577,-1.14743
3,12.0005,2.67028,-1.18755
3,12.2005,2.72182,-1.2285
3,12.4005,2.77201,-1.27133
3,12.6005,2.82534,-1.31169
3,12.8005,2.87307,-1.35525
3,13.0005,2.92549,-1.39808
3,13.2005,2.9749,-1.44158
3,13.4005,3.02287,-1.48689
3,13.6005,3.07411,-1.5299
3,13.8005,3.11958,-1.57583
3,14.0005,3.16978,-1.62125
3,14.2005,3.21692,-1.66719
3,14.4005,3.26255,-1.71487
3,14.6005,3.31155,-1.76042
3,14.8005,3.35466,-1.80858
3,15.0005,3.4025,-1.85648
3,15.2005,3.44727,-1.90475
3,15.4005,3.49044,-1.95467
3,15.6005,3.53708,-2.00263
3,15.8005,3.5777,-2.05291
3,16.0005,3.62306,-2.10317
3,16.2005,3.66535,-2.15363
3,16.4005,3.70594,-2.20568
3,16.6005,3.7501,-2.25593
3,16.8005,3.78813,-2.3082
3,17.0005,3.83091,-2.36068
3,17.2005,3.87059,-2.41322
3,17.4005,3.90851,-2.46724
3,17.6005,3.95008,-2.51966
3,17.8005,3.98543,-2.57378
3,18.0005,4.0255,-2.62836
3,18.2005,4.06249,-2.68283
3,18.4005,4.09763,-2.7387
3,18.6005,4.13651,-2.79316
3,18.8005,4.16908,-2.84899
3,19.0005,4.20635,-2.90552
3,19.2005,4.24054,-2.96179
3,19.4005,4.27282,-3.01936
3,19.6005,4.3089,-3.07571
3,19.8005,4.33861,-3.13311
3,20.0005,4.37299,-3.19145
3,20.2005,4.40429,-3.24938
3,20.4005,4.43363,-3.3085
3,20.6005,4.46682,-3.3666
3,20.8005,4.49361,-3.42543
3,21.0005,4.52499,-3.48543
3,21.2005,4.55334,-3.54486
3,21.4005,4.57965,-3.60539
3,21.6005,4.60987,-3.66509
3,21.8005,4.63365,-3.7252
3,22.0005,4.66197,-3.7867
3,22.2005,4.68729,-3.84749
3,22.4005,4.71052,-3.90927
3,22.6005,4.73769,-3.97042
3,22.8005,4.75841,-4.03165
3,23.0005,4.78359,-4.09451
3,23.2005,4.8058,-4.15649
3,23.4005,4.82589,-4.21937
3,23.6005,4.84994,-4.2818
3,23.8005,4.86754,-4.344
3,24.0005,4.88952,-4.40805
3,24.2005,4.90858,-4.47108
3,24.4005,4.92547,-4.53489
3,24.6005,4.94634,-4.59846
3,24.8005,4.96079,-4.66147
3,25.0005,4.97951,-4.72654
3,25.2005,4.99536,-4.79045
3,25.4005,5.00901,-4.85503
3,25.6005,5.02665,-4.91957
3,25.8005,5.0379,-4.98323
3,26.0005,5.05332,-5.04917
3,26.2005,5.06593,-5.11379
3,26.4005,5.0763,-5.17898
3,26.6005,5.09067,-5.24433
3,26.8005,5.09869,-5.30847
3,27.0005,5.11076,-5.3751
3,27.2005,5.1201,-5.44028
3,27.4005,5.12717,-5.50591
3,27.6005,5.13822,-5.5719
3,27.8005,5.143,-5.63637
3,28.0005,5.15169,-5.70352
3,28.2005,5.15773,-5.76909
3,28.4005,5.16148,-5.83499
3,28.6005,5.16919,-5.90145
3,28.8005,5.17071,-5.96608
3,29.0005,5.17601,-6.03359
3,29.2005,5.17873,-6.09937
3,29.4005,5.17916,-6.16538
3,29.6005,5.1835,-6.23215
3,29.8005,5.18176,-6.29677
3,30.0005,5.18364,-6.36446
