variant,t_s,x_m,y_m,yaw_cycle_mean_deg
s5_current,0.3005,-1.2e-05,-0.000116,1.29106
s5_current,0.4005,-7.7e-05,-0.000103,0.7436
s5_current,0.5005,-0.000281,0.000665,-1.41718
s5_current,0.6005,-0.000189,0.001003,-3.20026
s5_current,0.7005,-0.000701,-0.000207,-3.19492
s5_current,0.8005,-0.000634,-0.001258,-2.14559
s5_current,0.9005,0.001417,-4.5e-05,-1.07315
s5_current,1.0005,0.000388,0.002879,-0.931083
s5_current,1.1005,0.003163,0.004072,-1.53353
s5_current,1.2005,0.005616,0.002824,-2.62986
s5_current,1.3005,0.006659,0.001496,-3.53479
s5_current,1.4005,0.012246,0.002418,-4.21246
s5_current,1.5005,0.014776,0.005967,-4.73453
s5_current,1.6005,0.020103,0.007763,-5.32142
s5_current,1.7005,0.026206,0.006898,-6.00339
s5_current,1.8005,0.030412,0.005818,-6.72769
s5_current,1.9005,0.039271,0.006651,-7.41962
s5_current,2.0005,0.045852,0.010161,-8.00103
s5_current,2.1005,0.054811,0.011847,-8.50521
s5_current,2.2005,0.064578,0.010848,-8.99588
s5_current,2.3005,0.072791,0.00972,-9.55495
s5_current,2.4005,0.085448,0.010277,-10.1155
s5_current,2.5005,0.096425,0.013418,-10.5737
s5_current,2.6005,0.109599,0.014683,-10.94
s5_current,2.7005,0.123453,0.013316,-11.2904
s5_current,2.8005,0.136176,0.011782,-11.7137
s5_current,2.9005,0.152993,0.011712,-12.1373
s5_current,3.0005,0.168675,0.014056,-12.4549
s5_current,3.1005,0.186326,0.01458,-12.6912
s5_current,3.2005,0.204558,0.012592,-12.9227
s5_current,3.3005,0.221977,0.010388,-13.2196
s5_current,3.4005,0.243037,0.009526,-13.5071
s5_current,3.5005,0.263399,0.010871,-13.6974
s5_current,3.6005,0.285376,0.010494,-13.8317
s5_current,3.7005,0.307827,0.007704,-13.9783
s5_current,3.8005,0.329595,0.004665,-14.1729
s5_current,3.9005,0.354495,0.002932,-14.3454
s5_current,4.0005,0.378965,0.00329,-14.4375
s5_current,4.1005,0.404638,0.002093,-14.5008
s5_current,4.2005,0.430647,-0.001426,-14.5881
s5_current,4.3005,0.455927,-0.005247,-14.7073
s5_current,4.4005,0.48386,-0.007769,-14.8007
s5_current,4.5005,0.511468,-0.008238,-14.8359
s5_current,4.6005,0.539905,-0.010085,-14.8595
s5_current,4.7005,0.568529,-0.014169,-14.907
s5_current,4.8005,0.596308,-0.018585,-14.9741
s5_current,4.9005,0.626365,-0.021683,-15.0201
s5_current,5.0005,0.656108,-0.022731,-15.0293
s5_current,5.1005,0.686393,-0.025027,-15.0353
s5_current,5.2005,0.716736,-0.029505,-15.0597
s5_current,5.3005,0.74612,-0.034329,-15.0956
s5_current,5.4005,0.777529,-0.03781,-15.117
s5_current,5.5005,0.808605,-0.039224,-15.1166
s5_current,5.6005,0.840036,-0.041796,-15.116
s5_current,5.7005,0.871433,-0.046514,-15.1279
s5_current,5.8005,0.901788,-0.05159,-15.1468
s5_current,5.9005,0.934011,-0.055312,-15.1568
s5_current,6.0005,0.96588,-0.056953,-15.1542
s5_current,6.1005,0.99799,-0.059695,-15.152
s5_current,6.2005,1.03001,-0.064555,-15.1577
s5_current,6.3005,1.06094,-0.069777,-15.1674
s5_current,6.4005,1.09364,-0.073637,-15.1721
s5_current,6.5005,1.12597,-0.075412,-15.1697
s5_current,6.6005,1.15848,-0.078258,-15.1677
s5_current,6.7005,1.19086,-0.083205,-15.1705
s5_current,6.8005,1.22212,-0.088513,-15.1757
s5_current,6.9005,1.2551,-0.092452,-15.1779
s5_current,7.0005,1.2877,-0.094303,-15.176
s5_current,7.1005,1.32044,-0.097207,-15.1746
s5_current,7.2005,1.35303,-0.102206,-15.1759
s5_current,7.3005,1.38448,-0.107565,-15.1787
s5_current,7.4005,1.41762,-0.11155,-15.1798
s5_current,7.5005,1.45038,-0.113445,-15.1787
s5_current,7.6005,1.48324,-0.116384,-15.1777
s5_current,7.7005,1.51596,-0.121412,-15.1783
s5_current,7.8005,1.54752,-0.1268,-15.1797
s5_current,7.9005,1.58075,-0.130812,-15.1802
s5_current,8.0005,1.61359,-0.132732,-15.1796
s5_current,8.1005,1.64654,-0.13569,-15.1791
s5_current,8.2005,1.67932,-0.140736,-15.1794
s5_current,8.3005,1.71094,-0.146141,-15.1801
s5_current,8.4005,1.74423,-0.150169,-15.1804
s5_current,8.5005,1.77712,-0.152103,-15.18
s5_current,8.6005,1.81011,-0.155071,-15.1797
s5_current,8.7005,1.84293,-0.160127,-15.1799
s5_current,8.8005,1.87459,-0.165543,-15.1803
s5_current,8.9005,1.90791,-0.16958,-15.1804
s5_current,9.0005,1.94083,-0.171522,-15.1801
s5_current,9.1005,1.97384,-0.174497,-15.18
s5_current,9.2005,2.00669,-0.179558,-15.1801
s5_current,9.3005,2.03837,-0.18498,-15.1803
s5_current,9.4005,2.07171,-0.189022,-15.1804
s5_current,9.5005,2.10465,-0.19097,-15.1802
s5_current,9.6005,2.13768,-0.193949,-15.1801
s5_current,9.7005,2.17054,-0.199014,-15.1802
s5_current,9.8005,2.20223,-0.204439,-15.1803
s5_current,9.9005,2.23558,-0.208485,-15.1803
s5_current,10.0005,2.26853,-0.210436,-15.1802
s5_current,10.1005,2.30157,-0.213418,-15.1802
s5_current,10.2005,2.33444,-0.218484,-15.1802
s5_current,10.3005,2.36614,-0.223912,-15.1803
s5_current,10.4005,2.3995,-0.227959,-15.1803
s5_current,10.5005,2.43246,-0.229912,-15.1803
s5_current,10.6005,2.4655,-0.232896,-15.1802
s5_current,10.7005,2.49838,-0.237965,-15.1802
s5_current,10.8005,2.53008,-0.243393,-15.1803
s5_current,10.9005,2.56344,-0.247442,-15.1803
s5_current,11.0005,2.59641,-0.249396,-15.1803
s5_current,11.1005,2.62946,-0.252381,-15.1802
s5_current,11.2005,2.66234,-0.257451,-15.1803
s5_current,11.3005,2.69405,-0.262881,-15.1803
s5_current,11.4005,2.72741,-0.26693,-15.1803
s5_current,11.5005,2.76038,-0.268886,-15.1803
s5_current,11.6005,2.79343,-0.271871,-15.1803
s5_current,11.7005,2.82631,-0.276942,-15.1803
s5_current,11.8005,2.85803,-0.282372,-15.1803
s5_current,11.9005,2.89139,-0.286423,-15.1803
s5_current,12.0005,2.92436,-0.288378,-15.1803
s5_current,12.1005,2.95742,-0.291364,-15.1803
s5_current,12.2005,2.9903,-0.296435,-15.1803
s5_current,12.3005,3.02202,-0.301867,-15.1803
s5_current,12.4005,3.05538,-0.305917,-15.1803
s5_current,12.5005,3.08836,-0.307874,-15.1803
s5_current,12.6005,3.12141,-0.31086,-15.1803
s5_current,12.7005,3.1543,-0.315932,-15.1803
s5_current,12.8005,3.18601,-0.321363,-15.1803
s5_current,12.9005,3.21938,-0.325414,-15.1803
s5_current,13.0005,3.25236,-0.327371,-15.1803
s5_current,13.1005,3.28541,-0.330358,-15.1803
s5_current,13.2005,3.3183,-0.33543,-15.1803
s5_current,13.3005,3.35002,-0.340862,-15.1803
s5_current,13.4005,3.38339,-0.344913,-15.1803
s5_current,13.5005,3.41636,-0.34687,-15.1803
s5_current,13.6005,3.44942,-0.349857,-15.1803
s5_current,13.7005,3.48231,-0.354929,-15.1803
s5_current,13.8005,3.51403,-0.360361,-15.1803
s5_current,13.9005,3.5474,-0.364413,-15.1803
s5_current,14.0005,3.58038,-0.36637,-15.1803
s5_current,14.1005,3.61343,-0.369358,-15.1803
s5_current,14.2005,3.64632,-0.37443,-15.1803
s5_current,14.3005,3.67804,-0.379862,-15.1803
s5_current,14.4005,3.71141,-0.383914,-15.1803
s5_current,14.5005,3.74439,-0.385872,-15.1803
s5_current,14.6005,3.77745,-0.388859,-15.1803
s5_current,14.7005,3.81034,-0.393932,-15.1803
s5_current,14.8005,3.84206,-0.399364,-15.1803
s5_current,14.9005,3.87543,-0.403416,-15.1803
s5_current,15.0005,3.90841,-0.405374,-15.1803
s5_current,15.1005,3.94147,-0.408362,-15.1803
s5_current,15.2005,3.97436,-0.413434,-15.1803
s5_current,15.3005,4.00608,-0.418867,-15.1803
s5_current,15.4005,4.03945,-0.422919,-15.1803
s5_current,15.5005,4.07243,-0.424877,-15.1803
s5_current,15.6005,4.10549,-0.427865,-15.1803
s5_current,15.7005,4.13838,-0.432938,-15.1803
s5_current,15.8005,4.1701,-0.438371,-15.1803
s5_current,15.9005,4.20348,-0.442423,-15.1803
s5_current,16.0005,4.23646,-0.444381,-15.1803
s5_current,16.1005,4.26951,-0.447369,-15.1803
s5_current,16.2005,4.30241,-0.452442,-15.1803
s5_current,16.3005,4.33413,-0.457875,-15.1803
s5_current,16.4005,4.3675,-0.461927,-15.1803
s5_current,16.5005,4.40048,-0.463885,-15.1803
s5_current,16.6005,4.43354,-0.466873,-15.1803
s5_current,16.7005,4.46643,-0.471946,-15.1803
s5_current,16.8005,4.49816,-0.47738,-15.1803
s5_current,16.9005,4.53153,-0.481432,-15.1803
s5_current,17.0005,4.56451,-0.48339,-15.1803
s5_current,17.1005,4.59757,-0.486378,-15.1803
s5_current,17.2005,4.63046,-0.491451,-15.1803
s5_current,17.3005,4.66219,-0.496885,-15.1803
s5_current,17.4005,4.69556,-0.500937,-15.1803
s5_current,17.5005,4.72854,-0.502895,-15.1803
s5_current,17.6005,4.7616,-0.505883,-15.1803
s5_current,17.7005,4.7945,-0.510957,-15.1803
s5_current,17.8005,4.82622,-0.51639,-15.1803
s5_current,17.9005,4.85959,-0.520443,-15.1803
s5_current,18.0005,4.89257,-0.522401,-15.1803
s5_current,18.1005,4.92563,-0.525389,-15.1803
s5_current,18.2005,4.95853,-0.530463,-15.1803
s5_current,18.3005,4.99025,-0.535896,-15.1803
s5_current,18.4005,5.02362,-0.539949,-15.1803
s5_current,18.5005,5.0566,-0.541907,-15.1803
s5_current,18.6005,5.08966,-0.544895,-15.1803
s5_current,18.7005,5.12256,-0.549969,-15.1803
s5_current,18.8005,5.15428,-0.555402,-15.1803
s5_current,18.9005,5.18766,-0.559455,-15.1803
s5_current,19.0005,5.22064,-0.561413,-15.1803
s5_current,19.1005,5.2537,-0.564401,-15.1803
s5_current,19.2005,5.28659,-0.569475,-15.1803
s5_current,19.3005,5.31832,-0.574909,-15.1803
s5_current,19.4005,5.35169,-0.578961,-15.1803
s5_current,19.5005,5.38467,-0.580919,-15.1803
s5_current,19.6005,5.41773,-0.583908,-15.1803
s5_current,19.7005,5.45063,-0.588982,-15.1803
s5_current,19.8005,5.48235,-0.594415,-15.1803
s5_current,19.9005,5.51573,-0.598468,-15.1803
s5_current,20.0005,5.54871,-0.600426,-15.1803
s5_current,20.1005,5.58177,-0.603415,-15.1803
s5_current,20.2005,5.61466,-0.608488,-15.1803
s5_current,20.3005,5.64639,-0.613922,-15.1803
s5_current,20.4005,5.67976,-0.617975,-15.1803
s5_current,20.5005,5.71274,-0.619933,-15.1803
s5_current,20.6005,5.7458,-0.622922,-15.1803
s5_current,20.7005,5.7787,-0.627995,-15.1803
s5_current,20.8005,5.81042,-0.633429,-15.1803
s5_current,20.9005,5.8438,-0.637482,-15.1803
s5_current,21.0005,5.87678,-0.63944,-15.1803
s5_current,21.1005,5.90984,-0.642429,-15.1803
s5_current,21.2005,5.94274,-0.647503,-15.1803
s5_current,21.3005,5.97446,-0.652936,-15.1803
s5_current,21.4005,6.00783,-0.656989,-15.1803
s5_current,21.5005,6.04082,-0.658947,-15.1803
s5_current,21.6005,6.07388,-0.661936,-15.1803
s5_current,21.7005,6.10677,-0.66701,-15.1803
s5_current,21.8005,6.1385,-0.672443,-15.1803
s5_current,21.9005,6.17187,-0.676496,-15.1803
s5_current,22.0005,6.20485,-0.678455,-15.1803
s5_current,22.1005,6.23791,-0.681443,-15.1803
s5_current,22.2005,6.27081,-0.686517,-15.1803
s5_current,22.3005,6.30253,-0.691951,-15.1803
s5_current,22.4005,6.33591,-0.696003,-15.1803
s5_current,22.5005,6.36889,-0.697962,-15.1803
s5_current,22.6005,6.40195,-0.700951,-15.1803
s5_current,22.7005,6.43485,-0.706025,-15.1803
s5_current,22.8005,6.46657,-0.711458,-15.1803
s5_current,22.9005,6.49995,-0.715511,-15.1803
s5_current,23.0005,6.53293,-0.717469,-15.1803
s5_current,23.1005,6.56599,-0.720458,-15.1803
s5_current,23.2005,6.59889,-0.725532,-15.1803
s5_current,23.3005,6.63061,-0.730966,-15.1803
s5_current,23.4005,6.66399,-0.735018,-15.1803
s5_current,23.5005,6.69697,-0.736977,-15.1803
s5_current,23.6005,6.73003,-0.739966,-15.1803
s5_current,23.7005,6.76293,-0.74504,-15.1803
s5_current,23.8005,6.79465,-0.750473,-15.1803
s5_current,23.9005,6.82802,-0.754526,-15.1803
s5_current,24.0005,6.86101,-0.756485,-15.1803
s5_current,24.1005,6.89407,-0.759473,-15.1803
s5_current,24.2005,6.92696,-0.764547,-15.1803
s5_current,24.3005,6.95869,-0.769981,-15.1803
s5_current,24.4005,6.99206,-0.774034,-15.1803
s5_current,24.5005,7.02505,-0.775992,-15.1803
s5_current,24.6005,7.05811,-0.778981,-15.1803
s5_current,24.7005,7.091,-0.784055,-15.1803
s5_current,24.8005,7.12273,-0.789489,-15.1803
s5_current,24.9005,7.1561,-0.793541,-15.1803
s5_current,25.0005,7.18908,-0.7955,-15.1803
s5_current,25.1005,7.22215,-0.798489,-15.1803
s5_current,25.2005,7.25504,-0.803563,-15.1803
s5_current,25.3005,7.28677,-0.808996,-15.1803
s5_current,25.4005,7.32014,-0.813049,-15.1803
s5_current,25.5005,7.35312,-0.815008,-15.1803
s5_current,25.6005,7.38618,-0.817996,-15.1803
s5_current,25.7005,7.41908,-0.82307,-15.1803
s5_current,25.8005,7.4508,-0.828504,-15.1803
s5_current,25.9005,7.48418,-0.832557,-15.1803
s5_current,26.0005,7.51716,-0.834516,-15.1803
s5_current,26.1005,7.55022,-0.837504,-15.1803
s5_current,26.2005,7.58312,-0.842578,-15.1803
s5_current,26.3005,7.61484,-0.848012,-15.1803
s5_current,26.4005,7.64822,-0.852065,-15.1803
s5_current,26.5005,7.6812,-0.854023,-15.1803
s5_current,26.6005,7.71426,-0.857012,-15.1803
s5_current,26.7005,7.74716,-0.862086,-15.1803
s5_current,26.8005,7.77888,-0.86752,-15.1803
s5_current,26.9005,7.81226,-0.871573,-15.1803
s5_current,27.0005,7.84524,-0.873531,-15.1803
s5_current,27.1005,7.8783,-0.87652,-15.1803
s5_current,27.2005,7.9112,-0.881594,-15.1803
s5_current,27.3005,7.94292,-0.887028,-15.1803
s5_current,27.4005,7.9763,-0.891081,-15.1803
s5_current,27.5005,8.00928,-0.893039,-15.1803
s5_current,27.6005,8.04234,-0.896028,-15.1803
s5_current,27.7005,8.07524,-0.901102,-15.1803
s5_current,27.8005,8.10696,-0.906536,-15.1803
s5_current,27.9005,8.14034,-0.910589,-15.1803
s5_current,28.0005,8.17332,-0.912547,-15.1803
s5_current,28.1005,8.20638,-0.915536,-15.1803
s5_current,28.2005,8.23928,-0.92061,-15.1803
s5_current,28.3005,8.271,-0.926044,-15.1803
s5_current,28.4005,8.30438,-0.930096,-15.1803
s5_current,28.5005,8.33736,-0.932055,-15.1803
s5_current,28.6005,8.37042,-0.935044,-15.1803
s5_current,28.7005,8.40332,-0.940118,-15.1803
s5_current,28.8005,8.43504,-0.945552,-15.1803
s5_current,28.9005,8.46842,-0.949604,-15.1803
s5_current,29.0005,8.5014,-0.951563,-15.1803
s5_current,29.1005,8.53446,-0.954552,-15.1803
s5_current,29.2005,8.56736,-0.959626,-15.1803
s5_current,29.3005,8.59908,-0.96506,-15.1803
s5_current,29.4005,8.63246,-0.969112,-15.1803
s5_current,29.5005,8.66544,-0.971071,-15.1803
s5_current,29.6005,8.6985,-0.97406,-15.1803
s5_current,29.7005,8.7314,-0.979134,-15.1803
s5_current_heading,0.3005,-1.2e-05,-0.000117,1.25207
s5_current_heading,0.4005,-7.7e-05,-9.3e-05,0.605019
s5_current_heading,0.5005,-0.000277,0.000686,-1.55573
s5_current_heading,0.6005,-0.000184,0.000971,-3.21249
s5_current_heading,0.7005,-0.000749,-0.000299,-2.99641
s5_current_heading,0.8005,-0.000517,-0.00126,-1.80323
s5_current_heading,0.9005,0.001325,8e-05,-0.611596
s5_current_heading,1.0005,0.00026,0.002992,-0.462199
s5_current_heading,1.1005,0.003277,0.004097,-1.12687
s5_current_heading,1.2005,0.005631,0.002807,-2.3016
s5_current_heading,1.3005,0.006814,0.001517,-3.15851
s5_current_heading,1.4005,0.012441,0.002516,-3.71104
s5_current_heading,1.5005,0.014939,0.006086,-4.06808
s5_current_heading,1.6005,0.02043,0.007897,-4.51261
s5_current_heading,1.7005,0.026754,0.007038,-5.0548
s5_current_heading,1.8005,0.031129,0.005978,-5.62367
s5_current_heading,1.9005,0.040025,0.006914,-6.1362
s5_current_heading,2.0005,0.046586,0.010462,-6.51087
s5_current_heading,2.1005,0.055738,0.012213,-6.80056
s5_current_heading,2.2005,0.065903,0.011251,-7.06021
s5_current_heading,2.3005,0.074363,0.010172,-7.3899
s5_current_heading,2.4005,0.087049,0.01095,-7.71195
s5_current_heading,2.5005,0.097971,0.014209,-7.92386
s5_current_heading,2.6005,0.111383,0.015641,-8.04055
s5_current_heading,2.7005,0.125761,0.014421,-8.13255
s5_current_heading,2.8005,0.138821,0.013038,-8.29631
s5_current_heading,2.9005,0.15569,0.013375,-8.45435
s5_current_heading,3.0005,0.171304,0.016026,-8.49342
s5_current_heading,3.1005,0.18922,0.016939,-8.44026
s5_current_heading,3.2005,0.208082,0.015326,-8.37439
s5_current_heading,3.3005,0.225945,0.013518,-8.37654
s5_current_heading,3.4005,0.247097,0.013384,-8.37059
s5_current_heading,3.5005,0.267363,0.015363,-8.27299
s5_current_heading,3.6005,0.289628,0.015729,-8.12517
s5_current_heading,3.7005,0.312799,0.013692,-7.99843
s5_current_heading,3.8005,0.335116,0.011422,-7.93564
s5_current_heading,3.9005,0.360172,0.010844,-7.86672
s5_current_heading,4.0005,0.384551,0.012291,-7.72869
s5_current_heading,4.1005,0.410533,0.012294,-7.56736
s5_current_heading,4.2005,0.437311,0.010005,-7.44025
s5_current_heading,4.3005,0.463233,0.007427,-7.3522
s5_current_heading,4.4005,0.4914,0.006547,-7.24959
s5_current_heading,4.5005,0.518947,0.00767,-7.10375
s5_current_heading,4.6005,0.547722,0.007517,-6.9592
s5_current_heading,4.7005,0.57717,0.005171,-6.8512
s5_current_heading,4.8005,0.60567,0.00248,-6.76977
s5_current_heading,4.9005,0.636036,0.001501,-6.67625
s5_current_heading,5.0005,0.665768,0.002531,-6.5511
s5_current_heading,5.1005,0.696434,0.002398,-6.42399
s5_current_heading,5.2005,0.727654,0.000126,-6.31912
s5_current_heading,5.3005,0.757834,-0.002518,-6.22768
s5_current_heading,5.4005,0.789621,-0.003434,-6.12555
s5_current_heading,5.5005,0.820728,-0.002332,-6.00308
s5_current_heading,5.6005,0.852584,-0.002316,-5.88181
s5_current_heading,5.7005,0.884921,-0.004406,-5.77501
s5_current_heading,5.8005,0.916144,-0.006898,-5.67616
s5_current_heading,5.9005,0.948804,-0.007653,-5.56995
s5_current_heading,6.0005,0.980742,-0.006385,-5.45657
s5_current_heading,6.1005,1.01332,-0.006154,-5.34959
s5_current_heading,6.2005,1.04634,-0.007998,-5.25454
s5_current_heading,6.3005,1.0782,-0.010272,-5.16166
s5_current_heading,6.4005,1.1114,-0.010803,-5.0632
s5_current_heading,6.5005,1.14384,-0.009311,-4.95483
s5_current_heading,6.6005,1.17685,-0.008827,-4.84452
s5_current_heading,6.7005,1.2103,-0.010406,-4.73724
s5_current_heading,6.8005,1.24256,-0.012424,-4.6338
s5_current_heading,6.9005,1.27608,-0.012688,-4.52852
s5_current_heading,7.0005,1.30882,-0.010936,-4.42292
s5_current_heading,7.1005,1.3421,-0.010179,-4.32052
s5_current_heading,7.2005,1.37582,-0.011472,-4.22305
s5_current_heading,7.3005,1.40833,-0.013221,-4.12617
s5_current_heading,7.4005,1.44206,-0.013206,-4.0273
s5_current_heading,7.5005,1.47499,-0.011177,-3.92786
s5_current_heading,7.6005,1.50844,-0.010131,-3.8298
s5_current_heading,7.7005,1.54233,-0.011129,-3.73537
s5_current_heading,7.8005,1.575,-0.0126,-3.64693
s5_current_heading,7.9005,1.60888,-0.012295,-3.56185
s5_current_heading,8.0005,1.64193,-0.009981,-3.47292
s5_current_heading,8.1005,1.6755,-0.008648,-3.37977
s5_current_heading,8.2005,1.7095,-0.009355,-3.2836
s5_current_heading,8.3005,1.7423,-0.010537,-3.18094
s5_current_heading,8.4005,1.77627,-0.009935,-3.07298
s5_current_heading,8.5005,1.80939,-0.007336,-2.9676
s5_current_heading,8.6005,1.84303,-0.005705,-2.86818
s5_current_heading,8.7005,1.87713,-0.00611,-2.77467
s5_current_heading,8.8005,1.91002,-0.007012,-2.68748
s5_current_heading,8.9005,1.94406,-0.00612,-2.60439
s5_current_heading,9.0005,1.97724,-0.003232,-2.5218
s5_current_heading,9.1005,2.01094,-0.00131,-2.43784
s5_current_heading,9.2005,2.0451,-0.00142,-2.3537
s5_current_heading,9.3005,2.07806,-0.002033,-2.26806
s5_current_heading,9.4005,2.11216,-0.000846,-2.18177
s5_current_heading,9.5005,2.14539,0.002327,-2.09653
s5_current_heading,9.6005,2.17913,0.004538,-2.01308
s5_current_heading,9.7005,2.21334,0.004722,-1.9307
s5_current_heading,9.8005,2.24636,0.00439,-1.8476
s5_current_heading,9.9005,2.28051,0.005866,-1.76399
s5_current_heading,10.0005,2.31377,0.009323,-1.68058
s5_current_heading,10.1005,2.34755,0.011821,-1.59579
s5_current_heading,10.2005,2.38181,0.012293,-1.5111
s5_current_heading,10.3005,2.41488,0.01224,-1.42744
s5_current_heading,10.4005,2.44908,0.014003,-1.34488
s5_current_heading,10.5005,2.48236,0.017738,-1.26314
s5_current_heading,10.6005,2.51617,0.020517,-1.18346
s5_current_heading,10.7005,2.55048,0.021274,-1.10577
s5_current_heading,10.8005,2.5836,0.021497,-1.03251
s5_current_heading,10.9005,2.61783,0.023539,-0.962666
s5_current_heading,11.0005,2.65114,0.02755,-0.890843
s5_current_heading,11.1005,2.68498,0.030604,-0.813395
s5_current_heading,11.2005,2.71931,0.031634,-0.732706
s5_current_heading,11.3005,2.75248,0.032131,-0.650657
s5_current_heading,11.4005,2.78674,0.034455,-0.568083
s5_current_heading,11.5005,2.82007,0.038736,-0.486928
s5_current_heading,11.6005,2.85393,0.042061,-0.40859
s5_current_heading,11.7005,2.8883,0.043368,-0.333542
s5_current_heading,11.8005,2.9215,0.044128,-0.261847
s5_current_heading,11.9005,2.95579,0.046722,-0.192636
s5_current_heading,12.0005,2.98914,0.051267,-0.1301
s5_current_heading,12.1005,3.02302,0.054858,-0.0721251
s5_current_heading,12.2005,3.05741,0.056438,-0.0180596
s5_current_heading,12.3005,3.09065,0.057455,0.0378989
s5_current_heading,12.4005,3.12497,0.06031,0.0940797
s5_current_heading,12.5005,3.15834,0.065113,0.153641
s5_current_heading,12.6005,3.19224,0.068965,0.217531
s5_current_heading,12.7005,3.22666,0.070802,0.281788
s5_current_heading,12.8005,3.25992,0.072074,0.34095
s5_current_heading,12.9005,3.29427,0.075188,0.39611
s5_current_heading,13.0005,3.32765,0.08024,0.448917
s5_current_heading,13.1005,3.36157,0.084336,0.502972
s5_current_heading,13.2005,3.39601,0.086421,0.557933
s5_current_heading,13.3005,3.4293,0.087936,0.61776
s5_current_heading,13.4005,3.46367,0.091298,0.680406
s5_current_heading,13.5005,3.49707,0.09659,0.743436
s5_current_heading,13.6005,3.531,0.100931,0.803577
s5_current_heading,13.7005,3.56546,0.103261,0.861897
s5_current_heading,13.8005,3.59878,0.105009,0.919718
s5_current_heading,13.9005,3.63317,0.108605,0.976995
s5_current_heading,14.0005,3.66658,0.114129,1.03029
s5_current_heading,14.1005,3.70052,0.118705,1.08011
s5_current_heading,14.2005,3.73499,0.121272,1.12678
s5_current_heading,14.3005,3.76833,0.123246,1.17174
s5_current_heading,14.4005,3.80274,0.12707,1.21505
s5_current_heading,14.5005,3.83617,0.132821,1.2593
s5_current_heading,14.6005,3.87012,0.137621,1.30689
s5_current_heading,14.7005,3.9046,0.140411,1.35482
s5_current_heading,14.8005,3.93797,0.142606,1.40151
s5_current_heading,14.9005,3.9724,0.146655,1.44641
s5_current_heading,15.0005,4.00583,0.152621,1.4889
s5_current_heading,15.1005,4.03979,0.157635,1.53082
s5_current_heading,15.2005,4.07429,0.160641,1.57134
s5_current_heading,15.3005,4.10767,0.163044,1.61187
s5_current_heading,15.4005,4.14212,0.167304,1.65173
s5_current_heading,15.5005,4.17556,0.173477,1.69142
s5_current_heading,15.6005,4.20953,0.178698,1.73171
s5_current_heading,15.7005,4.24403,0.181908,1.77202
s5_current_heading,15.8005,4.27743,0.184512,1.81379
s5_current_heading,15.9005,4.31189,0.188973,1.85645
s5_current_heading,16.0005,4.34534,0.195343,1.89948
s5_current_heading,16.1005,4.37932,0.200761,1.94137
s5_current_heading,16.2005,4.41383,0.20417,1.98063
s5_current_heading,16.3005,4.44724,0.206965,2.01657
s5_current_heading,16.4005,4.48171,0.211619,2.04947
s5_current_heading,16.5005,4.51517,0.218176,2.07554
s5_current_heading,16.6005,4.54915,0.22378,2.09713
s5_current_heading,16.7005,4.58366,0.227378,2.11627
s5_current_heading,16.8005,4.61707,0.230352,2.14175
s5_current_heading,16.9005,4.65156,0.235185,2.17119
s5_current_heading,17.0005,4.68503,0.241921,2.2082
s5_current_heading,17.1005,4.71901,0.247707,2.25062
s5_current_heading,17.2005,4.75353,0.25148,2.29539
s5_current_heading,17.3005,4.78697,0.254629,2.33995
s5_current_heading,17.4005,4.82146,0.259638,2.38469
s5_current_heading,17.5005,4.85492,0.26654,2.42623
s5_current_heading,17.6005,4.88891,0.272494,2.46521
s5_current_heading,17.7005,4.92343,0.276439,2.50198
s5_current_heading,17.8005,4.95687,0.27975,2.53401
s5_current_heading,17.9005,4.99137,0.284925,2.56189
s5_current_heading,18.0005,5.02483,0.291992,2.58687
s5_current_heading,18.1005,5.05882,0.298105,2.61141
s5_current_heading,18.2005,5.09333,0.30221,2.63495
s5_current_heading,18.3005,5.12678,0.30568,2.65988
s5_current_heading,18.4005,5.16129,0.311013,2.68505
s5_current_heading,18.5005,5.19476,0.318236,2.7108
s5_current_heading,18.6005,5.22874,0.324506,2.73772
s5_current_heading,18.7005,5.26326,0.328764,2.76397
s5_current_heading,18.8005,5.29671,0.332384,2.7891
s5_current_heading,18.9005,5.33123,0.337868,2.81312
s5_current_heading,19.0005,5.3647,0.345237,2.82937
s5_current_heading,19.1005,5.39869,0.35165,2.83758
s5_current_heading,19.2005,5.4332,0.356058,2.83855
s5_current_heading,19.3005,5.46665,0.359814,2.84025
s5_current_heading,19.4005,5.50118,0.365432,2.84183
s5_current_heading,19.5005,5.53467,0.372938,2.84912
s5_current_heading,19.6005,5.56866,0.379487,2.86396
s5_current_heading,19.7005,5.60316,0.384023,2.88229
s5_current_heading,19.8005,5.63662,0.387912,2.89695
s5_current_heading,19.9005,5.67115,0.393663,2.90815
s5_current_heading,20.0005,5.70464,0.401293,2.91436
s5_current_heading,20.1005,5.73862,0.407961,2.91827
s5_current_heading,20.2005,5.77312,0.412617,2.91945
s5_current_heading,20.3005,5.80658,0.416622,2.92454
s5_current_heading,20.4005,5.84112,0.422488,2.93192
s5_current_heading,20.5005,5.87461,0.430231,2.94305
s5_current_heading,20.6005,5.9086,0.437014,2.95651
s5_current_heading,20.7005,5.94309,0.441778,2.97249
s5_current_heading,20.8005,5.97655,0.445892,2.9931
s5_current_heading,20.9005,6.01109,0.451863,3.01729
s5_current_heading,21.0005,6.04458,0.459709,3.04181
s5_current_heading,21.1005,6.07856,0.466597,3.06594
s5_current_heading,21.2005,6.11306,0.471468,3.0873
s5_current_heading,21.3005,6.14652,0.475679,3.09808
s5_current_heading,21.4005,6.18106,0.481751,3.10074
s5_current_heading,21.5005,6.21456,0.489696,3.09888
s5_current_heading,21.6005,6.24854,0.496674,3.09734
s5_current_heading,21.7005,6.28302,0.501635,3.09471
s5_current_heading,21.8005,6.31648,0.505941,3.09121
s5_current_heading,21.9005,6.35103,0.512106,3.08599
s5_current_heading,22.0005,6.38453,0.520144,3.07951
s5_current_heading,22.1005,6.41851,0.527209,3.07098
s5_current_heading,22.2005,6.45298,0.532255,3.06191
s5_current_heading,22.3005,6.48644,0.536644,3.06372
s5_current_heading,22.4005,6.52099,0.542887,3.07326
s5_current_heading,22.5005,6.5545,0.551002,3.08694
s5_current_heading,22.6005,6.58847,0.558152,3.10311
s5_current_heading,22.7005,6.62295,0.563279,3.11876
s5_current_heading,22.8005,6.65641,0.567741,3.12656
s5_current_heading,22.9005,6.69096,0.574058,3.1287
s5_current_heading,23.0005,6.72446,0.582245,3.12313
s5_current_heading,23.1005,6.75844,0.589459,3.11237
s5_current_heading,23.2005,6.7929,0.594654,3.09805
s5_current_heading,23.3005,6.82635,0.599182,3.08352
s5_current_heading,23.4005,6.86091,0.605562,3.06771
s5_current_heading,23.5005,6.89443,0.613816,3.05669
s5_current_heading,23.6005,6.9284,0.621092,3.0524
s5_current_heading,23.7005,6.96286,0.626341,3.05175
s5_current_heading,23.8005,6.99631,0.630931,3.05376
s5_current_heading,23.9005,7.03087,0.637372,3.05734
s5_current_heading,24.0005,7.06439,0.645678,3.05744
s5_current_heading,24.1005,7.09836,0.653009,3.05242
s5_current_heading,24.2005,7.13282,0.658313,3.04268
s5_current_heading,24.3005,7.16627,0.66295,3.03007
s5_current_heading,24.4005,7.20083,0.669434,3.01503
s5_current_heading,24.5005,7.23435,0.677789,3.00013
s5_current_heading,24.6005,7.26833,0.685164,2.98786
s5_current_heading,24.7005,7.30278,0.690508,2.9764
s5_current_heading,24.8005,7.33622,0.695189,2.96823
s5_current_heading,24.9005,7.37079,0.701715,2.96218
s5_current_heading,25.0005,7.40431,0.710107,2.95554
s5_current_heading,25.1005,7.43829,0.717519,2.94703
s5_current_heading,25.2005,7.47273,0.7229,2.93764
s5_current_heading,25.3005,7.50617,0.727614,2.93052
s5_current_heading,25.4005,7.54074,0.734169,2.92494
s5_current_heading,25.5005,7.57427,0.742593,2.91915
s5_current_heading,25.6005,7.60824,0.750037,2.91177
s5_current_heading,25.7005,7.64268,0.755448,2.90273
s5_current_heading,25.8005,7.67612,0.760188,2.89356
s5_current_heading,25.9005,7.71069,0.766767,2.88405
s5_current_heading,26.0005,7.74422,0.775216,2.87664
s5_current_heading,26.1005,7.77819,0.782683,2.8742
s5_current_heading,26.2005,7.81263,0.788114,2.87419
s5_current_heading,26.3005,7.84606,0.792877,2.87083
s5_current_heading,26.4005,7.88063,0.799481,2.86469
s5_current_heading,26.5005,7.91417,0.807952,2.85596
s5_current_heading,26.6005,7.94814,0.815435,2.84649
s5_current_heading,26.7005,7.98257,0.820881,2.83503
s5_current_heading,26.8005,8.016,0.825662,2.82204
s5_current_heading,26.9005,8.05058,0.832282,2.80745
s5_current_heading,27.0005,8.08412,0.840768,2.7917
s5_current_heading,27.1005,8.11809,0.848264,2.77494
s5_current_heading,27.2005,8.15251,0.853723,2.75835
s5_current_heading,27.3005,8.18594,0.858516,2.74422
s5_current_heading,27.4005,8.22052,0.865143,2.73185
s5_current_heading,27.5005,8.25407,0.873639,2.72234
s5_current_heading,27.6005,8.28804,0.881146,2.71611
s5_current_heading,27.7005,8.32246,0.886611,2.71121
s5_current_heading,27.8005,8.35589,0.891411,2.70452
s5_current_heading,27.9005,8.39047,0.898046,2.69621
s5_current_heading,28.0005,8.42402,0.906547,2.68328
s5_current_heading,28.1005,8.45799,0.914055,2.66563
s5_current_heading,28.2005,8.49241,0.919524,2.64362
s5_current_heading,28.3005,8.52584,0.924324,2.62057
s5_current_heading,28.4005,8.56042,0.930957,2.59663
s5_current_heading,28.5005,8.59398,0.939458,2.5745
s5_current_heading,28.6005,8.62796,0.946966,2.5539
s5_current_heading,28.7005,8.66236,0.952429,2.53567
s5_current_heading,28.8005,8.69579,0.957229,2.52514
s5_current_heading,28.9005,8.73037,0.963855,2.51994
s5_current_heading,29.0005,8.76393,0.97235,2.51626
s5_current_heading,29.1005,8.7979,0.979854,2.51286
s5_current_heading,29.2005,8.83231,0.985313,2.50849
s5_current_heading,29.3005,8.86574,0.990102,2.4967
s5_current_heading,29.4005,8.90033,0.996719,2.47955
s5_current_heading,29.5005,8.93389,1.00521,2.45998
s5_current_heading,29.6005,8.96786,1.0127,2.43832
s5_current_heading,29.7005,9.00227,1.01814,2.41439
