freq_Hz,speed_50_60s_cm_s,speed_5_15s_cm_s,heading_change_deg,fin_amp_deg,L_amp_deg,pump_saturated_pct
0.5,9.23374,0.0715961,1.27213,30.993,22.9202,0
0.75,-2.46697,-0.712212,112.032,34.6195,23.7378,0
1,24.1413,5.28602,5.01952,40.4893,24.9282,0
1.25,28.1277,19.7562,0.434865,44.7335,24.5364,45
1.5,31.4879,30.2329,0.406716,44.3507,21.5502,62
1.75,33.468,33.1344,0.0126195,41.3776,18.455,69
2,33.8968,33.5683,0.469818,37.4329,15.7615,76
2.25,33.0448,31.9591,0.504441,32.7158,13.4511,75
2.5,31.1152,22.8589,0.384206,27.5335,11.5319,75
2.75,28.3625,-13.1549,200.719,22.246,10.0188,78.5
3,25.154,-12.068,200.113,17.4533,8.89946,80
