time,dx_run,dx_reference
0,0,0
0.01,0.00140149,0.00140142
0.02,0.00145333,0.00145126
0.03,0.00224652,0.00224504
0.04,0.00346622,0.00346531
0.05,0.00490412,0.0049033
0.06,0.00647305,0.00647263
0.07,0.00833095,0.00833096
0.08,0.0102932,0.0102938
0.09,0.0125438,0.012545
0.1,0.0151045,0.0151064
0.11,0.0178049,0.0178069
0.12,0.0210599,0.0210628
0.13,0.0243056,0.0243079
0.14,0.0280903,0.0280927
0.15,0.0318789,0.0318806
0.16,0.0358556,0.0358565
0.17,0.0399829,0.039983
0.18,0.0438674,0.0438658
0.19,0.048003,0.0480002
0.2,0.0517125,0.0517076
0.21,0.0556217,0.0556147
0.22,0.059244,0.0592345
0.23,0.0629365,0.0629238
0.24,0.0665948,0.0665788
0.25,0.0702332,0.0702129
0.26,0.0739831,0.0739582
0.27,0.0776552,0.0776251
0.28,0.081466,0.0814301
0.29,0.0850896,0.0850475
0.3,0.0888802,0.0888317
0.31,0.0923492,0.0922938
0.32,0.0960444,0.0959823
0.33,0.099428,0.099359
0.34,0.10302,0.102944
0.35,0.10656,0.106477
0.36,0.110149,0.110058
0.37,0.114044,0.113947
0.38,0.117806,0.1177
0.39,0.122031,0.121919
0.4,0.126094,0.125973
0.41,0.130434,0.130306
0.42,0.13474,0.134605
0.43,0.138966,0.138823
0.44,0.14326,0.143111
0.45,0.147238,0.14708
0.46,0.151216,0.151051
0.47,0.154881,0.154709
0.48,0.158388,0.158209
0.49,0.161695,0.161509
0.5,0.164793,0.1646
0.51,0.167728,0.167527
0.52,0.170555,0.170348
0.53,0.173154,0.172941
0.54,0.175733,0.175513
0.55,0.178029,0.177802
0.56,0.180231,0.179997
0.57,0.182169,0.181928
0.58,0.18387,0.183623
0.59,0.185356,0.185103
0.6,0.186606,0.186348
0.61,0.187669,0.187407
0.62,0.188686,0.188421
0.63,0.18956,0.189291
0.64,0.190559,0.190288
0.65,0.191535,0.191261
0.66,0.192577,0.192302
0.67,0.193739,0.193463
0.68,0.194744,0.194468
0.69,0.195875,0.1956
0.7,0.196724,0.19645
0.71,0.197488,0.197217
0.72,0.198089,0.197821
0.73,0.19831,0.198046
0.74,0.198584,0.198324
0.75,0.198335,0.19808
0.76,0.198201,0.197952
0.77,0.197646,0.197402
0.78,0.197058,0.196822
0.79,0.196244,0.196015
0.8,0.195209,0.194987
0.81,0.194027,0.193812
0.82,0.19255,0.192344
0.83,0.190859,0.19066
0.84,0.188899,0.18871
0.85,0.186663,0.186482
0.86,0.184189,0.184018
0.87,0.181506,0.181345
0.88,0.178627,0.178478
0.89,0.175672,0.175535
0.9,0.172667,0.172543
0.91,0.169623,0.169511
0.92,0.166767,0.166669
0.93,0.163786,0.163702
0.94,0.161134,0.161065
0.95,0.158286,0.158232
0.96,0.155646,0.155607
0.97,0.152878,0.152856
0.98,0.150023,0.150019
0.99,0.147177,0.147191
1,0.144067,0.144098
1.01,0.140995,0.141045
1.02,0.137769,0.137838
1.03,0.134448,0.134536
1.04,0.131236,0.131345
1.05,0.127762,0.127888
1.06,0.124522,0.124668
1.07,0.120966,0.12113
1.08,0.117513,0.117696
1.09,0.113806,0.114006
1.1,0.109982,0.1102
1.11,0.105969,0.106205
1.12,0.10176,0.102013
1.13,0.0974038,0.097673
1.14,0.0929503,0.0932362
1.15,0.0884407,0.0887434
1.16,0.0839673,0.0842855
1.17,0.0796135,0.0799483
1.18,0.0753547,0.0757034
1.19,0.0713459,0.071711
1.2,0.0674758,0.0678539
1.21,0.063777,0.0641706
1.22,0.0603431,0.0607501
1.23,0.0568237,0.0572449
1.24,0.0537296,0.0541651
1.25,0.0503597,0.050808
1.26,0.0474424,0.0479052
1.27,0.04433,0.0448044
1.28,0.0414958,0.0419836
1.29,0.0387478,0.0392465
1.3,0.0360441,0.0365548
1.31,0.0336379,0.0341583
1.32,0.0311779,0.0317085
1.33,0.0289767,0.0295152
1.34,0.0267808,0.0273277
1.35,0.0246346,0.0251873
1.36,0.0225596,0.0231181
1.37,0.0203636,0.0209259
1.38,0.0182159,0.0187809
1.39,0.0159182,0.0164857
1.4,0.0136535,0.0142206
1.41,0.0112902,0.0118582
1.42,0.00909043,0.00965598
1.43,0.00684053,0.00740435
1.44,0.00497804,0.00553748
1.45,0.00312241,0.00367757
1.46,0.00174714,0.00229575
1.47,0.000494421,0.00103629
1.48,-0.000434677,9.85656e-05
1.49,-0.00110241,-0.000577603
1.5,-0.00168756,-0.00117291
1.51,-0.0019623,-0.0014577
1.52,-0.00220796,-0.001714
1.53,-0.00223121,-0.00174934
1.54,-0.00203741,-0.0015664
1.55,-0.00174822,-0.00129142
1.56,-0.00104223,-0.000597483
1.57,-0.000271325,0.00015743
1.58,0.000892654,0.001307
1.59,0.00218971,0.00258704
1.6,0.00366259,0.00404275
1.61,0.00529702,0.00565942
1.62,0.00692513,0.00726814
1.63,0.00860472,0.00892867
1.64,0.010271,0.0105738
1.65,0.0118218,0.0121035
1.66,0.0134468,0.0137055
1.67,0.0149089,0.0151444
1.68,0.016486,0.0166963
1.69,0.018027,0.0182123
1.7,0.0196737,0.0198322
1.71,0.0214449,0.0215769
1.72,0.0233615,0.0234657
1.73,0.0254325,0.0255083
1.74,0.0277453,0.0277928
1.75,0.0301273,0.0301447
1.76,0.0327756,0.0327639
1.77,0.0354615,0.035419
1.78,0.0382822,0.03821
1.79,0.0412589,0.0411566
1.8,0.0441982,0.044066
1.81,0.0474496,0.0472885
1.82,0.0506548,0.0504642
1.83,0.0541751,0.0539556
1.84,0.0578351,0.0575868
1.85,0.0616224,0.0613446
1.86,0.0657233,0.0654175
1.87,0.0697276,0.0693921
1.88,0.073992,0.073629
1.89,0.0780609,0.0776697
1.9,0.0821396,0.0817208
1.91,0.0860504,0.085605
1.92,0.0897611,0.0892882
1.93,0.093354,0.0928552
1.94,0.0967411,0.0962151
1.95,0.100041,0.0994894
1.96,0.103248,0.10267
1.97,0.106434,0.10583
1.98,0.109561,0.108932
1.99,0.112785,0.112132
2,0.115862,0.115184
2.01,0.119104,0.118403
2.02,0.122134,0.12141
2.03,0.125246,0.124499
2.04,0.128244,0.127476
2.05,0.131145,0.130357
2.06,0.134122,0.133316
2.07,0.136927,0.136103
2.08,0.139898,0.139058
2.09,0.14282,0.141966
2.1,0.145822,0.144955
2.11,0.148965,0.148086
2.12,0.152044,0.151153
2.13,0.155288,0.154389
2.14,0.158408,0.157501
2.15,0.161504,0.160592
2.16,0.164483,0.163567
2.17,0.167221,0.166301
2.18,0.16979,0.168869
2.19,0.172081,0.171159
2.2,0.174062,0.173142
2.21,0.17591,0.174992
2.22,0.177343,0.176428
2.23,0.178788,0.177878
2.24,0.179863,0.178959
2.25,0.180962,0.180065
2.26,0.181822,0.180934
2.27,0.182627,0.181747
2.28,0.183246,0.182377
2.29,0.183758,0.1829
2.3,0.184028,0.183182
2.31,0.184195,0.183363
2.32,0.184109,0.183292
2.33,0.183912,0.183114
2.34,0.183639,0.182859
2.35,0.183205,0.182446
2.36,0.182949,0.182212
2.37,0.182528,0.181814
2.38,0.182344,0.181655
2.39,0.182115,0.181453
2.4,0.181861,0.181225
2.41,0.181754,0.181149
2.42,0.181225,0.18065
2.43,0.180943,0.180401
2.44,0.18003,0.179521
2.45,0.179277,0.178802
2.46,0.17799,0.177551
2.47,0.176678,0.176274
2.48,0.175067,0.174701
2.49,0.173303,0.172974
2.5,0.1714,0.17111
2.51,0.169312,0.169061
2.52,0.167132,0.16692
2.53,0.164744,0.16457
2.54,0.162293,0.162158
2.55,0.159568,0.159471
2.56,0.156818,0.156761
2.57,0.153777,0.153759
2.58,0.150674,0.150696
2.59,0.147444,0.147506
2.6,0.144006,0.144107
2.61,0.140755,0.140897
2.62,0.137176,0.137357
2.63,0.134029,0.134251
2.64,0.130622,0.130885
2.65,0.127628,0.127931
2.66,0.124599,0.124942
2.67,0.121742,0.122126
2.68,0.119001,0.119427
2.69,0.116208,0.116673
2.7,0.113456,0.113962
2.71,0.110615,0.111161
2.72,0.107615,0.1082
2.73,0.104633,0.105259
2.74,0.101402,0.102066
2.75,0.0982709,0.0989736
2.76,0.0949864,0.0957263
2.77,0.091776,0.0925517
2.78,0.0885426,0.0893526
2.79,0.0853117,0.0861542
2.8,0.082056,0.0829292
2.81,0.0787696,0.0796727
2.82,0.0753612,0.0762916
2.83,0.0719188,0.0728765
2.84,0.0683394,0.0693218
2.85,0.064713,0.0657194
2.86,0.0610852,0.0621135
2.87,0.0574341,0.0584822
2.88,0.0539247,0.0549916
2.89,0.0505487,0.0516317
2.9,0.0472936,0.0483921
2.91,0.0444395,0.0455522
2.92,0.0415462,0.0426714
2.93,0.0392363,0.0403733
2.94,0.0367847,0.0379316
2.95,0.0348283,0.0359834
2.96,0.0328191,0.0339818
2.97,0.0309979,0.0321649
2.98,0.0293208,0.0304929
2.99,0.0275669,0.0287408
3,0.0260727,0.027249
3.01,0.0244765,0.0256529
3.02,0.0230988,0.0242736
3.03,0.0217677,0.0229398
3.04,0.0205482,0.0217139
3.05,0.0194813,0.0206397
3.06,0.0184568,0.0196044
3.07,0.0175501,0.0186854
3.08,0.0166412,0.0177621
3.09,0.0157807,0.0168854
3.1,0.0148356,0.015922
3.11,0.0139713,0.0150379
3.12,0.01294,0.0139837
3.13,0.0121054,0.0131249
3.14,0.0111541,0.0121465
3.15,0.0104678,0.0114316
3.16,0.00988898,0.0108229
3.17,0.00954291,0.0104445
3.18,0.00953552,0.0104049
3.19,0.0097165,0.0105508
3.2,0.0102534,0.0110521
3.21,0.011014,0.0117756
3.22,0.0119231,0.0126452
3.23,0.0131264,0.0138099
3.24,0.0142868,0.0149287
3.25,0.0157213,0.0163233
3.26,0.0171613,0.0177217
3.27,0.0187304,0.0192494
3.28,0.020538,0.0210153
3.29,0.0223196,0.0227534
3.3,0.024484,0.0248741
3.31,0.0265868,0.026931
3.32,0.0289529,0.0292509
3.33,0.031334,0.0315848
3.34,0.033703,0.033906
3.35,0.0361589,0.0363137
3.36,0.038407,0.0385135
3.37,0.0407426,0.0407993
3.38,0.0428509,0.0428579
3.39,0.0450366,0.0449919
3.4,0.0470648,0.0469682
3.41,0.0492278,0.0490789
3.42,0.0513067,0.0511044
3.43,0.0536012,0.0533473
3.44,0.0559232,0.0556161
3.45,0.0584289,0.0580703
3.46,0.0611566,0.0607459
3.47,0.0638802,0.063417
3.48,0.0670049,0.0664909
3.49,0.0699337,0.069367
3.5,0.0732508,0.072635
3.51,0.0763818,0.0757161
3.52,0.0796674,0.078955
3.53,0.0829993,0.0822411
3.54,0.0862249,0.0854226
3.55,0.0897391,0.0888942
3.56,0.0930732,0.0921866
3.57,0.096718,0.0957906
3.58,0.10029,0.099323
3.59,0.103963,0.102957
3.6,0.107651,0.106609
3.61,0.111192,0.110115
3.62,0.114685,0.113573
3.63,0.117918,0.116775
3.64,0.120972,0.119797
3.65,0.123791,0.122587
3.66,0.126412,0.125178
3.67,0.128858,0.127597
3.68,0.131223,0.129936
3.69,0.13347,0.132159
3.7,0.13574,0.134406
3.71,0.13797,0.136614
3.72,0.140195,0.138819
3.73,0.142461,0.141068
3.74,0.144637,0.143227
3.75,0.146843,0.145419
3.76,0.148982,0.147545
3.77,0.151003,0.149556
3.78,0.153115,0.151663
3.79,0.154955,0.153497
3.8,0.157006,0.155549
3.81,0.158817,0.15736
3.82,0.160755,0.159301
3.83,0.162688,0.161241
3.84,0.164491,0.163052
3.85,0.166519,0.165092
3.86,0.168194,0.16678
3.87,0.170079,0.168681
3.88,0.171574,0.170195
3.89,0.173015,0.171656
3.9,0.174178,0.172842
3.91,0.175,0.173688
3.92,0.175674,0.174388
3.93,0.175898,0.174639
3.94,0.176069,0.174839
3.95,0.175847,0.174649
3.96,0.175664,0.174499
3.97,0.175172,0.174041
3.98,0.174796,0.173701
3.99,0.174161,0.173102
4,0.173605,0.172584
4.01,0.17288,0.171897
4.02,0.17203,0.171087
4.03,0.171193,0.170293
4.04,0.169998,0.169142
4.05,0.168992,0.168183
4.06,0.167597,0.166836
4.07,0.166408,0.165696
4.08,0.165072,0.164411
4.09,0.163774,0.163166
4.1,0.162643,0.162088
4.11,0.161348,0.16085
4.12,0.160325,0.159884
4.13,0.159053,0.158671
4.14,0.15788,0.157556
4.15,0.156482,0.15622
4.16,0.154941,0.154738
4.17,0.153199,0.153058
4.18,0.151223,0.151143
4.19,0.149024,0.149006
4.2,0.146669,0.146714
4.21,0.144096,0.144202
4.22,0.141448,0.141616
4.23,0.138674,0.138903
4.24,0.135813,0.136101
4.25,0.132939,0.133286
4.26,0.129938,0.130343
4.27,0.126939,0.1274
4.28,0.123854,0.124372
4.29,0.120682,0.121254
4.3,0.117524,0.118153
4.31,0.114225,0.114907
4.32,0.110991,0.111727
4.33,0.10772,0.108508
4.34,0.104482,0.105323
4.35,0.101398,0.10229
4.36,0.0983481,0.0992897
4.37,0.0955203,0.0965131
4.38,0.0928427,0.093884
4.39,0.0902375,0.0913277
4.4,0.0879183,0.0890549
4.41,0.0854351,0.0866174
4.42,0.0832185,0.0844438
4.43,0.0807411,0.0820093
4.44,0.0783264,0.0796342
4.45,0.0757703,0.0771188
4.46,0.073068,0.0744534
4.47,0.0704193,0.0718418
4.48,0.0675961,0.0690519
4.49,0.0649122,0.066399
4.5,0.0621843,0.063699
4.51,0.0595372,0.0610759
4.52,0.0569566,0.058517
4.53,0.0543608,0.0559399
4.54,0.0518274,0.0534224
4.55,0.0492319,0.0508411
4.56,0.046681,0.048301
4.57,0.0440534,0.0456821
4.58,0.0415749,0.0432098
4.59,0.0390046,0.0406416
4.6,0.0367728,0.0384115
4.61,0.0344814,0.0361169
4.62,0.0326155,0.0342484
4.63,0.0308383,0.0324649
4.64,0.0293652,0.0309845
4.65,0.0281876,0.0297978
4.66,0.0270995,0.0286973
4.67,0.0263903,0.0279746
4.68,0.0256694,0.0272368
4.69,0.025177,0.0267258
4.7,0.0247518,0.0262807
4.71,0.0242877,0.0257937
4.72,0.0240243,0.0255076
4.73,0.0235756,0.0250327
4.74,0.0233685,0.0247983
4.75,0.0230479,0.0244472
4.76,0.0229099,0.0242761
4.77,0.0228068,0.0241367
4.78,0.0228254,0.0241156
4.79,0.0229089,0.0241585
4.8,0.0231012,0.0243062
4.81,0.0232656,0.024424
4.82,0.0235265,0.0246358
4.83,0.0236996,0.0247584
4.84,0.0239316,0.0249355
4.85,0.0241528,0.0251028
4.86,0.0244357,0.0253265
4.87,0.024837,0.0256706
4.88,0.0254281,0.0262004
4.89,0.0261682,0.0268799
4.9,0.0272986,0.0279482
4.91,0.0284986,0.0290845
4.92,0.0301749,0.0306971
4.93,0.031867,0.0323233
4.94,0.0338842,0.0342751
4.95,0.0359799,0.0363047
4.96,0.0381218,0.038381
4.97,0.0404418,0.0406358
4.98,0.0426515,0.0427807
4.99,0.0450288,0.0450931
5,0.0473874,0.0473875
