chamber(0=L;1=R),p_Pa,ux_m,uy_m,angle_deg
0,1000,0.00017291,-0.00112118,-0.427758
0,2000,0.000334678,-0.00227259,-0.866066
0,3000,0.000486259,-0.00343603,-1.308
0,4000,0.000628054,-0.0046045,-1.75091
0,5000,0.00076024,-0.00578169,-2.19623
0,6000,0.000882841,-0.0069663,-2.64349
0,7000,0.000995817,-0.00815713,-3.09224
0,8000,0.0010991,-0.00935366,-3.54233
0,9000,0.00119258,-0.0105558,-3.99373
0,10000,0.00127617,-0.0117635,-4.44648
0,11000,0.00134935,-0.0129802,-4.90188
0,12000,0.00141267,-0.0141992,-5.35743
0,13000,0.00146607,-0.0154218,-5.81363
0,14000,0.00150884,-0.0166513,-6.27181
0,15000,0.00154128,-0.017885,-6.73097
0,16000,0.00156355,-0.0191234,-7.19124
0,17000,0.00157495,-0.0203684,-7.65347
0,18000,0.00157597,-0.0216179,-8.11684
0,19000,0.00156722,-0.0228723,-8.58147
0,20000,0.00154845,-0.0241352,-9.04877
1,1000,0.000172892,0.00111717,0.426228
1,2000,0.000334613,0.00226545,0.863345
1,3000,0.000486147,0.00342621,1.30426
1,4000,0.000627905,0.00459226,1.74626
1,5000,0.000760073,0.00576729,2.19077
1,6000,0.000882676,0.00694993,2.63728
1,7000,0.000995674,0.00813893,3.08536
1,8000,0.00109899,0.00933374,3.5348
1,9000,0.00119254,0.0105343,3.98561
1,10000,0.00127621,0.0117404,4.43779
1,11000,0.00134948,0.0129558,4.8927
1,12000,0.00141291,0.0141734,5.34772
1,13000,0.00146645,0.0153945,5.80341
1,14000,0.00150935,0.0166228,6.26114
1,15000,0.00154196,0.0178553,6.71984
1,16000,0.0015644,0.0190924,7.17966
1,17000,0.00157599,0.0203363,7.64148
1,18000,0.0015772,0.0215846,8.10444
1,19000,0.00156867,0.0228378,8.56866
1,20000,0.00155012,0.0240997,9.03558
