coupling(0=explicit;1=implicit),time,dx,dy,Fx,Fy
0,0,0,0,0,0
0,0.0025,-1.05657e-05,-5.01236e-08,-0.380851,1.54957e-05
0,0.005,9.32397e-05,3.05407e-07,4.96748,-0.000226759
1,0,0,0,0,0
1,0.0025,-2.45262e-06,-6.45278e-09,-0.07438,3.09402e-06
1,0.005,-1.03334e-05,-1.48434e-08,-0.100859,4.26114e-06
1,0.0075,-2.75318e-05,-3.56608e-08,-0.186425,8.02432e-06
1,0.01,-5.69648e-05,-1.2139e-07,-0.251858,1.14082e-05
1,0.0125,-0.000101211,-3.32822e-07,-0.352973,1.91877e-05
1,0.015,-0.00016115,-7.02808e-07,-0.433628,3.04516e-05
1,0.0175,-0.000234941,-1.21549e-06,-0.528416,4.9366e-05
1,0.02,-0.000316739,-1.68991e-06,-0.599154,7.10016e-05
1,0.0225,-0.000397553,-2.08207e-06,-0.659061,8.86688e-05
1,0.025,-0.000467186,-2.53708e-06,-0.685809,0.000105684
1,0.0275,-0.000516155,-3.17505e-06,-0.692264,0.000129311
1,0.03,-0.000536067,-3.95044e-06,-0.673233,0.000157373
1,0.0325,-0.00052101,-4.6786e-06,-0.634369,0.000168655
1,0.035,-0.000469496,-5.24354e-06,-0.571573,0.000166043
1,0.0375,-0.000385452,-5.6152e-06,-0.492536,0.000151443
1,0.04,-0.000277428,-5.69432e-06,-0.404024,0.000126318
1,0.0425,-0.000157368,-5.55001e-06,-0.314746,9.38204e-05
1,0.045,-3.92675e-05,-5.23484e-06,-0.230614,6.37844e-05
1,0.0475,6.26967e-05,-4.66655e-06,-0.159616,4.00487e-05
1,0.05,0.000136069,-3.81566e-06,-0.105877,2.16187e-05
1,0.0525,0.000171909,-2.74229e-06,-0.0737808,1.11777e-05
1,0.055,0.000166121,-1.55645e-06,-0.0691316,6.09681e-06
1,0.0575,0.000120451,-2.74145e-07,-0.0918715,3.10997e-06
1,0.06,4.20787e-05,1.04692e-06,-0.139794,-2.21839e-06
1,0.0625,-5.8033e-05,2.26871e-06,-0.206053,-1.30286e-05
1,0.065,-0.000167172,3.26111e-06,-0.286863,-2.83567e-05
1,0.0675,-0.000272664,3.88968e-06,-0.375434,-4.72625e-05
1,0.07,-0.000363238,4.11991e-06,-0.464547,-5.61836e-05
1,0.0725,-0.000430475,4.08771e-06,-0.546541,-6.64445e-05
1,0.075,-0.000469695,3.66171e-06,-0.614504,-5.72223e-05
1,0.0775,-0.000480317,3.00348e-06,-0.662694,-3.77443e-05
1,0.08,-0.000465415,1.97234e-06,-0.68664,-1.14024e-05
1,0.0825,-0.000430438,7.00894e-07,-0.685838,3.11084e-05
1,0.085,-0.000381998,-5.37514e-07,-0.660206,7.41971e-05
1,0.0875,-0.000326697,-1.56726e-06,-0.610765,9.88947e-05
1,0.09,-0.00027018,-2.59345e-06,-0.542465,0.000115397
1,0.0925,-0.000216486,-3.37116e-06,-0.459996,0.000109063
1,0.095,-0.000167651,-3.71357e-06,-0.371612,9.76542e-05
1,0.0975,-0.000124075,-3.73905e-06,-0.283758,6.6463e-05
1,0.1,-8.52809e-05,-3.41542e-06,-0.204111,4.33258e-05
1,0.1025,-5.07309e-05,-2.82679e-06,-0.13965,2.30994e-05
1,0.105,-2.06365e-05,-2.00415e-06,-0.0958155,1.07405e-05
1,0.1075,3.49943e-06,-1.00865e-06,-0.0765288,3.97582e-06
1,0.11,1.88761e-05,1.40613e-07,-0.0838874,-6.0795e-07
1,0.1125,2.18833e-05,1.39352e-06,-0.116302,-7.28074e-06
1,0.115,8.80478e-06,2.59353e-06,-0.170596,-2.08983e-05
1,0.1175,-2.32783e-05,3.55251e-06,-0.242422,-4.11398e-05
1,0.12,-7.53527e-05,4.07782e-06,-0.324637,-6.50999e-05
1,0.1225,-0.000145546,3.99793e-06,-0.41152,-8.68415e-05
1,0.125,-0.000228801,3.29459e-06,-0.495005,-9.33303e-05
1,0.1275,-0.000317299,2.08529e-06,-0.568719,-7.95918e-05
1,0.13,-0.000401395,3.38977e-07,-0.625225,-4.73109e-05
1,0.1325,-0.000470831,-1.6771e-06,-0.662193,7.03956e-06
1,0.135,-0.0005162,-3.87443e-06,-0.676371,7.61191e-05
1,0.1375,-0.000530301,-6.15228e-06,-0.666522,0.000144521
1,0.14,-0.000509493,-8.56857e-06,-0.634832,0.000198728
1,0.1425,-0.000454519,-1.08525e-05,-0.580171,0.000228777
1,0.145,-0.000370735,-1.27312e-05,-0.509892,0.000243126
1,0.1475,-0.000267349,-1.42635e-05,-0.430279,0.000226519
1,0.15,-0.000156067,-1.54659e-05,-0.344663,0.000195916
1,0.1525,-4.98164e-05,-1.62631e-05,-0.263646,0.000156133
1,0.155,3.90853e-05,-1.648e-05,-0.191122,0.000111769
1,0.1575,0.00010073,-1.61285e-05,-0.134917,7.55956e-05
1,0.16,0.000128909,-1.5166e-05,-0.0990938,4.82699e-05
1,0.1625,0.000121885,-1.35608e-05,-0.0867692,3.46703e-05
1,0.165,8.23371e-05,-1.14312e-05,-0.10069,2.99241e-05
1,0.1675,1.67698e-05,-8.90693e-06,-0.138414,2.72248e-05
1,0.17,-6.56773e-05,-6.16177e-06,-0.196465,1.64205e-05
1,0.1725,-0.000154778,-3.46251e-06,-0.269818,-9.75009e-06
1,0.175,-0.000240698,-1.08818e-06,-0.352111,-5.03361e-05
1,0.1775,-0.000315225,6.9378e-07,-0.436996,-9.74795e-05
1,0.18,-0.000372639,1.70278e-06,-0.516265,-0.000140272
1,0.1825,-0.000410085,1.8756e-06,-0.585069,-0.000165576
1,0.185,-0.000427356,1.2465e-06,-0.635874,-0.000159702
1,0.1875,-0.000426367,-7.15229e-08,-0.666326,-0.000122715
1,0.19,-0.000410335,-1.94055e-06,-0.672162,-6.26928e-05
1,0.1925,-0.000382964,-4.21475e-06,-0.65382,1.19905e-05
1,0.195,-0.000347728,-6.71068e-06,-0.613568,7.83825e-05
1,0.1975,-0.000307328,-9.24e-06,-0.553745,0.00013492
1,0.2,-0.000263492,-1.16758e-05,-0.480348,0.000168788
1,0.2025,-0.000217195,-1.38417e-05,-0.397981,0.000178549
1,0.205,-0.000169103,-1.55939e-05,-0.3144,0.000165948
1,0.2075,-0.000120105,-1.67813e-05,-0.236792,0.00013573
1,0.21,-7.18716e-05,-1.73084e-05,-0.171931,0.000101084
1,0.2125,-2.71947e-05,-1.71232e-05,-0.124773,7.01069e-05
1,0.215,9.97937e-06,-1.61443e-05,-0.100183,4.92822e-05
1,0.2175,3.49457e-05,-1.44005e-05,-0.098956,3.89038e-05
1,0.22,4.29629e-05,-1.20381e-05,-0.12209,3.49824e-05
1,0.2225,3.02312e-05,-9.30913e-06,-0.166345,2.8293e-05
1,0.225,-5.1886e-06,-6.54386e-06,-0.229518,1.22439e-05
1,0.2275,-6.25807e-05,-4.20171e-06,-0.304062,-1.32484e-05
1,0.23,-0.000138156,-2.52822e-06,-0.384703,-4.70843e-05
1,0.2325,-0.000225302,-1.57607e-06,-0.464065,-7.60614e-05
1,0.235,-0.000315206,-1.22618e-06,-0.536491,-9.44315e-05
1,0.2375,-0.000397858,-1.69999e-06,-0.595617,-9.2117e-05
1,0.24,-0.000463428,-2.87933e-06,-0.637364,-6.11621e-05
1,0.2425,-0.000503585,-4.58885e-06,-0.657661,1.61137e-07
1,0.245,-0.000512845,-6.79594e-06,-0.65538,6.5729e-05
1,0.2475,-0.000489393,-9.20102e-06,-0.632136,0.00013938
1,0.25,-0.000435356,-1.16322e-05,-0.586834,0.00019611
1,0.2525,-0.000356714,-1.3963e-05,-0.524762,0.000229512
1,0.255,-0.000262482,-1.60346e-05,-0.452114,0.000241656
1,0.2575,-0.000163406,-1.77763e-05,-0.372475,0.000228255
1,0.26,-7.05527e-05,-1.90962e-05,-0.29372,0.000198163
1,0.2625,6.06936e-06,-1.996e-05,-0.22234,0.00015778
1,0.265,5.88908e-05,-2.01872e-05,-0.163814,0.000117478
1,0.2675,8.36455e-05,-1.95806e-05,-0.123882,8.62529e-05
1,0.27,7.96604e-05,-1.80496e-05,-0.105257,6.46792e-05
1,0.2725,4.95696e-05,-1.55785e-05,-0.111592,5.7605e-05
1,0.275,-1.2421e-06,-1.22702e-05,-0.14057,5.49065e-05
1,0.2775,-6.56349e-05,-8.34179e-06,-0.189503,4.7466e-05
1,0.28,-0.000135988,-4.12959e-06,-0.254882,2.19004e-05
1,0.2825,-0.000205271,-1.89071e-08,-0.330534,-2.55636e-05
1,0.285,-0.000267792,3.65415e-06,-0.409443,-9.46052e-05
1,0.2875,-0.000319631,6.57005e-06,-0.486843,-0.000168961
1,0.29,-0.000358608,8.59521e-06,-0.553982,-0.000235374
1,0.2925,-0.000384076,9.6052e-06,-0.607531,-0.000275529
1,0.295,-0.000396488,9.6892e-06,-0.641254,-0.000280665
1,0.2975,-0.000396926,8.9281e-06,-0.65303,-0.000254587
1,0.3,-0.000386609,7.68771e-06,-0.643581,-0.000191371
1,0.3025,-0.000366469,5.37209e-06,-0.611192,-0.000126628
1,0.305,-0.000337156,2.78278e-06,-0.560016,-4.97051e-05
1,0.3075,-0.000299245,3.66673e-07,-0.495454,2.69118e-05
1,0.31,-0.000253417,-2.39324e-06,-0.419588,6.39294e-05
1,0.3125,-0.000200988,-5.06177e-06,-0.342846,9.99925e-05
1,0.315,-0.000144246,-7.47185e-06,-0.267844,0.000108524
1,0.3175,-8.66862e-05,-9.35838e-06,-0.203943,9.75913e-05
1,0.32,-3.2977e-05,-1.05271e-05,-0.154203,8.27859e-05
1,0.3225,1.14016e-05,-1.08989e-05,-0.124701,6.42528e-05
1,0.325,4.08742e-05,-1.03016e-05,-0.11624,5.57618e-05
1,0.3275,5.05893e-05,-8.75337e-06,-0.130683,5.3304e-05
1,0.33,3.73207e-05,-6.34649e-06,-0.1655,5.11203e-05
1,0.3325,1.88062e-07,-3.32061e-06,-0.219393,3.97308e-05
1,0.335,-5.88232e-05,-1.31825e-07,-0.285769,1.41656e-05
1,0.3375,-0.000134838,2.71477e-06,-0.359476,-2.8163e-05
1,0.34,-0.000220507,5.00254e-06,-0.435056,-7.53897e-05
1,0.3425,-0.000306821,6.49739e-06,-0.505438,-0.000121689
1,0.345,-0.000384234,7.16427e-06,-0.564533,-0.000152056
1,0.3475,-0.000443967,7.04641e-06,-0.608959,-0.000155975
1,0.35,-0.000479171,6.20915e-06,-0.634108,-0.000135536
1,0.3525,-0.000485817,4.80789e-06,-0.639216,-8.72791e-05
1,0.355,-0.000463276,2.92388e-06,-0.624226,-3.36932e-05
1,0.3575,-0.000414311,7.3066e-07,-0.58776,2.67273e-05
1,0.36,-0.000344784,-1.65918e-06,-0.535118,8.08925e-05
1,0.3625,-0.000262804,-4.09572e-06,-0.469335,0.000122646
1,0.365,-0.00017755,-6.48629e-06,-0.39612,0.000144825
1,0.3675,-9.80668e-05,-8.74443e-06,-0.322091,0.000147162
1,0.37,-3.21465e-05,-1.06821e-05,-0.252432,0.000136664
1,0.3725,1.4518e-05,-1.20728e-05,-0.19352,0.000112421
1,0.375,3.88821e-05,-1.27107e-05,-0.150473,8.99957e-05
1,0.3775,4.06324e-05,-1.246e-05,-0.126696,7.24122e-05
1,0.38,2.1797e-05,-1.11728e-05,-0.125603,6.44588e-05
1,0.3825,-1.3745e-05,-8.83212e-06,-0.145937,6.43599e-05
1,0.385,-6.10488e-05,-5.58178e-06,-0.186668,6.23871e-05
1,0.3875,-0.000114911,-1.73136e-06,-0.24298,4.65782e-05
1,0.39,-0.000170581,2.43246e-06,-0.311169,1.01674e-05
1,0.3925,-0.000224225,6.48109e-06,-0.384584,-4.92086e-05
1,0.395,-0.000272988,1.01912e-05,-0.457249,-0.00013119
1,0.3975,-0.000314826,1.308e-05,-0.523235,-0.000212829
1,0.4,-0.000348389,1.52447e-05,-0.577016,-0.000288013
1,0.4025,-0.000372565,1.62804e-05,-0.613842,-0.000324768
1,0.405,-0.000386485,1.64823e-05,-0.631647,-0.000351092
1,0.4075,-0.000389332,1.59026e-05,-0.62757,-0.000308453
1,0.41,-0.000380255,1.45714e-05,-0.605031,-0.000271782
1,0.4125,-0.000358593,1.27326e-05,-0.563295,-0.000206459
1,0.415,-0.000324306,1.0377e-05,-0.506303,-0.000140017
1,0.4175,-0.000278363,7.74145e-06,-0.439473,-7.94419e-05
1,0.42,-0.000222899,4.64072e-06,-0.367617,-2.25967e-05
1,0.4225,-0.00016142,1.26234e-06,-0.297343,2.03605e-05
1,0.425,-9.87437e-05,-2.08358e-06,-0.234378,4.83744e-05
1,0.4275,-4.065e-05,-5.25816e-06,-0.183655,5.68135e-05
1,0.43,6.7254e-06,-7.89907e-06,-0.150171,5.83851e-05
1,0.4325,3.76353e-05,-9.70315e-06,-0.135867,5.84187e-05
1,0.435,4.75482e-05,-1.05136e-05,-0.142023,6.34958e-05
1,0.4375,3.39703e-05,-1.03254e-05,-0.167982,7.37049e-05
1,0.44,-3.00814e-06,-9.24376e-06,-0.212756,8.52959e-05
1,0.4425,-6.04952e-05,-7.52312e-06,-0.270694,9.26383e-05
1,0.445,-0.000133073,-5.46257e-06,-0.338005,8.84338e-05
1,0.4475,-0.000213352,-3.35111e-06,-0.407712,6.93604e-05
1,0.45,-0.000292873,-1.46983e-06,-0.475031,4.08962e-05
1,0.4525,-0.000363135,-1.77323e-08,-0.534559,1.39502e-05
1,0.455,-0.000416639,1.04689e-06,-0.580932,-1.06126e-05
1,0.4575,-0.00044789,1.63889e-06,-0.609887,-2.7767e-05
1,0.46,-0.000454076,1.6506e-06,-0.621355,-2.6842e-05
1,0.4625,-0.000435225,1.30195e-06,-0.612645,-1.5128e-05
1,0.465,-0.000394129,3.85513e-07,-0.584642,3.42707e-06
1,0.4675,-0.000335954,-6.80239e-07,-0.54029,3.03367e-05
1,0.47,-0.000267408,-2.30186e-06,-0.482018,6.00436e-05
1,0.4725,-0.00019582,-4.34803e-06,-0.415915,7.08455e-05
1,0.475,-0.000128299,-6.29331e-06,-0.346943,9.70748e-05
1,0.4775,-7.09034e-05,-8.2533e-06,-0.279943,9.063e-05
1,0.48,-2.79764e-05,-1.00215e-05,-0.222264,8.46478e-05
1,0.4825,-1.89073e-06,-1.13939e-05,-0.177566,7.15255e-05
1,0.485,6.87228e-06,-1.20767e-05,-0.149704,5.91192e-05
1,0.4875,-6.17136e-07,-1.18649e-05,-0.14222,5.49223e-05
1,0.49,-2.21367e-05,-1.07081e-05,-0.155537,5.73233e-05
1,0.4925,-5.47173e-05,-8.61103e-06,-0.187186,6.24874e-05
1,0.495,-9.52057e-05,-5.71337e-06,-0.235577,6.30156e-05
1,0.4975,-0.000140603,-2.30661e-06,-0.295603,4.86869e-05
1,0.5,-0.000188182,1.39522e-06,-0.362608,1.7182e-05
1,0.5025,-0.000232943,4.96295e-06,-0.357892,-3.84736e-05
1,0.505,-0.000269604,8.08833e-06,-0.391811,-9.11165e-05
1,0.5075,-0.000292973,1.0727e-05,-0.372793,-0.000124793
1,0.51,-0.000297985,1.2755e-05,-0.332643,-0.000143195
1,0.5125,-0.000278975,1.41708e-05,-0.26055,-0.000134441
1,0.515,-0.00023126,1.50783e-05,-0.17127,-0.000108024
1,0.5175,-0.000153903,1.54825e-05,-0.0587387,-6.52381e-05
1,0.52,-5.16068e-05,1.53457e-05,0.0563579,-1.75988e-05
1,0.5225,6.59044e-05,1.46799e-05,0.16613,2.50407e-05
1,0.525,0.000186243,1.34891e-05,0.255836,5.01474e-05
1,0.5275,0.000296296,1.17363e-05,0.324215,5.34387e-05
1,0.53,0.000382392,9.42036e-06,0.36957,3.13259e-05
1,0.5325,0.000431646,6.68293e-06,0.385453,-1.26424e-05
1,0.535,0.000435245,3.7468e-06,0.365954,-6.05768e-05
1,0.5375,0.000390711,9.92668e-07,0.312884,-0.000102796
1,0.54,0.000302103,-1.38706e-06,0.233659,-0.000116456
1,0.5425,0.000179308,-3.18843e-06,0.137045,-0.000101972
1,0.545,3.67023e-05,-4.21966e-06,0.0304182,-6.28698e-05
1,0.5475,-0.000108808,-4.50278e-06,-0.0769954,-1.58359e-05
1,0.55,-0.000240051,-4.167e-06,-0.179014,2.83311e-05
1,0.5525,-0.000341829,-3.29498e-06,-0.266206,5.53501e-05
1,0.555,-0.00040319,-2.1057e-06,-0.330303,6.3571e-05
1,0.5575,-0.000419151,-7.7579e-07,-0.365452,5.40048e-05
1,0.56,-0.000390943,5.78938e-07,-0.370501,3.45528e-05
1,0.5625,-0.000324795,1.93368e-06,-0.344232,4.41986e-06
1,0.565,-0.000230703,3.30884e-06,-0.290948,-2.25785e-05
1,0.5675,-0.00012103,4.62937e-06,-0.211952,-4.71689e-05
1,0.57,-8.93146e-06,5.79637e-06,-0.113892,-6.18195e-05
1,0.5725,9.35386e-05,6.77779e-06,-0.00526467,-6.68208e-05
1,0.575,0.000177216,7.58774e-06,0.103942,-6.52018e-05
1,0.5775,0.000236863,8.1985e-06,0.20418,-5.91856e-05
1,0.58,0.000271274,8.59061e-06,0.286867,-5.53185e-05
1,0.5825,0.000282401,8.77677e-06,0.345499,-5.66013e-05
1,0.585,0.000273998,8.88111e-06,0.373534,-6.43004e-05
1,0.5875,0.000250448,9.09043e-06,0.368554,-7.04484e-05
1,0.59,0.000215838,9.58233e-06,0.331917,-7.27459e-05
1,0.5925,0.000173245,1.04557e-05,0.265972,-6.46304e-05
1,0.595,0.000124448,1.1696e-05,0.178543,-5.73783e-05
1,0.5975,7.0035e-05,1.33002e-05,0.076452,-5.54811e-05
1,0.6,1.01696e-05,1.508e-05,-0.0303879,-6.56972e-05
1,0.6025,-5.43676e-05,1.67842e-05,-0.133728,-9.03823e-05
1,0.605,-0.000121394,1.82792e-05,-0.224793,-0.000122738
1,0.6075,-0.000186955,1.94471e-05,-0.295859,-0.000155708
1,0.61,-0.000245461,2.0185e-05,-0.340625,-0.000178324
1,0.6125,-0.000290235,2.05421e-05,-0.356024,-0.000185267
1,0.615,-0.000314399,2.05944e-05,-0.342705,-0.000177556
1,0.6175,-0.000311953,2.04283e-05,-0.301013,-0.000159388
1,0.62,-0.000279117,2.01423e-05,-0.234737,-0.000134005
1,0.6225,-0.000215478,1.97959e-05,-0.147328,-0.000105249
1,0.625,-0.000124709,1.9458e-05,-0.0484022,-7.3818e-05
1,0.6275,-1.45448e-05,1.91365e-05,0.0542585,-4.15435e-05
1,0.63,0.000103936,1.87736e-05,0.151797,-9.63475e-06
1,0.6325,0.000217587,1.82677e-05,0.236919,1.82646e-05
1,0.635,0.000312826,1.75411e-05,0.301955,3.6916e-05
1,0.6375,0.000377554,1.6523e-05,0.341454,4.18371e-05
1,0.64,0.000403085,1.52446e-05,0.351873,3.13653e-05
1,0.6425,0.000385589,1.3763e-05,0.33276,1.20171e-05
1,0.645,0.000326661,1.21898e-05,0.283805,-1.49188e-05
1,0.6475,0.00023332,1.05306e-05,0.212474,-3.69945e-05
1,0.65,0.000116764,8.84088e-06,0.122598,-5.38734e-05
1,0.6525,-9.2066e-06,7.20574e-06,0.0237643,-5.74463e-05
1,0.655,-0.000130022,5.63671e-06,-0.0764099,-4.93108e-05
1,0.6575,-0.000232437,4.19916e-06,-0.169415,-3.05904e-05
1,0.66,-0.000306229,2.98e-06,-0.248274,-7.25022e-06
1,0.6625,-0.00034532,2.00623e-06,-0.305258,1.48162e-05
1,0.665,-0.000348251,1.27209e-06,-0.337288,2.98849e-05
1,0.6675,-0.000317821,7.98983e-07,-0.340963,3.32781e-05
1,0.67,-0.0002602,6.45684e-07,-0.315104,2.73693e-05
1,0.6725,-0.000183957,7.52467e-07,-0.262801,6.48017e-06
1,0.675,-9.86052e-05,1.21924e-06,-0.18824,-2.21868e-05
1,0.6775,-1.31354e-05,2.01471e-06,-0.0973634,-4.9816e-05
1,0.68,6.51024e-05,2.98452e-06,0.00195012,-7.3599e-05
1,0.6825,0.000131046,4.08977e-06,0.101623,-8.63052e-05
1,0.685,0.000181988,5.31904e-06,0.192497,-8.81096e-05
1,0.6875,0.000217272,6.66005e-06,0.267388,-7.98724e-05
1,0.69,0.000237573,8.08147e-06,0.318695,-6.37781e-05
1,0.6925,0.000244117,9.61988e-06,0.341838,-4.1525e-05
1,0.695,0.000238002,1.13311e-05,0.334863,-1.83755e-05
1,0.6975,0.000219788,1.31331e-05,0.299344,2.24255e-06
1,0.7,0.000189407,1.48542e-05,0.238398,9.39851e-06
1,0.7025,0.000146589,1.63498e-05,0.157865,-1.45395e-06
1,0.705,9.15169e-05,1.74391e-05,0.0644969,-3.08937e-05
1,0.7075,2.55362e-05,1.7931e-05,-0.0332886,-7.3316e-05
1,0.71,-4.82996e-05,1.76996e-05,-0.12701,-0.000115702
1,0.7125,-0.000125044,1.68019e-05,-0.208789,-0.000144348
1,0.715,-0.000198077,1.51999e-05,-0.272016,-0.000153272
1,0.7175,-0.000259672,1.3139e-05,-0.311846,-0.000143324
1,0.72,-0.000302,1.07863e-05,-0.325948,-0.000111523
1,0.7225,-0.000318341,8.32812e-06,-0.312585,-7.93392e-05
1,0.725,-0.000304293,5.93933e-06,-0.273489,-4.69657e-05
1,0.7275,-0.00025867,3.73616e-06,-0.210921,-3.31595e-05
1,0.73,-0.00018409,1.91633e-06,-0.131044,-3.36274e-05
1,0.7325,-8.6996e-05,5.71735e-07,-0.0406973,-5.0162e-05
1,0.735,2.29053e-05,-2.3247e-07,0.0532075,-7.28117e-05
1,0.7375,0.000133708,-4.84649e-07,0.142767,-9.39047e-05
1,0.74,0.00023285,-2.88252e-07,0.220108,-0.000104047
1,0.7425,0.000308805,2.20599e-07,0.279044,-0.000102324
1,0.745,0.000352711,9.101e-07,0.314429,-8.9721e-05
1,0.7475,0.00035963,1.6525e-06,0.322966,-7.17448e-05
1,0.75,0.000329175,2.2324e-06,0.303861,-5.48536e-05
1,0.7525,0.000265529,2.53312e-06,0.258096,-4.7071e-05
1,0.755,0.000176795,2.4475e-06,0.191451,-4.55296e-05
1,0.7575,7.36588e-05,1.87198e-06,0.108259,-5.07957e-05
1,0.76,-3.20763e-05,8.41708e-07,0.016914,-5.15825e-05
1,0.7625,-0.000129099,-5.26269e-07,-0.0752352,-4.33697e-05
1,0.765,-0.000208032,-2.09237e-06,-0.160487,-2.2785e-05
1,0.7675,-0.000262391,-3.74253e-06,-0.231761,8.45618e-06
1,0.77,-0.000289055,-5.30043e-06,-0.283549,4.42508e-05
1,0.7725,-0.000288241,-6.62824e-06,-0.311432,7.46184e-05
1,0.775,-0.000262963,-7.61298e-06,-0.312745,9.09296e-05
1,0.7775,-0.000218194,-8.23214e-06,-0.286519,8.70705e-05
1,0.78,-0.000160084,-8.3035e-06,-0.236837,6.50952e-05
1,0.7825,-9.48801e-05,-7.86766e-06,-0.167105,2.77478e-05
1,0.785,-2.81065e-05,-7.02543e-06,-0.0831656,-1.98017e-05
1,0.7875,3.58415e-05,-5.73597e-06,0.00811593,-6.25541e-05
1,0.79,9.38401e-05,-3.97624e-06,0.0990871,-9.9042e-05
1,0.7925,0.000143803,-1.73738e-06,0.181467,-0.000116769
1,0.795,0.000184303,9.68387e-07,0.247751,-0.000114154
1,0.7975,0.000214188,4.13e-06,0.293018,-8.81115e-05
1,0.8,0.000232172,7.67605e-06,0.311879,-4.57756e-05
1,0.8025,0.000236715,1.13625e-05,0.304644,3.55641e-06
1,0.805,0.000226147,1.49309e-05,0.270536,4.12553e-05
1,0.8075,0.000199085,1.80688e-05,0.213984,5.73708e-05
1,0.81,0.000155093,2.06129e-05,0.139599,3.85201e-05
1,0.8125,9.531e-05,2.22342e-05,0.0537554,-3.18205e-06
1,0.815,2.28535e-05,2.26662e-05,-0.0351206,-6.07903e-05
1,0.8175,-5.71049e-05,2.20151e-05,-0.119805,-0.000110117
1,0.82,-0.00013761,2.03954e-05,-0.19443,-0.000141589
1,0.8225,-0.000210508,1.79969e-05,-0.25077,-0.000143962
1,0.825,-0.000267463,1.50317e-05,-0.286637,-0.000120921
1,0.8275,-0.000301147,1.1777e-05,-0.298298,-7.83757e-05
1,0.83,-0.000306357,8.45753e-06,-0.284692,-3.13682e-05
1,0.8325,-0.000280859,5.28063e-06,-0.248573,4.15236e-06
1,0.835,-0.000225868,2.5142e-06,-0.19026,1.98406e-05
1,0.8375,-0.000146252,3.60343e-07,-0.116713,9.97129e-06
1,0.84,-5.00625e-05,-1.00035e-06,-0.0335351,-2.00114e-05
1,0.8425,5.24301e-05,-1.4451e-06,0.0525799,-5.95654e-05
1,0.845,0.000149987,-8.98051e-07,0.134774,-9.54686e-05
1,0.8475,0.00023186,5.54274e-07,0.204996,-0.000110256
1,0.85,0.000289254,2.75902e-06,0.258603,-0.000103655
1,0.8525,0.000316416,5.48696e-06,0.289681,-7.2276e-05
1,0.855,0.000311291,8.50073e-06,0.296734,-3.0914e-05
1,0.8575,0.000275605,1.14386e-05,0.277066,9.63093e-06
1,0.86,0.000214575,1.39354e-05,0.234431,3.26023e-05
1,0.8625,0.00013596,1.57662e-05,0.171868,3.31491e-05
1,0.865,4.88612e-05,1.67982e-05,0.0949414,1.33446e-05
1,0.8675,-3.74991e-05,1.69962e-05,0.0105872,-1.63159e-05
1,0.87,-0.000114935,1.64196e-05,-0.0742259,-4.3579e-05
1,0.8725,-0.000177106,1.52428e-05,-0.15208,-5.85279e-05
1,0.875,-0.000219954,1.37199e-05,-0.216727,-5.65358e-05
1,0.8775,-0.000241825,1.20004e-05,-0.262889,-4.04337e-05
1,0.88,-0.000243242,1.02379e-05,-0.286458,-1.54305e-05
1,0.8825,-0.000226383,8.57906e-06,-0.285988,1.10865e-05
1,0.885,-0.000194414,7.11316e-06,-0.2603,2.91302e-05
1,0.8875,-0.000151014,6.00862e-06,-0.213408,3.56045e-05
1,0.89,-9.98104e-05,5.38985e-06,-0.148253,2.60962e-05
1,0.8925,-4.41157e-05,5.29976e-06,-0.0706594,5.41167e-06
1,0.895,1.31375e-05,5.82766e-06,0.013091,-2.05247e-05
1,0.8975,6.9318e-05,7.09025e-06,0.095803,-4.32408e-05
1,0.9,0.000121847,9.14546e-06,0.170144,-5.20792e-05
1,0.9025,0.000167999,1.2001e-05,0.229602,-3.93805e-05
1,0.905,0.000204795,1.55929e-05,0.269065,-3.74226e-06
1,0.9075,0.000229054,1.96665e-05,0.284861,4.86605e-05
1,0.91,0.00023767,2.39737e-05,0.276877,9.92546e-05
1,0.9125,0.000228095,2.79992e-05,0.245293,0.000137541
1,0.915,0.000198963,3.1416e-05,0.192214,0.000138451
1,0.9175,0.000150731,3.39797e-05,0.123617,0.000106907
1,0.92,8.59948e-05,3.53218e-05,0.0453549,4.2723e-05
1,0.9225,9.52734e-06,3.52975e-05,-0.0358295,-3.21245e-05
1,0.925,-7.19318e-05,3.39308e-05,-0.11304,-9.8619e-05
1,0.9275,-0.000150372,3.13263e-05,-0.180776,-0.000138442
1,0.93,-0.000217403,2.76946e-05,-0.231751,-0.000143157
1,0.9325,-0.000265305,2.33805e-05,-0.26345,-0.000112826
1,0.935,-0.000288126,1.86606e-05,-0.273237,-5.90836e-05
1,0.9375,-0.000282549,1.38446e-05,-0.260645,-2.56711e-07
1,0.94,-0.000248426,9.28894e-06,-0.225931,4.67544e-05
1,0.9425,-0.000188887,5.29823e-06,-0.171933,6.66692e-05
1,0.945,-0.000110094,2.16642e-06,-0.103783,5.51548e-05
1,0.9475,-2.04711e-05,1.4357e-07,-0.027035,1.6643e-05
1,0.95,7.03436e-05,-5.95768e-07,0.0522463,-3.45742e-05
1,0.9525,0.000152691,7.50766e-09,0.127423,-7.99109e-05
1,0.955,0.000218137,1.88838e-06,0.191767,-0.000105287
1,0.9575,0.000260452,4.85813e-06,0.239615,-9.68263e-05
1,0.96,0.000276311,8.69024e-06,0.267594,-6.08718e-05
1,0.9625,0.00026549,1.2897e-05,0.272155,-8.24595e-06
1,0.965,0.000230647,1.7132e-05,0.253021,4.0888e-05
1,0.9675,0.000176781,2.09462e-05,0.212461,7.40129e-05
1,0.97,0.000110431,2.40143e-05,0.154029,7.42388e-05
1,0.9725,3.86671e-05,2.60514e-05,0.0824733,5.09429e-05
1,0.975,-3.17567e-05,2.69618e-05,0.00511979,4.88119e-06
1,0.9775,-9.51052e-05,2.68533e-05,-0.0729101,-3.86294e-05
1,0.98,-0.000147016,2.57875e-05,-0.143638,-7.43715e-05
1,0.9825,-0.000184667,2.39034e-05,-0.202486,-8.73614e-05
1,0.985,-0.000206721,2.14885e-05,-0.242763,-7.67985e-05
1,0.9875,-0.000213106,1.87145e-05,-0.263388,-4.90345e-05
1,0.99,-0.000204686,1.57243e-05,-0.2612,-1.31741e-05
1,0.9925,-0.000182844,1.27516e-05,-0.236506,2.24065e-05
1,0.995,-0.000149331,1.00581e-05,-0.19199,4.27204e-05
1,0.9975,-0.000106168,7.8245e-06,-0.131536,4.35667e-05
1,1,-5.55789e-05,6.21892e-06,-0.0598896,2.36731e-05
1,1.0025,-1.36202e-07,5.41135e-06,0.0168226,-9.37911e-06
1,1.005,5.71444e-05,5.55098e-06,0.0923164,-4.66006e-05
1,1.0075,0.000112703,6.71521e-06,0.159096,-7.25063e-05
1,1.01,0.0001625,8.96568e-06,0.21249,-7.77835e-05
1,1.0125,0.000202215,1.21614e-05,0.247152,-5.44003e-05
1,1.015,0.000227625,1.60988e-05,0.260862,-1.20153e-05
1,1.0175,0.000235146,2.03652e-05,0.252336,3.95172e-05
1,1.02,0.000222436,2.45368e-05,0.222439,7.85658e-05
1,1.0225,0.000188956,2.81691e-05,0.17296,9.25792e-05
1,1.025,0.000136418,3.07826e-05,0.10984,7.15053e-05
1,1.0275,6.87976e-05,3.20751e-05,0.0379998,2.47197e-05
1,1.03,-7.93756e-06,3.18984e-05,-0.0362762,-3.38827e-05
1,1.0325,-8.63391e-05,3.02937e-05,-0.106647,-8.27545e-05
1,1.035,-0.000158328,2.73179e-05,-0.168228,-0.000107974
1,1.0375,-0.00021616,2.32341e-05,-0.214308,-0.00010024
1,1.04,-0.000253414,1.83616e-05,-0.242868,-6.07702e-05
1,1.0425,-0.000265867,1.29996e-05,-0.250775,-4.67548e-06
1,1.045,-0.000252048,7.54683e-06,-0.238423,5.2442e-05
1,1.0475,-0.000213353,2.3678e-06,-0.204927,8.97661e-05
1,1.05,-0.000154015,-2.16488e-06,-0.155098,9.56923e-05
1,1.0525,-8.05068e-05,-5.73261e-06,-0.0916449,6.3076e-05
1,1.055,-6.89202e-07,-7.991e-06,-0.0207643,-2.12734e-07
1,1.0575,7.70992e-05,-8.78864e-06,0.051902,-7.43823e-05
1,1.06,0.000145112,-8.04521e-06,0.121115,-0.000144846
1,1.0625,0.000197052,-5.79286e-06,0.179112,-0.00018492
1,1.065,0.000228748,-2.20815e-06,0.222474,-0.000190733
1,1.0675,0.000238472,2.45059e-06,0.2469,-0.000157645
1,1.07,0.000226829,7.71454e-06,0.249352,-9.98074e-05
1,1.0725,0.000196437,1.31106e-05,0.230853,-3.75614e-05
1,1.075,0.00015142,1.81688e-05,0.192079,9.39202e-06
1,1.0775,9.67364e-05,2.24371e-05,0.137583,2.59125e-05
1,1.08,3.75429e-05,2.55595e-05,0.0717136,1.14926e-05
1,1.0825,-2.13305e-05,2.73669e-05,-3.34851e-05,-2.72997e-05
1,1.085,-7.57163e-05,2.78507e-05,-0.0709395,-7.27089e-05
1,1.0875,-0.000122307,2.70344e-05,-0.135824,-0.000109954
1,1.09,-0.000158648,2.50361e-05,-0.188035,-0.000125592
1,1.0925,-0.000183046,2.21065e-05,-0.224264,-0.00011676
1,1.095,-0.000194472,1.84526e-05,-0.241414,-8.56821e-05
1,1.0975,-0.000192479,1.43645e-05,-0.238084,-4.3075e-05
1,1.1,-0.000177121,1.00843e-05,-0.214629,-1.09192e-06
1,1.1025,-0.000148989,5.90155e-06,-0.172627,2.36038e-05
1,1.105,-0.000109338,2.14364e-06,-0.116642,2.47126e-05
1,1.1075,-6.01719e-05,-9.49214e-07,-0.0507384,-1.55578e-06
1,1.11,-4.37018e-06,-3.12626e-06,0.019462,-4.71251e-05
1,1.1125,5.42845e-05,-4.22451e-06,0.0877932,-0.000100058
1,1.115,0.000111288,-4.07739e-06,0.148779,-0.000146441
1,1.1175,0.000161682,-2.643e-06,0.196401,-0.000167652
1,1.12,0.000200482,-2.64067e-08,0.227396,-0.00016012
1,1.1225,0.000223243,3.54662e-06,0.238908,-0.000123488
1,1.125,0.000226702,7.63805e-06,0.230112,-7.21603e-05
1,1.1275,0.000209332,1.17922e-05,0.201622,-2.41998e-05
1,1.13,0.000171721,1.55369e-05,0.15598,4.49388e-06
1,1.1325,0.000116709,1.83726e-05,0.0978826,5.19388e-06
1,1.135,4.92193e-05,1.99683e-05,0.0318751,-1.9204e-05
1,1.1375,-2.42136e-05,2.01511e-05,-0.0361891,-5.55612e-05
1,1.14,-9.61763e-05,1.8866e-05,-0.101044,-8.77338e-05
1,1.1425,-0.000159233,1.62235e-05,-0.156182,-0.000101577
1,1.145,-0.00020686,1.23672e-05,-0.198643,-8.79978e-05
1,1.1475,-0.000234184,7.68773e-06,-0.223463,-5.03052e-05
1,1.15,-0.000238579,2.48295e-06,-0.23041,3.35213e-06
1,1.1525,-0.00021995,-2.89798e-06,-0.21793,4.98909e-05
1,1.155,-0.000180627,-8.03439e-06,-0.18626,8.10195e-05
1,1.1575,-0.000125113,-1.25178e-05,-0.139453,7.87661e-05
1,1.16,-5.94688e-05,-1.60483e-05,-0.0807907,4.4157e-05
1,1.1625,9.49322e-06,-1.83715e-05,-0.0152963,-2.03429e-05
1,1.165,7.5001e-05,-1.92037e-05,0.0515082,-9.49837e-05
1,1.1675,0.000131122,-1.83926e-05,0.114757,-0.000164255
1,1.17,0.000173299,-1.59586e-05,0.167304,-0.00020326
1,1.1725,0.000198699,-1.19882e-05,0.206099,-0.000207511
1,1.175,0.000206355,-6.78277e-06,0.227329,-0.000171023
1,1.1775,0.000196926,-8.36226e-07,0.228225,-0.000108634
1,1.18,0.000172428,5.37145e-06,0.210128,-4.12605e-05
1,1.1825,0.000135847,1.13542e-05,0.17355,1.09257e-05
1,1.185,9.06863e-05,1.66027e-05,0.122966,3.23896e-05
1,1.1875,4.0614e-05,2.07163e-05,0.0617927,1.73498e-05
1,1.19,-1.07991e-05,2.34562e-05,-0.00395847,-2.45874e-05
1,1.1925,-6.02269e-05,2.47034e-05,-0.0687464,-7.79595e-05
1,1.195,-0.000104673,2.44229e-05,-0.12767,-0.000124192
1,1.1975,-0.000141456,2.27598e-05,-0.174524,-0.000149392
1,1.2,-0.000168252,1.99129e-05,-0.207049,-0.000146558
1,1.2025,-0.00018316,1.61331e-05,-0.221258,-0.000116996
1,1.205,-0.000184783,1.17355e-05,-0.217102,-7.0412e-05
1,1.2075,-0.000172402,7.07928e-06,-0.194858,-2.09038e-05
1,1.21,-0.000146129,2.4365e-06,-0.155412,1.78549e-05
1,1.2125,-0.000107146,-1.85487e-06,-0.103608,3.21512e-05
1,1.215,-5.77756e-05,-5.44832e-06,-0.0427594,2.21233e-05
1,1.2175,-1.47417e-06,-8.06972e-06,0.0214089,-1.14137e-05
1,1.22,5.72741e-05,-9.46844e-06,0.0836034,-5.37875e-05
1,1.2225,0.000113331,-9.3998e-06,0.138836,-9.28074e-05
1,1.225,0.000161349,-7.78791e-06,0.181828,-0.000108791
1,1.2275,0.000196321,-4.87184e-06,0.209041,-9.74172e-05
1,1.23,0.000214222,-8.56588e-07,0.219015,-6.21754e-05
1,1.2325,0.000212586,3.83312e-06,0.209952,-1.07089e-05
1,1.235,0.000190852,8.8311e-06,0.183222,3.36083e-05
1,1.2375,0.000150621,1.36219e-05,0.140703,6.25226e-05
1,1.24,9.55872e-05,1.76574e-05,0.0869753,5.91943e-05
1,1.2425,3.11047e-05,2.05866e-05,0.0261351,3.14215e-05
1,1.245,-3.63823e-05,2.21966e-05,-0.0361388,-1.42363e-05
1,1.2475,-0.000100094,2.24143e-05,-0.0955879,-5.7271e-05
1,1.25,-0.000153653,2.12159e-05,-0.145477,-8.72121e-05
1,1.2525,-0.000191869,1.88199e-05,-0.184029,-9.21406e-05
1,1.255,-0.000211268,1.54929e-05,-0.206409,-6.87878e-05
1,1.2575,-0.000210445,1.15356e-05,-0.211312,-2.95091e-05
1,1.26,-0.000190147,7.30659e-06,-0.199024,1.84065e-05
1,1.2625,-0.000153038,3.16536e-06,-0.168956,5.74864e-05
1,1.265,-0.000103351,-5.3941e-07,-0.125131,7.62826e-05
1,1.2675,-4.6306e-05,-3.44264e-06,-0.0708484,6.8887e-05
1,1.27,1.25363e-05,-5.20833e-06,-0.0102998,3.90039e-05
1,1.2725,6.78897e-05,-5.57123e-06,0.051476,-3.69963e-06
1,1.275,0.000115224,-4.36913e-06,0.10839,-4.04924e-05
1,1.2775,0.000151122,-1.55954e-06,0.15636,-5.8825e-05
1,1.28,0.000173474,2.77827e-06,0.190978,-4.88636e-05
1,1.2825,0.000181451,8.38667e-06,0.208943,-8.87141e-06
1,1.285,0.000175359,1.48639e-05,0.209283,4.76876e-05
1,1.2875,0.000156409,2.16974e-05,0.191004,0.000102306
1,1.29,0.000126522,2.83265e-05,0.156819,0.000136348
1,1.2925,8.81008e-05,3.42272e-05,0.109402,0.000134928
1,1.295,4.38616e-05,3.89559e-05,0.0532018,9.60509e-05
1,1.2975,-3.28954e-06,4.22338e-05,-0.00732949,2.80888e-05
1,1.3,-5.02955e-05,4.38528e-05,-0.0663901,-4.96223e-05
1,1.3025,-9.40018e-05,4.37624e-05,-0.119317,-0.000117513
1,1.305,-0.00013133,4.20304e-05,-0.162528,-0.000158408
1,1.3075,-0.000159357,3.88644e-05,-0.190265,-0.000164493
1,1.31,-0.000175566,3.46098e-05,-0.202923,-0.000137692
1,1.3125,-0.000178103,2.95668e-05,-0.197855,-8.7157e-05
1,1.315,-0.000166014,2.4054e-05,-0.176807,-2.80723e-05
1,1.3175,-0.000139451,1.84898e-05,-0.139717,2.29976e-05
1,1.32,-9.99189e-05,1.32646e-05,-0.0919151,5.30106e-05
1,1.3225,-5.0254e-05,8.70554e-06,-0.035952,5.53146e-05
1,1.325,5.53542e-06,5.12879e-06,0.022754,3.31864e-05
1,1.3275,6.25407e-05,2.83782e-06,0.079689,-4.2723e-06
1,1.33,0.00011539,2.03048e-06,0.129486,-4.0911e-05
1,1.3325,0.000158844,2.79721e-06,0.168474,-6.32502e-05
1,1.335,0.000188386,5.05367e-06,0.193035,-6.14411e-05
1,1.3375,0.000200754,8.54679e-06,0.20079,-3.66863e-05
1,1.34,0.000194401,1.29424e-05,0.19233,2.436e-06
1,1.3425,0.000169693,1.77365e-05,0.166365,4.06344e-05
1,1.345,0.000128959,2.23656e-05,0.1269,6.18428e-05
1,1.3475,7.62416e-05,2.63437e-05,0.0771572,5.86088e-05
1,1.35,1.68213e-05,2.92711e-05,0.0211787,3.07301e-05
1,1.3525,-4.33748e-05,3.08798e-05,-0.0360404,-1.19696e-05
1,1.355,-9.84836e-05,3.10199e-05,-0.0903655,-5.53328e-05
1,1.3575,-0.000143295,2.96862e-05,-0.135967,-8.52733e-05
1,1.36,-0.000173839,2.69702e-05,-0.170504,-9.04423e-05
1,1.3625,-0.000187751,2.30995e-05,-0.190367,-7.21065e-05
1,1.365,-0.000184411,1.83764e-05,-0.193807,-3.43311e-05
1,1.3675,-0.000164889,1.31332e-05,-0.181614,1.00455e-05
1,1.37,-0.000131687,7.7874e-06,-0.152936,4.56003e-05
1,1.3725,-8.84175e-05,2.70399e-06,-0.112074,6.00055e-05
1,1.375,-3.93335e-05,-1.77914e-06,-0.0614729,4.5421e-05
1,1.3775,1.11464e-05,-5.3242e-06,-0.00572042,5.68041e-06
1,1.38,5.88821e-05,-7.60971e-06,0.050975,-5.20318e-05
1,1.3825,0.000100306,-8.4334e-06,0.1028,-0.000108812
1,1.385,0.000132637,-7.68216e-06,0.146188,-0.000152107
1,1.3875,0.000153983,-5.43511e-06,0.176937,-0.000167196
1,1.39,0.000163303,-1.86084e-06,0.192387,-0.000152698
1,1.3925,0.000160374,2.70114e-06,0.191472,-0.000112773
1,1.395,0.00014568,7.7517e-06,0.173429,-6.40703e-05
1,1.3975,0.000120353,1.27522e-05,0.14152,-2.39695e-05
1,1.4,8.61041e-05,1.71683e-05,0.0974129,-5.55875e-06
1,1.4025,4.51686e-05,2.05411e-05,0.0456404,-1.24157e-05
1,1.405,2.78513e-07,2.24996e-05,-0.00972306,-4.05949e-05
1,1.4075,-4.54129e-05,2.28541e-05,-0.063598,-7.62985e-05
1,1.41,-8.85003e-05,2.1525e-05,-0.112061,-0.000104614
1,1.4125,-0.000125498,1.85801e-05,-0.14992,-0.00011506
1,1.415,-0.000153127,1.41916e-05,-0.175678,-0.000100315
1,1.4175,-0.000168626,8.65079e-06,-0.185513,-6.57656e-05
1,1.42,-0.00017009,2.25434e-06,-0.180623,-1.88284e-05
1,1.4225,-0.000156734,-4.62761e-06,-0.160165,2.00972e-05
1,1.425,-0.000129068,-1.15549e-05,-0.125914,4.05152e-05
1,1.4275,-8.90566e-05,-1.81699e-05,-0.0812615,2.93724e-05
1,1.43,-3.9993e-05,-2.41206e-05,-0.0297773,-1.47283e-05
1,1.4325,1.37819e-05,-2.90403e-05,0.0240787,-8.62447e-05
1,1.435,6.72484e-05,-3.26145e-05,0.0756087,-0.000170242
1,1.4375,0.000115268,-3.45592e-05,0.121617,-0.000252551
1,1.44,0.00015308,-3.47909e-05,0.156166,-0.000307762
1,1.4425,0.000176866,-3.33875e-05,0.178162,-0.000330961
1,1.445,0.000184232,-3.05314e-05,0.184794,-0.000316107
1,1.4475,0.000174453,-2.65696e-05,0.175869,-0.000271822
1,1.45,0.000148566,-2.19939e-05,0.151521,-0.000211288
1,1.4525,0.000109277,-1.72993e-05,0.114744,-0.000154073
1,1.455,6.05761e-05,-1.29463e-05,0.068471,-0.000109818
1,1.4575,7.29845e-06,-9.36961e-06,0.0168501,-8.59336e-05
1,1.46,-4.54123e-05,-6.89463e-06,-0.0359779,-7.84486e-05
1,1.4625,-9.26586e-05,-5.705e-06,-0.0852965,-7.98687e-05
1,1.465,-0.000130296,-5.86719e-06,-0.127173,-7.93625e-05
1,1.4675,-0.000155321,-7.33623e-06,-0.158059,-6.98381e-05
1,1.47,-0.000166074,-9.95904e-06,-0.175403,-4.888e-05
1,1.4725,-0.000162296,-1.34938e-05,-0.178038,-2.02609e-05
1,1.475,-0.000144982,-1.76614e-05,-0.16526,6.04557e-06
1,1.4775,-0.000116218,-2.21111e-05,-0.138316,2.09818e-05
1,1.48,-7.89176e-05,-2.64831e-05,-0.100063,1.52572e-05
1,1.4825,-3.64352e-05,-3.04241e-05,-0.0530656,-1.70167e-05
1,1.485,7.73592e-06,-3.35706e-05,-0.00170894,-7.15476e-05
1,1.4875,5.02163e-05,-3.56202e-05,0.0496731,-0.0001389
1,1.49,8.79927e-05,-3.63039e-05,0.0976172,-0.000207102
1,1.4925,0.000118501,-3.54316e-05,0.136178,-0.000255235
1,1.495,0.000139747,-3.3017e-05,0.163675,-0.000275804
1,1.4975,0.000150377,-2.92107e-05,0.176684,-0.000262619
1,1.5,0.000149685,-2.42548e-05,0.174923,-0.000221916
1,1.5025,0.000137626,-1.85751e-05,0.157836,-0.000166208
1,1.505,0.000114868,-1.26808e-05,0.127382,-0.000112316
1,1.5075,8.28365e-05,-7.05951e-06,0.0869729,-7.51732e-05
1,1.51,4.36686e-05,-2.15428e-06,0.0390473,-6.15263e-05
1,1.5125,1.65338e-07,1.68446e-06,-0.0116483,-7.00107e-05
1,1.515,-4.43299e-05,4.2049e-06,-0.0612293,-9.10613e-05
1,1.5175,-8.61428e-05,5.27737e-06,-0.104704,-0.000113219
1,1.52,-0.000121591,4.90887e-06,-0.139342,-0.000124104
1,1.5225,-0.000147315,3.11002e-06,-0.16173,-0.000118168
1,1.525,-0.000160668,3.01131e-07,-0.170737,-9.29121e-05
1,1.5275,-0.000159972,-3.20919e-06,-0.164781,-5.77155e-05
1,1.53,-0.000144837,-7.27255e-06,-0.145679,-2.50176e-05
1,1.5325,-0.000116243,-1.14429e-05,-0.113583,1.11854e-06
1,1.535,-7.65488e-05,-1.53475e-05,-0.0721649,6.83228e-06
1,1.5375,-2.93066e-05,-1.86905e-05,-0.0248316,-8.82717e-06
1,1.54,2.10898e-05,-2.10659e-05,0.0246314,-4.23948e-05
1,1.5425,6.98344e-05,-2.21597e-05,0.0719546,-8.37302e-05
1,1.545,0.000112253,-2.17517e-05,0.11363,-0.000121659
1,1.5475,0.000144259,-1.97678e-05,0.144903,-0.000139668
1,1.55,0.000162832,-1.6153e-05,0.164349,-0.000135131
1,1.5525,0.000166359,-1.10307e-05,0.169771,-0.000103666
1,1.555,0.000154723,-4.76932e-06,0.160192,-5.66706e-05
1,1.5575,0.000129308,2.21792e-06,0.137575,-8.95503e-06
1,1.56,9.28202e-05,9.40723e-06,0.103017,2.52034e-05
1,1.5625,4.8956e-05,1.64036e-05,0.0604566,3.2621e-05
1,1.565,1.93488e-06,2.27341e-05,0.0126,1.2653e-05
1,1.5675,-4.39083e-05,2.79725e-05,-0.0354181,-3.20757e-05
1,1.57,-8.45981e-05,3.18985e-05,-0.0810635,-8.50436e-05
1,1.5725,-0.000116825,3.43968e-05,-0.118466,-0.000134848
1,1.575,-0.000138207,3.54634e-05,-0.146277,-0.000166062
1,1.5775,-0.000147444,3.51748e-05,-0.161411,-0.00017188
1,1.58,-0.000144339,3.36969e-05,-0.162977,-0.000150777
1,1.5825,-0.000129659,3.13267e-05,-0.150411,-0.000108615
1,1.585,-0.000104984,2.83848e-05,-0.124761,-5.59197e-05
1,1.5875,-7.25602e-05,2.52234e-05,-0.0889716,-5.23254e-06
1,1.59,-3.50489e-05,2.22266e-05,-0.0455575,3.48062e-05
1,1.5925,4.66574e-06,1.97315e-05,0.00170359,5.96085e-05
1,1.595,4.36579e-05,1.80902e-05,0.0492055,7.02545e-05
1,1.5975,7.91091e-05,1.75945e-05,0.0918968,7.43889e-05
1,1.6,0.000108467,1.84043e-05,0.127123,7.85667e-05
1,1.6025,0.000129581,2.05921e-05,0.151226,9.09467e-05
1,1.605,0.000140809,2.41161e-05,0.16259,0.00011354
1,1.6075,0.000141127,2.87585e-05,0.160082,0.000142266
1,1.61,0.000130212,3.41262e-05,0.143769,0.000166568
1,1.6125,0.000108571,3.97475e-05,0.115404,0.000175017
1,1.615,7.76055e-05,4.51124e-05,0.0775668,0.000158214
1,1.6175,3.95548e-05,4.97751e-05,0.0335671,0.000113393
1,1.62,-2.61297e-06,5.3357e-05,-0.0130583,4.75156e-05
1,1.6225,-4.53815e-05,5.55543e-05,-0.0580866,-2.68097e-05
1,1.625,-8.49714e-05,5.62339e-05,-0.0974471,-9.18454e-05
1,1.6275,-0.000117763,5.53489e-05,-0.129229,-0.000136351
1,1.63,-0.000140565,5.29969e-05,-0.148486,-0.000150437
1,1.6325,-0.000150996,4.94227e-05,-0.156015,-0.000133469
1,1.635,-0.000147829,4.48943e-05,-0.150337,-9.31363e-05
1,1.6375,-0.000131125,3.97079e-05,-0.131593,-3.81579e-05
1,1.64,-0.000102253,3.4234e-05,-0.101757,1.62217e-05
1,1.6425,-6.38325e-05,2.88564e-05,-0.0634305,5.80737e-05
1,1.645,-1.94685e-05,2.39288e-05,-0.0198163,8.09142e-05
1,1.6475,2.66462e-05,1.97992e-05,0.0258155,8.32463e-05
1,1.65,7.01379e-05,1.67667e-05,0.0690423,7.09133e-05
1,1.6525,0.000106925,1.51363e-05,0.106627,5.28108e-05
1,1.655,0.000133648,1.50409e-05,0.134811,4.03502e-05
1,1.6575,0.000148009,1.64799e-05,0.152027,4.00902e-05
1,1.66,0.000148979,1.9196e-05,0.156217,5.36237e-05
1,1.6625,0.000136801,2.29181e-05,0.146652,7.40209e-05
1,1.665,0.000112959,2.7345e-05,0.12505,9.48906e-05
1,1.6675,7.99683e-05,3.19335e-05,0.092927,0.000100708
1,1.67,4.10413e-05,3.62097e-05,0.0532478,8.682e-05
1,1.6725,-2.50868e-07,3.96654e-05,0.00927817,5.21958e-05
1,1.675,-4.03245e-05,4.18541e-05,-0.0351134,2.25143e-06
1,1.6775,-7.58966e-05,4.25803e-05,-0.0759955,-4.84144e-05
1,1.68,-0.000104271,4.17054e-05,-0.110885,-8.8754e-05
1,1.6825,-0.000123431,3.92074e-05,-0.135093,-0.000108089
1,1.685,-0.000132185,3.52058e-05,-0.148478,-0.000102199
1,1.6875,-0.000130203,2.98917e-05,-0.148757,-7.5057e-05
1,1.69,-0.000117941,2.35469e-05,-0.136519,-3.40051e-05
1,1.6925,-9.65372e-05,1.6497e-05,-0.112268,6.76666e-06
1,1.695,-6.77295e-05,9.14487e-06,-0.0789166,3.28798e-05
1,1.6975,-3.37172e-05,1.85926e-06,-0.0388087,3.79211e-05
1,1.7,2.94703e-06,-5.00112e-06,0.00468444,1.59306e-05
1,1.7025,3.95333e-05,-1.10427e-05,0.0480647,-2.77392e-05
1,1.705,7.32847e-05,-1.59472e-05,0.0868498,-8.2593e-05
1,1.7075,0.00010158,-1.95035e-05,0.118508,-0.000136403
1,1.71,0.000122109,-2.15909e-05,0.139752,-0.0001743
1,1.7125,0.00013307,-2.22353e-05,0.14953,-0.000189718
1,1.715,0.000133312,-2.16526e-05,0.146207,-0.000180831
1,1.7175,0.000122476,-2.01772e-05,0.130718,-0.000154044
1,1.72,0.000101129,-1.81881e-05,0.10412,-0.000119435
1,1.7225,7.07918e-05,-1.61756e-05,0.0691114,-8.63253e-05
1,1.725,3.38577e-05,-1.45969e-05,0.0284297,-6.22262e-05
1,1.7275,-6.56392e-06,-1.38053e-05,-0.0141164,-4.67337e-05
1,1.73,-4.69247e-05,-1.40966e-05,-0.0552855,-3.71628e-05
1,1.7325,-8.35404e-05,-1.56282e-05,-0.0911645,-2.78637e-05
1,1.735,-0.000112963,-1.83932e-05,-0.119119,-1.26449e-05
1,1.7375,-0.000132359,-2.2438e-05,-0.136857,8.94797e-06
1,1.74,-0.000139816,-2.75523e-05,-0.143141,3.42887e-05
1,1.7425,-0.00013454,-3.34286e-05,-0.136943,5.81295e-05
1,1.745,-0.000116959,-3.98415e-05,-0.119292,6.68391e-05
1,1.7475,-8.8721e-05,-4.64823e-05,-0.0912719,5.53359e-05
1,1.75,-5.25159e-05,-5.30063e-05,-0.0557001,1.65193e-05
1,1.7525,-1.17762e-05,-5.90432e-05,-0.0152029,-4.95124e-05
1,1.755,2.96577e-05,-6.4243e-05,0.0265219,-0.000136281
1,1.7575,6.79531e-05,-6.82819e-05,0.0661938,-0.000232357
1,1.76,9.96586e-05,-7.09228e-05,0.0998642,-0.00031845
1,1.7625,0.000122098,-7.19487e-05,0.126515,-0.000388445
1,1.765,0.000133504,-7.12973e-05,0.14052,-0.000416774
1,1.7675,0.000133186,-6.9135e-05,0.143951,-0.000412427
1,1.77,0.000121537,-6.57027e-05,0.134413,-0.000371791
1,1.7725,9.99341e-05,-6.13197e-05,0.113824,-0.000309223
1,1.775,7.05591e-05,-5.64334e-05,0.0840483,-0.000240376
1,1.7775,3.61065e-05,-5.15744e-05,0.0465012,-0.000173222
1,1.78,-4.36206e-07,-4.71576e-05,0.00661846,-0.000123263
1,1.7825,-3.60697e-05,-4.35059e-05,-0.0342436,-8.66629e-05
1,1.785,-6.80037e-05,-4.0879e-05,-0.0716393,-6.38343e-05
1,1.7875,-9.38387e-05,-3.94985e-05,-0.102786,-4.78633e-05
1,1.79,-0.000111722,-3.94003e-05,-0.124765,-3.41398e-05
1,1.7925,-0.000120461,-4.05094e-05,-0.136186,-1.80976e-05
1,1.795,-0.000119539,-4.2706e-05,-0.13568,-3.22973e-06
1,1.7975,-0.00010911,-4.5779e-05,-0.123765,7.90215e-06
1,1.8,-8.99862e-05,-4.94352e-05,-0.101184,7.44049e-06
1,1.8025,-6.36078e-05,-5.33216e-05,-0.0698481,-9.33709e-06
1,1.805,-3.19549e-05,-5.70903e-05,-0.0327852,-4.61199e-05
1,1.8075,2.58077e-06,-6.03756e-05,0.00722353,-0.000101302
1,1.81,3.73282e-05,-6.28251e-05,0.0465878,-0.000167171
1,1.8125,6.9509e-05,-6.41427e-05,0.0819908,-0.000232828
1,1.815,9.64322e-05,-6.41313e-05,0.110064,-0.000282654
1,1.8175,0.000115777,-6.26123e-05,0.129917,-0.000313692
1,1.82,0.000125715,-5.95434e-05,0.137202,-0.00030991
1,1.8225,0.000125141,-5.50934e-05,0.134289,-0.000281843
1,1.825,0.000113829,-4.95261e-05,0.119057,-0.000231202
1,1.8275,9.25323e-05,-4.31194e-05,0.0943008,-0.000173941
1,1.83,6.29412e-05,-3.62963e-05,0.0618026,-0.000120551
1,1.8325,2.75439e-05,-2.95289e-05,0.0241819,-8.13966e-05
1,1.835,-1.0534e-05,-2.31421e-05,-0.014703,-6.08741e-05
1,1.8375,-4.78365e-05,-1.74164e-05,-0.0523682,-5.64625e-05
1,1.84,-8.09245e-05,-1.25895e-05,-0.0851672,-6.26633e-05
1,1.8425,-0.000106711,-8.76585e-06,-0.110442,-7.143e-05
1,1.845,-0.000122789,-5.95498e-06,-0.126158,-7.57833e-05
1,1.8475,-0.000127681,-4.12095e-06,-0.131172,-7.16552e-05
1,1.85,-0.000120988,-3.15311e-06,-0.125178,-5.87336e-05
1,1.8525,-0.000103398,-2.80657e-06,-0.10826,-4.00771e-05
1,1.855,-7.66457e-05,-2.84189e-06,-0.0820881,-1.86489e-05
1,1.8575,-4.33115e-05,-3.02556e-06,-0.0489928,-1.00261e-06
1,1.86,-6.53567e-06,-3.03956e-06,-0.0117518,1.07102e-05
1,1.8625,3.03167e-05,-2.57701e-06,0.0266593,1.57083e-05
1,1.865,6.39721e-05,-1.34143e-06,0.0628796,1.66505e-05
1,1.8675,9.15478e-05,9.26921e-07,0.0937123,1.98915e-05
1,1.87,0.000110814,4.39957e-06,0.116783,2.97839e-05
1,1.8725,0.000120364,9.13508e-06,0.129855,4.96765e-05
1,1.875,0.00011969,1.50684e-05,0.132028,7.78193e-05
1,1.8775,0.000109156,2.20345e-05,0.122855,0.000107822
1,1.88,8.99343e-05,2.97228e-05,0.103408,0.000130445
1,1.8825,6.38386e-05,3.774e-05,0.0755234,0.000134862
1,1.885,3.31279e-05,4.56564e-05,0.0413352,0.000114983
1,1.8875,3.30801e-07,5.30544e-05,0.00405984,6.9852e-05
1,1.89,-3.19466e-05,5.95464e-05,-0.033249,5.94378e-06
1,1.8925,-6.12097e-05,6.48117e-05,-0.0673054,-6.50985e-05
1,1.895,-8.52274e-05,6.86828e-05,-0.0948293,-0.000126524
1,1.8975,-0.000102238,7.10207e-05,-0.115486,-0.000170145
1,1.9,-0.000110951,7.18562e-05,-0.124433,-0.000183451
1,1.9025,-0.000110668,7.1364e-05,-0.123707,-0.000166072
1,1.905,-0.000101382,6.97129e-05,-0.11211,-0.000121429
1,1.9075,-8.37199e-05,6.71378e-05,-0.0906308,-5.64233e-05
1,1.91,-5.89943e-05,6.39384e-05,-0.0620831,1.41111e-05
1,1.9125,-2.90614e-05,6.05003e-05,-0.0269093,8.35147e-05
1,1.915,3.72397e-06,5.71722e-05,0.00897119,0.000141507
1,1.9175,3.66874e-05,5.42513e-05,0.0452928,0.000184785
1,1.92,6.7063e-05,5.20527e-05,0.077414,0.000213457
1,1.9225,9.21946e-05,5.08481e-05,0.103251,0.00023179
1,1.925,0.000109788,5.07888e-05,0.119984,0.000243329
1,1.9275,0.00011816,5.18343e-05,0.126984,0.000252454
1,1.93,0.000116414,5.39188e-05,0.123338,0.000255664
1,1.9325,0.000104512,5.67853e-05,0.108897,0.00025256
1,1.935,8.33805e-05,6.0131e-05,0.0858662,0.000234575
1,1.9375,5.48315e-05,6.3654e-05,0.0555636,0.000200585
1,1.94,2.1392e-05,6.68799e-05,0.0210351,0.00014848
1,1.9425,-1.38987e-05,6.94043e-05,-0.0148495,8.32562e-05
1,1.945,-4.78103e-05,7.09536e-05,-0.0492337,1.36479e-05
1,1.9475,-7.72431e-05,7.13184e-05,-0.0790186,-4.96994e-05
1,1.95,-9.95104e-05,7.03991e-05,-0.101521,-9.35967e-05
1,1.9525,-0.000112671,6.81099e-05,-0.116473,-0.000114961
1,1.955,-0.000115608,6.45148e-05,-0.119677,-0.000108717
1,1.9575,-0.000108171,5.97809e-05,-0.113895,-7.87168e-05
1,1.96,-9.11896e-05,5.40874e-05,-0.0976019,-3.26241e-05
1,1.9625,-6.63731e-05,4.7677e-05,-0.0732489,1.84434e-05
1,1.965,-3.61058e-05,4.08251e-05,-0.0427559,6.33866e-05
1,1.9675,-3.1395e-06,3.38788e-05,-0.00796575,9.44823e-05
1,1.97,2.96081e-05,2.71594e-05,0.0267722,0.000108499
1,1.9725,5.93312e-05,2.09638e-05,0.0600431,0.000104083
1,1.975,8.36e-05,1.55939e-05,0.0879775,8.75866e-05
1,1.9775,0.000100528,1.12445e-05,0.108617,6.69337e-05
1,1.98,0.000108919,8.00979e-06,0.119912,4.82868e-05
1,1.9825,0.000108327,5.81876e-06,0.121233,3.70425e-05
1,1.985,9.90128e-05,4.53995e-06,0.112098,3.19029e-05
1,1.9875,8.19116e-05,3.91182e-06,0.0937711,3.19696e-05
1,1.99,5.85194e-05,3.56579e-06,0.0675728,3.04043e-05
1,1.9925,3.07626e-05,3.13015e-06,0.0360002,2.52171e-05
1,1.995,8.5792e-07,2.21513e-06,0.00168835,1.39591e-05
1,1.9975,-2.88471e-05,4.91453e-07,-0.0323992,-2.64937e-07
1,2,-5.604e-05,-2.30165e-06,-0.0635948,-1.23704e-05
1,2.0025,-7.85878e-05,-6.30756e-06,-0.0887558,-1.78153e-05
1,2.005,-9.4703e-05,-1.15976e-05,-0.106394,-1.20662e-05
1,2.0075,-0.000103055,-1.81127e-05,-0.114551,3.19122e-06
1,2.01,-0.000102893,-2.57038e-05,-0.113188,2.47464e-05
1,2.0125,-9.41213e-05,-3.41656e-05,-0.101951,4.24693e-05
1,2.015,-7.73189e-05,-4.31829e-05,-0.0819576,4.94235e-05
1,2.0175,-5.3742e-05,-5.24577e-05,-0.0548573,3.55857e-05
1,2.02,-2.52546e-05,-6.16971e-05,-0.0233219,-2.43193e-06
1,2.0225,5.79859e-06,-7.05514e-05,0.0104601,-6.38652e-05
1,2.025,3.67811e-05,-7.86716e-05,0.0433518,-0.000142963
1,2.0275,6.49955e-05,-8.57589e-05,0.0727091,-0.000228893
1,2.03,8.7914e-05,-9.156e-05,0.0958064,-0.000307743
1,2.0325,0.000103423,-9.59065e-05,0.110988,-0.000366608
1,2.035,0.000110049,-9.87581e-05,0.11671,-0.000395573
1,2.0375,0.000107111,-0.000100183,0.112877,-0.000392538
1,2.04,9.47892e-05,-0.000100363,0.0991521,-0.000357375
1,2.0425,7.41548e-05,-9.95703e-05,0.0774968,-0.00029993
1,2.045,4.7064e-05,-9.81417e-05,0.0496137,-0.000230128
1,2.0475,1.59741e-05,-9.64366e-05,0.0177946,-0.000157979
1,2.05,-1.62808e-05,-9.47951e-05,-0.0152228,-9.08823e-05
1,2.0525,-4.67681e-05,-9.35073e-05,-0.0466385,-3.33577e-05
1,2.055,-7.27485e-05,-9.28029e-05,-0.0737504,1.31613e-05
1,2.0575,-9.19491e-05,-9.28212e-05,-0.0942709,4.7943e-05
1,2.06,-0.000102762,-9.36124e-05,-0.106732,7.14958e-05
1,2.0625,-0.000104371,-9.51409e-05,-0.109759,8.17457e-05
1,2.065,-9.68138e-05,-9.73262e-05,-0.103616,7.85629e-05
1,2.0675,-8.0926e-05,-0.000100021,-0.0881301,5.7329e-05
1,2.07,-5.82706e-05,-0.000103025,-0.0652371,1.88262e-05
1,2.0725,-3.09531e-05,-0.000106083,-0.0366876,-3.92436e-05
1,2.075,-1.3964e-06,-0.000108907,-0.00498286,-0.000113166
1,2.0775,2.78717e-05,-0.00011123,0.0273686,-0.000197657
1,2.08,5.44372e-05,-0.000112767,0.0575278,-0.000283028
1,2.0825,7.61847e-05,-0.000113261,0.0828483,-0.000357463
1,2.085,9.14548e-05,-0.000112503,0.101218,-0.000410865
1,2.0875,9.9151e-05,-0.000110386,0.111135,-0.000434189
1,2.09,9.8796e-05,-0.000106914,0.111593,-0.000425044
1,2.0925,9.05309e-05,-0.000102161,0.102588,-0.000385484
1,2.095,7.50911e-05,-9.63332e-05,0.0851328,-0.000324607
1,2.0975,5.37545e-05,-8.97214e-05,0.0607442,-0.000253318
1,2.1,2.82255e-05,-8.26497e-05,0.0314967,-0.000182623
1,2.1025,5.21538e-07,-7.54589e-05,-0.000137205,-0.000121661
1,2.105,-2.71527e-05,-6.84592e-05,-0.0313868,-7.54394e-05
1,2.1075,-5.25791e-05,-6.19063e-05,-0.0596639,-4.42922e-05
1,2.11,-7.36869e-05,-5.59922e-05,-0.0824783,-2.62723e-05
1,2.1125,-8.87087e-05,-5.08423e-05,-0.0981231,-1.71828e-05
1,2.115,-9.63269e-05,-4.6491e-05,-0.1052,-1.30624e-05
1,2.1175,-9.58002e-05,-4.28739e-05,-0.10328,-1.14575e-05
1,2.12,-8.70574e-05,-3.987e-05,-0.0925974,-1.24981e-05
1,2.1225,-7.07098e-05,-3.73194e-05,-0.0736714,-1.71067e-05
1,2.125,-4.80497e-05,-3.50014e-05,-0.0486868,-2.53394e-05
1,2.1275,-2.09552e-05,-3.26798e-05,-0.0193788,-3.79059e-05
1,2.13,8.26907e-06,-3.01041e-05,0.0115934,-5.40954e-05
1,2.1325,3.70728e-05,-2.70254e-05,0.0415895,-7.07599e-05
1,2.135,6.28898e-05,-2.31985e-05,0.0681209,-8.35905e-05
1,2.1375,8.34058e-05,-1.84092e-05,0.0892987,-8.86481e-05
1,2.14,9.6746e-05,-1.25119e-05,0.102296,-8.08293e-05
1,2.1425,0.000101682,-5.468e-06,0.107377,-6.09453e-05
1,2.145,9.77593e-05,2.65452e-06,0.102988,-3.23826e-05
1,2.1475,8.5341e-05,1.16879e-05,0.0900543,-7.19305e-07
1,2.15,6.55777e-05,2.14036e-05,0.0697729,2.48454e-05
1,2.1525,4.02852e-05,3.15304e-05,0.0438388,3.65284e-05
1,2.155,1.17689e-05,4.17273e-05,0.0144363,2.9306e-05
1,2.1575,-1.73901e-05,5.16386e-05,-0.015917,3.02946e-06
1,2.16,-4.4594e-05,6.09557e-05,-0.0445676,-3.76344e-05
1,2.1625,-6.74754e-05,6.94195e-05,-0.0691533,-8.42378e-05
1,2.165,-8.41066e-05,7.68535e-05,-0.0876586,-0.000126894
1,2.1675,-9.31624e-05,8.31473e-05,-0.0984575,-0.000154816
1,2.17,-9.40152e-05,8.82502e-05,-0.100815,-0.000160992
1,2.1725,-8.67641e-05,9.21889e-05,-0.0945453,-0.000142504
1,2.175,-7.21799e-05,9.50503e-05,-0.0797839,-9.97476e-05
1,2.1775,-5.16413e-05,9.69914e-05,-0.0583026,-3.84217e-05
1,2.18,-2.69887e-05,9.82194e-05,-0.0318178,3.33859e-05
1,2.1825,-3.37789e-07,9.89731e-05,-0.00253211,0.000107479
1,2.185,2.60935e-05,9.95226e-05,0.02711,0.000176943
1,2.1875,5.01693e-05,0.00010014,0.0545742,0.000236959
1,2.19,6.99887e-05,0.000101057,0.077455,0.000284725
1,2.1925,8.40202e-05,0.000102504,0.0940163,0.000319403
1,2.195,9.11884e-05,0.000104505,0.102469,0.00034158
1,2.1975,9.09808e-05,0.000107145,0.102573,0.000348266
1,2.2,8.34463e-05,0.000110419,0.0937538,0.000341375
1,2.2025,6.92025e-05,0.000114061,0.0772194,0.000314865
1,2.205,4.93875e-05,0.000117858,0.0545847,0.00027081
1,2.2075,2.55577e-05,0.000121533,0.0275548,0.000208556
1,2.21,-3.79713e-07,0.000124744,-0.00141568,0.000131955
1,2.2125,-2.63037e-05,0.000127205,-0.0300703,4.96484e-05
1,2.215,-5.00591e-05,0.000128712,-0.0556065,-2.77341e-05
1,2.2175,-6.96513e-05,0.000129039,-0.0764037,-9.11439e-05
1,2.22,-8.33765e-05,0.000128117,-0.090027,-0.000129765
1,2.2225,-9.00017e-05,0.000125971,-0.0963117,-0.000140352
1,2.225,-8.88669e-05,0.000122668,-0.0939176,-0.000121511
1,2.2275,-7.99794e-05,0.000118315,-0.0837641,-7.7019e-05
1,2.23,-6.40132e-05,0.000113057,-0.0657998,-1.53501e-05
1,2.2325,-4.2308e-05,0.000107135,-0.042555,5.24979e-05
1,2.235,-1.67381e-05,0.000100813,-0.0154421,0.000117132
1,2.2375,1.04731e-05,9.4354e-05,0.0129248,0.000171068
1,2.24,3.69279e-05,8.80068e-05,0.0404492,0.000210125
1,2.2425,6.02627e-05,8.20277e-05,0.0645562,0.000232497
1,2.245,7.8378e-05,7.66236e-05,0.0832845,0.00024043
1,2.2475,8.96587e-05,7.19288e-05,0.0951028,0.000237365
1,2.25,9.31317e-05,6.79561e-05,0.0989751,0.000226982
1,2.2525,8.85344e-05,6.47466e-05,0.0944989,0.000209835
1,2.255,7.63389e-05,6.21564e-05,0.0821037,0.000189722
1,2.2575,5.77139e-05,5.99059e-05,0.062995,0.000162406
1,2.26,3.43773e-05,5.77885e-05,0.0388321,0.000131131
1,2.2625,8.43235e-06,5.55079e-05,0.0116195,9.51132e-05
1,2.265,-1.78109e-05,5.27327e-05,-0.0162799,5.712e-05
1,2.2675,-4.20657e-05,4.92171e-05,-0.0425263,2.23271e-05
1,2.27,-6.22729e-05,4.48008e-05,-0.0645494,-4.06418e-06
1,2.2725,-7.68079e-05,3.9339e-05,-0.0816826,-1.87522e-05
1,2.275,-8.45412e-05,3.27917e-05,-0.0906981,-2.07182e-05
1,2.2775,-8.49401e-05,2.52178e-05,-0.0925351,-1.03292e-05
1,2.28,-7.81168e-05,1.66819e-05,-0.0862593,8.13758e-06
1,2.2825,-6.47663e-05,7.32542e-06,-0.072304,2.82359e-05
1,2.285,-4.60849e-05,-2.60313e-06,-0.0520312,4.02546e-05
1,2.2875,-2.36838e-05,-1.28677e-05,-0.0276718,3.88732e-05
1,2.29,5.65744e-07,-2.32229e-05,-0.000571058,1.90846e-05
1,2.2925,2.46834e-05,-3.33762e-05,0.0265665,-1.80769e-05
1,2.295,4.67281e-05,-4.30285e-05,0.0516181,-6.89665e-05
1,2.2975,6.49258e-05,-5.19404e-05,0.0719451,-0.000123689
1,2.3,7.78561e-05,-5.98503e-05,0.0872725,-0.000178871
1,2.3025,8.44853e-05,-6.66522e-05,0.093978,-0.000216062
1,2.305,8.42812e-05,-7.23003e-05,0.0940973,-0.00024088
1,2.3075,7.71961e-05,-7.69026e-05,0.0845554,-0.000234489
1,2.31,6.3793e-05,-8.0462e-05,0.0699455,-0.000217222
1,2.3125,4.51467e-05,-8.32167e-05,0.0482107,-0.000175262
1,2.315,2.27446e-05,-8.55038e-05,0.0234375,-0.000129361
1,2.3175,-1.58653e-06,-8.75172e-05,-0.00317699,-7.5752e-05
1,2.32,-2.58204e-05,-8.95051e-05,-0.0293707,-2.48293e-05
1,2.3225,-4.78888e-05,-9.16688e-05,-0.05269,2.172e-05
1,2.325,-6.58637e-05,-9.41565e-05,-0.0712443,6.00615e-05
1,2.3275,-7.81573e-05,-9.70153e-05,-0.0834439,8.78654e-05
1,2.33,-8.36682e-05,-0.000100277,-0.0883772,0.000102694
1,2.3325,-8.18687e-05,-0.0001039,-0.0857655,0.000101637
1,2.335,-7.28571e-05,-0.000107777,-0.0758477,8.35305e-05
1,2.3375,-5.73695e-05,-0.000111791,-0.059238,4.54626e-05
1,2.34,-3.67475e-05,-0.000115782,-0.0373302,-1.15436e-05
1,2.3425,-1.28244e-05,-0.000119541,-0.0122376,-8.49469e-05
1,2.345,1.22637e-05,-0.000122848,0.013941,-0.000168858
1,2.3475,3.62914e-05,-0.000125481,0.039094,-0.000256148
1,2.35,5.71376e-05,-0.000127246,0.0609446,-0.000336394
1,2.3525,7.29842e-05,-0.000127957,0.0780775,-0.000401818
1,2.355,8.2462e-05,-0.000127455,0.0883213,-0.000440949
1,2.3575,8.47913e-05,-0.000125691,0.0915325,-0.000451806
1,2.36,7.98441e-05,-0.000122689,0.0868235,-0.000431399
1,2.3625,6.81435e-05,-0.000118559,0.0748455,-0.000384166
1,2.365,5.08106e-05,-0.000113482,0.0570523,-0.000319815
1,2.3675,2.9431e-05,-0.00010767,0.0346256,-0.000246157
1,2.37,5.89889e-06,-0.000101385,0.0095621,-0.000173357
1,2.3725,-1.77474e-05,-9.48805e-05,-0.0160634,-0.000108892
1,2.375,-3.94963e-05,-8.83865e-05,-0.0400446,-5.73175e-05
1,2.3775,-5.75441e-05,-8.21211e-05,-0.0602816,-2.1284e-05
1,2.38,-7.04502e-05,-7.62257e-05,-0.0751144,-1.74728e-07
1,2.3825,-7.72379e-05,-7.08097e-05,-0.0834886,8.57843e-06
1,2.385,-7.74364e-05,-6.59289e-05,-0.0844149,5.82192e-06
1,2.3875,-7.11202e-05,-6.15722e-05,-0.0782455,-4.74475e-06
1,2.39,-5.88765e-05,-5.7677e-05,-0.0649489,-2.33426e-05
1,2.3925,-4.17683e-05,-5.41236e-05,-0.046093,-4.6992e-05
1,2.395,-2.12307e-05,-5.07594e-05,-0.0233547,-7.48724e-05
1,2.3975,1.05931e-06,-4.7393e-05,0.00152555,-0.00010542
1,2.4,2.32926e-05,-4.37989e-05,0.0263721,-0.000135987
1,2.4025,4.36618e-05,-3.97612e-05,0.0489982,-0.000162274
1,2.405,6.04992e-05,-3.51076e-05,0.0673504,-0.000179122
1,2.4075,7.24445e-05,-2.96238e-05,0.0809628,-0.000187705
1,2.41,7.84928e-05,-2.3215e-05,0.0865704,-0.000178602
1,2.4125,7.81113e-05,-1.58721e-05,0.0858761,-0.000160102
1,2.415,7.12901e-05,-7.61971e-06,0.0775005,-0.000131197
1,2.4175,5.85468e-05,1.44594e-06,0.0628588,-9.94124e-05
1,2.42,4.09085e-05,1.11439e-05,0.0431635,-7.05456e-05
1,2.4225,1.98318e-05,2.12321e-05,0.0200174,-5.12689e-05
1,2.425,-2.91231e-06,3.14594e-05,-0.00445029,-4.46921e-05
1,2.4275,-2.53775e-05,4.15718e-05,-0.0282956,-5.18517e-05
1,2.43,-4.56173e-05,5.13403e-05,-0.049566,-6.93387e-05
1,2.4325,-6.18589e-05,6.05582e-05,-0.0662347,-9.14325e-05
1,2.435,-7.26619e-05,6.90958e-05,-0.0771739,-0.000111827
1,2.4375,-7.70597e-05,7.68525e-05,-0.081414,-0.000123173
1,2.44,-7.46429e-05,8.37558e-05,-0.0786302,-0.000121564
1,2.4425,-6.5611e-05,8.98277e-05,-0.0690164,-0.000103918
1,2.445,-5.07589e-05,9.51307e-05,-0.0532897,-7.09576e-05
1,2.4475,-3.14133e-05,9.97568e-05,-0.0330115,-2.5431e-05
1,2.45,-9.3011e-06,0.000103845,-0.00989215,2.85002e-05
1,2.4525,1.36083e-05,0.000107557,0.0141565,8.55647e-05
1,2.455,3.52942e-05,0.000111072,0.0371523,0.000141083
1,2.4575,5.38679e-05,0.000114572,0.0570429,0.000191082
1,2.46,6.77333e-05,0.000118196,0.0722813,0.000232912
1,2.4625,7.5737e-05,0.000122082,0.081453,0.000263574
1,2.465,7.72554e-05,0.000126277,0.0837603,0.000282285
1,2.4675,7.22551e-05,0.000130763,0.0792996,0.000285453
1,2.47,6.12518e-05,0.00013551,0.0680838,0.00027212
1,2.4725,4.52667e-05,0.000140383,0.0513523,0.000241482
1,2.475,2.57344e-05,0.000145196,0.0305159,0.000193666
1,2.4775,4.34844e-06,0.000149723,0.00732843,0.00013215
1,2.48,-1.70729e-05,0.000153708,-0.0161038,6.2005e-05
1,2.4825,-3.67461e-05,0.000156933,-0.0379415,-8.8292e-06
1,2.485,-5.30729e-05,0.000159225,-0.0562653,-7.16949e-05
1,2.4875,-6.47529e-05,0.000160444,-0.0694111,-0.000116945
1,2.49,-7.08846e-05,0.000160533,-0.0766315,-0.000139112
1,2.4925,-7.10131e-05,0.000159414,-0.0769877,-0.000133832
1,2.495,-6.51798e-05,0.000157137,-0.0709173,-0.00010354
1,2.4975,-5.38821e-05,0.000153834,-0.0583511,-4.85473e-05
1,2.5,-3.80611e-05,0.000149616,-0.0407079,1.96153e-05
1,2.5025,-1.90388e-05,0.000144676,-0.019629,9.34336e-05
1,2.505,1.61783e-06,0.000139226,0.00319345,0.000163987
1,2.5075,2.22176e-05,0.000133476,0.0259974,0.000225374
1,2.51,4.10672e-05,0.000127653,0.0466294,0.000271952
1,2.5125,5.66022e-05,0.000121985,0.0634364,0.00030182
1,2.515,6.75103e-05,0.000116629,0.0750095,0.000315536
1,2.5175,7.28468e-05,0.000111696,0.0803356,0.000314247
1,2.52,7.21296e-05,0.000107239,0.0790391,0.00030097
1,2.5225,6.53772e-05,0.00010323,0.0709831,0.000276341
1,2.525,5.31308e-05,9.95694e-05,0.0572914,0.000243467
1,2.5275,3.64095e-05,9.61094e-05,0.0388711,0.000202965
1,2.53,1.66272e-05,9.26637e-05,0.0175409,0.000158445
1,2.5325,-4.51928e-06,8.9022e-05,-0.00507766,0.000112247
1,2.535,-2.5196e-05,8.4992e-05,-0.0269503,6.8732e-05
1,2.5375,-4.35961e-05,8.04031e-05,-0.0463066,3.21668e-05
1,2.54,-5.81026e-05,7.51226e-05,-0.061385,6.83899e-06
1,2.5425,-6.7441e-05,6.90634e-05,-0.0710478,-4.88089e-06
1,2.545,-7.07944e-05,6.22049e-05,-0.0744941,-3.18041e-06
1,2.5475,-6.78776e-05,5.45708e-05,-0.0716307,9.80481e-06
1,2.55,-5.89595e-05,4.62215e-05,-0.062369,3.07359e-05
1,2.5525,-4.48538e-05,3.72505e-05,-0.0477401,5.33245e-05
1,2.555,-2.68336e-05,2.78298e-05,-0.0288837,7.10507e-05
1,2.5575,-6.49806e-06,1.81326e-05,-0.00758362,8.00768e-05
1,2.56,1.43602e-05,8.34007e-06,0.0144944,7.63565e-05
1,2.5625,3.39195e-05,-1.32376e-06,0.0354317,6.09169e-05
1,2.565,5.05056e-05,-1.06422e-05,0.0535588,3.52628e-05
1,2.5675,6.27355e-05,-1.94427e-05,0.0671692,4.98297e-06
1,2.57,6.96186e-05,-2.75838e-05,0.0752524,-2.52152e-05
1,2.5725,7.06406e-05,-3.49846e-05,0.0770041,-4.91392e-05
1,2.575,6.57902e-05,-4.16208e-05,0.0722694,-6.37181e-05
1,2.5775,5.55642e-05,-4.75337e-05,0.0617625,-6.8313e-05
1,2.58,4.087e-05,-5.28729e-05,0.0455203,-5.94548e-05
1,2.5825,2.30015e-05,-5.77547e-05,0.0266879,-4.45541e-05
1,2.585,3.49046e-06,-6.23134e-05,0.00513335,-2.09977e-05
1,2.5875,-1.60402e-05,-6.67403e-05,-0.0163903,5.06025e-06
1,2.59,-3.39813e-05,-7.12069e-05,-0.036284,3.22128e-05
1,2.5925,-4.88715e-05,-7.58021e-05,-0.0528172,5.71573e-05
1,2.595,-5.95126e-05,-8.06571e-05,-0.0646605,7.83631e-05
1,2.5975,-6.506e-05,-8.57972e-05,-0.0709092,9.15297e-05
1,2.6,-6.50785e-05,-9.11868e-05,-0.0708623,9.62635e-05
1,2.6025,-5.95843e-05,-9.67972e-05,-0.0647744,8.76396e-05
1,2.605,-4.90383e-05,-0.000102548,-0.0529037,6.53305e-05
1,2.6075,-3.43129e-05,-0.000108291,-0.036426,2.68252e-05
1,2.61,-1.66222e-05,-0.000113882,-0.0168794,-2.54492e-05
1,2.6125,2.57236e-06,-0.000119167,0.00429673,-9.04616e-05
1,2.615,2.16634e-05,-0.000123936,0.0252107,-0.000161237
1,2.6175,3.90448e-05,-0.000127998,0.0440257,-0.00023163
1,2.62,5.32499e-05,-0.000131196,0.0592443,-0.000293605
1,2.6225,6.306e-05,-0.000133386,0.0695188,-0.000339749
1,2.625,6.76092e-05,-0.000134479,0.0741273,-0.000364825
1,2.6275,6.64717e-05,-0.00013447,0.0724319,-0.000365043
1,2.63,5.97131e-05,-0.000133389,0.0647463,-0.000341148
1,2.6325,4.79007e-05,-0.000131288,0.051869,-0.000297271
1,2.635,3.20424e-05,-0.000128296,0.0347714,-0.000240049
1,2.6375,1.35039e-05,-0.000124617,0.0149766,-0.000176479
1,2.64,-6.09815e-06,-0.000120422,-0.0057255,-0.000114625
1,2.6425,-2.50512e-05,-0.00011588,-0.0256864,-5.91904e-05
1,2.645,-4.16931e-05,-0.000111178,-0.0431501,-1.61852e-05
1,2.6475,-5.45713e-05,-0.00010647,-0.0568324,1.35616e-05
1,2.65,-6.25775e-05,-0.00010188,-0.0654231,2.80472e-05
1,2.6525,-6.50421e-05,-9.74852e-05,-0.0681926,2.85703e-05
1,2.655,-6.17857e-05,-9.33488e-05,-0.065109,1.7128e-05
1,2.6575,-5.31276e-05,-8.94858e-05,-0.0563446,-5.45254e-06
1,2.66,-3.98581e-05,-8.58485e-05,-0.0424305,-3.64837e-05
1,2.6625,-2.3181e-05,-8.23372e-05,-0.0249579,-7.29311e-05
1,2.665,-4.56935e-06,-7.88405e-05,-0.0051716,-0.000112277
1,2.6675,1.43596e-05,-7.52448e-05,0.0151226,-0.000151952
1,2.67,3.19918e-05,-7.14046e-05,0.0342872,-0.000187556
1,2.6725,4.68512e-05,-6.71725e-05,0.0506516,-0.00021574
1,2.675,5.7712e-05,-6.24204e-05,0.0628568,-0.000233489
1,2.6775,6.37025e-05,-5.70398e-05,0.0698122,-0.000238212
1,2.68,6.4373e-05,-5.09891e-05,0.0707321,-0.000228077
1,2.6825,5.9756e-05,-4.42221e-05,0.0666359,-0.000210771
1,2.685,5.02871e-05,-3.67682e-05,0.0558357,-0.000180672
1,2.6875,3.67886e-05,-2.87613e-05,0.0414245,-0.000150129
1,2.69,2.04312e-05,-2.03173e-05,0.0235407,-0.000121012
1,2.6925,2.57293e-06,-1.15821e-05,0.0033852,-9.62147e-05
1,2.695,-1.5296e-05,-2.73651e-06,-0.0160109,-8.18129e-05
1,2.6975,-3.16923e-05,6.05686e-06,-0.03433,-7.55362e-05
1,2.7,-4.52838e-05,1.46382e-05,-0.049259,-7.69637e-05
1,2.7025,-5.4962e-05,2.28341e-05,-0.0598122,-8.28654e-05
1,2.705,-5.99303e-05,3.05559e-05,-0.0651867,-8.91057e-05
1,2.7075,-5.97826e-05,3.77522e-05,-0.065202,-9.17088e-05
1,2.71,-5.45066e-05,4.4415e-05,-0.0586819,-8.90384e-05
1,2.7125,-4.45412e-05,5.05242e-05,-0.0479453,-7.9196e-05
1,2.715,-3.06983e-05,5.60933e-05,-0.0323235,-6.17267e-05
1,2.7175,-1.41355e-05,6.12352e-05,-0.0143533,-3.77458e-05
1,2.72,3.74902e-06,6.60556e-05,0.00519918,-9.15423e-06
1,2.7225,2.1446e-05,7.06592e-05,0.024252,2.12707e-05
1,2.725,3.7454e-05,7.52002e-05,0.041394,5.167e-05
1,2.7275,5.0398e-05,7.98134e-05,0.0551017,8.009e-05
1,2.73,5.91465e-05,8.45937e-05,0.0642015,0.000104545
1,2.7325,6.29231e-05,8.96021e-05,0.0680751,0.000123957
1,2.735,6.13846e-05,9.48647e-05,0.0662041,0.000135205
1,2.7375,5.46558e-05,0.000100358,0.0588365,0.00013727
1,2.74,4.33199e-05,0.00010601,0.0466704,0.000128421
1,2.7425,2.83683e-05,0.00011172,0.0308533,0.000108124
1,2.745,1.11042e-05,0.000117347,0.0125526,7.66304e-05
1,2.7475,-6.96246e-06,0.00012271,-0.00651466,3.66511e-05
1,2.75,-2.42535e-05,0.000127626,-0.0248145,-7.76772e-06
1,2.7525,-3.92712e-05,0.000131921,-0.0407835,-5.0965e-05
1,2.755,-5.07234e-05,0.00013545,-0.0529503,-8.63831e-05
1,2.7575,-5.7644e-05,0.000138101,-0.0605116,-0.000108615
1,2.76,-5.94703e-05,0.000139784,-0.0626212,-0.000112348
1,2.7625,-5.60952e-05,0.00014049,-0.0595467,-9.75703e-05
1,2.765,-4.7857e-05,0.000140252,-0.0510526,-6.34541e-05
1,2.7675,-3.55092e-05,0.000139121,-0.0380856,-1.46661e-05
1,2.77,-2.01557e-05,0.000137194,-0.0217267,4.44818e-05
1,2.7725,-3.14577e-06,0.000134597,-0.00351246,0.000106532
1,2.775,1.40589e-05,0.000131468,0.0152009,0.000166041
1,2.7775,3.00101e-05,0.000127958,0.0327585,0.000217119
1,2.78,4.3387e-05,0.000124233,0.0476409,0.000256169
1,2.7825,5.30965e-05,0.000120439,0.0585531,0.000281378
1,2.785,5.83672e-05,0.000116677,0.0647274,0.000292438
1,2.7875,5.88009e-05,0.000113032,0.0654219,0.00028939
1,2.79,5.44011e-05,0.000109523,0.0606939,0.00027385
1,2.7925,4.55707e-05,0.00010615,0.0511035,0.000247442
1,2.795,3.30715e-05,0.000102864,0.0373114,0.000213213
1,2.7975,1.79596e-05,9.95626e-05,0.0206489,0.000173034
1,2.8,1.4972e-06,9.61465e-05,0.00244777,0.000130609
1,2.8025,-1.49503e-05,9.24938e-05,-0.0156671,8.95104e-05
1,2.805,-3.00189e-05,8.84818e-05,-0.0321833,5.36177e-05
1,2.8075,-4.24539e-05,8.40186e-05,-0.0457415,2.63498e-05
1,2.81,-5.12176e-05,7.90123e-05,-0.0551087,1.07576e-05
1,2.8125,-5.55702e-05,7.34255e-05,-0.0597054,6.88532e-06
1,2.815,-5.5137e-05,6.72448e-05,-0.059109,1.5101e-05
1,2.8175,-4.99413e-05,6.04993e-05,-0.0532507,3.26582e-05
1,2.82,-4.04047e-05,5.32646e-05,-0.0426949,5.65507e-05
1,2.8225,-2.73228e-05,4.56295e-05,-0.0283949,8.11891e-05
1,2.825,-1.18e-05,3.77076e-05,-0.011604,0.000102688
1,2.8275,4.84489e-06,2.96249e-05,0.00627888,0.000117624
1,2.83,2.11899e-05,2.15123e-05,0.0237382,0.00012422
1,2.8325,3.58292e-05,1.3515e-05,0.0392659,0.000121892
1,2.835,4.74981e-05,5.77937e-06,0.0516188,0.000112137
1,2.8375,5.51867e-05,-1.57185e-06,0.0596693,9.75053e-05
1,2.84,5.8229e-05,-8.4742e-06,0.0629041,8.13788e-05
1,2.8425,5.63663e-05,-1.48684e-05,0.0608097,6.64693e-05
1,2.845,4.97648e-05,-2.0792e-05,0.0536909,5.49304e-05
1,2.8475,3.90075e-05,-2.62961e-05,0.0421932,4.69516e-05
1,2.85,2.50458e-05,-3.14351e-05,0.0273317,4.42622e-05
1,2.8525,9.10924e-06,-3.63319e-05,0.0104511,4.49454e-05
1,2.855,-7.40907e-06,-4.11181e-05,-0.00712596,4.91717e-05
1,2.8575,-2.30789e-05,-4.59129e-05,-0.0238287,5.55629e-05
1,2.86,-3.6558e-05,-5.08209e-05,-0.0383194,6.35882e-05
1,2.8625,-4.67037e-05,-5.59246e-05,-0.0493173,7.18611e-05
1,2.865,-5.26713e-05,-6.12887e-05,-0.0560538,7.9153e-05
1,2.8675,-5.39919e-05,-6.69128e-05,-0.0578099,8.30771e-05
1,2.87,-5.06018e-05,-7.27722e-05,-0.0545563,8.2373e-05
1,2.8725,-4.28387e-05,-7.88188e-05,-0.0464094,7.40894e-05
1,2.875,-3.14057e-05,-8.49646e-05,-0.0341529,5.68869e-05
1,2.8775,-1.73085e-05,-9.11134e-05,-0.0190549,2.96447e-05
1,2.88,-1.76117e-06,-9.71529e-05,-0.00218468,-6.7281e-06
1,2.8825,1.39142e-05,-0.000102947,0.0149917,-5.01332e-05
1,2.885,2.84002e-05,-0.000108357,0.030981,-9.68533e-05
1,2.8875,4.04983e-05,-0.000113256,0.0443806,-0.000142158
1,2.89,4.92248e-05,-0.000117504,0.054207,-0.000181361
1,2.8925,5.38745e-05,-0.000121054,0.0594638,-0.000209083
1,2.895,5.40826e-05,-0.000123825,0.0599342,-0.000222992
1,2.8975,4.98469e-05,-0.000125766,0.055263,-0.000219348
1,2.9,4.15369e-05,-0.000126906,0.0460531,-0.000201446
1,2.9025,2.98631e-05,-0.000127311,0.0332671,-0.000170325
1,2.905,1.58019e-05,-0.000127048,0.0177954,-0.000130862
1,2.9075,5.27752e-07,-0.000126205,0.00109318,-8.73093e-05
1,2.91,-1.46831e-05,-0.000124915,-0.0154767,-4.51905e-05
1,2.9125,-2.85592e-05,-0.000123293,-0.0305111,-8.06282e-06
1,2.915,-3.99326e-05,-0.000121477,-0.0426928,2.02854e-05
1,2.9175,-4.78351e-05,-0.000119556,-0.0510366,3.71997e-05
1,2.92,-5.15988e-05,-0.000117571,-0.0549783,4.30514e-05
1,2.9225,-5.08983e-05,-0.000115581,-0.0539504,3.60118e-05
1,2.925,-4.57835e-05,-0.000113615,-0.0484275,1.84676e-05
1,2.9275,-3.66732e-05,-0.00011166,-0.0383501,-9.76644e-06
1,2.93,-2.4338e-05,-0.000109693,-0.0249245,-4.56414e-05
1,2.9325,-9.84188e-06,-0.000107666,-0.00929881,-8.64726e-05
1,2.935,5.56606e-06,-0.000105497,0.00714039,-0.000128691
1,2.9375,2.05679e-05,-0.00010309,0.0231438,-0.000169181
1,2.94,3.38759e-05,-0.00010034,0.0373032,-0.000204105
1,2.9425,4.43374e-05,-9.71792e-05,0.0484715,-0.000230243
1,2.945,5.1053e-05,-9.3529e-05,0.0556529,-0.000245576
1,2.9475,5.34558e-05,-8.93349e-05,0.0582133,-0.0002476
1,2.95,5.13438e-05,-8.45807e-05,0.0558961,-0.000238122
1,2.9525,4.49254e-05,-7.93025e-05,0.0491234,-0.000217961
1,2.955,3.47853e-05,-7.35594e-05,0.0383375,-0.000191112
1,2.9575,2.18197e-05,-6.74131e-05,0.0245741,-0.000160798
1,2.96,7.16721e-06,-6.09683e-05,0.00894044,-0.000131443
1,2.9625,-7.89574e-06,-5.43497e-05,-0.00718647,-0.000106076
1,2.965,-2.20727e-05,-4.76863e-05,-0.022515,-8.68747e-05
1,2.9675,-3.4158e-05,-4.10984e-05,-0.0356587,-7.47825e-05
1,2.97,-4.31452e-05,-3.46803e-05,-0.0456261,-6.91659e-05
1,2.9725,-4.8302e-05,-2.85341e-05,-0.0514701,-6.85811e-05
1,2.975,-4.92257e-05,-2.27238e-05,-0.0527893,-7.13736e-05
1,2.9775,-4.58821e-05,-1.7268e-05,-0.0495833,-7.49098e-05
1,2.98,-3.85885e-05,-1.21821e-05,-0.0418027,-7.88485e-05
1,2.9825,-2.79916e-05,-7.43052e-06,-0.0304571,-8.12893e-05
1,2.985,-1.50091e-05,-2.95733e-06,-0.0163836,-8.12725e-05
1,2.9875,-7.44792e-07,1.29533e-06,-0.000810597,-7.91684e-05
1,2.99,1.36004e-05,5.40145e-06,0.0148862,-7.47234e-05
1,2.9925,2.68344e-05,9.45306e-06,0.0294369,-6.83407e-05
1,2.995,3.78644e-05,1.35375e-05,0.0416161,-5.99045e-05
1,2.9975,4.57804e-05,1.7743e-05,0.0502936,-5.02209e-05
1,3,4.99334e-05,2.21391e-05,0.0549454,-3.93973e-05
