window,iterations
1,14
2,17
3,17
4,16
5,15
6,16
7,11
8,6
9,7
10,6
11,5
12,7
13,6
14,6
15,6
16,4
17,11
18,6
19,4
20,5
21,5
22,5
23,6
24,5
25,4
26,3
27,4
28,3
29,6
30,5
31,3
32,5
33,5
34,4
35,5
36,3
37,5
38,5
39,5
40,4
41,5
42,6
43,6
44,5
45,5
46,5
47,5
48,3
49,5
50,4
51,4
52,3
53,4
54,4
55,3
56,6
57,5
58,4
59,4
60,6
61,5
62,5
63,6
64,5
65,5
66,5
67,4
68,5
69,5
70,3
71,3
72,4
73,4
74,5
75,6
76,4
77,4
78,4
79,5
80,4
81,5
82,6
83,4
84,6
85,6
86,5
87,6
88,5
89,5
90,4
91,3
92,4
93,4
94,2
95,4
96,4
97,3
98,4
99,5
100,5
101,5
102,5
103,5
104,3
105,4
106,5
107,5
108,5
109,6
110,5
111,5
112,5
113,3
114,5
115,4
116,3
117,3
118,4
119,5
120,3
121,2
122,5
123,6
124,4
125,5
126,5
127,5
128,5
129,5
130,6
131,4
132,4
133,5
134,4
135,3
136,4
137,4
138,4
139,4
140,4
141,3
142,3
143,5
144,3
145,4
146,4
147,6
148,5
149,5
150,5
151,6
152,5
153,6
154,4
155,3
156,3
157,4
158,3
159,3
160,2
161,4
162,3
163,6
164,5
165,4
166,7
167,3
168,4
169,4
170,5
171,5
172,5
173,4
174,6
175,5
176,5
177,3
178,4
179,4
180,3
181,4
182,2
183,5
184,5
185,3
186,4
187,3
188,6
189,5
190,5
191,6
192,5
193,6
194,4
195,5
196,4
197,5
198,5
199,3
200,3
201,7
202,5
203,6
204,8
205,5
206,6
207,7
208,5
209,4
210,4
211,5
212,4
213,4
214,4
215,5
216,5
217,6
218,7
219,6
220,4
221,3
222,4
223,5
224,5
225,3
226,5
227,5
228,7
229,6
230,6
231,5
232,4
233,4
234,4
235,4
236,3
237,5
238,5
239,6
240,6
241,5
242,4
243,4
244,3
245,5
246,4
247,6
248,5
249,4
250,6
251,6
252,5
253,5
254,4
255,4
256,4
257,4
258,3
259,4
260,5
261,5
262,5
263,5
264,4
265,5
266,4
267,4
268,4
269,5
270,4
271,5
272,7
273,4
274,5
275,6
276,4
277,5
278,3
279,4
280,5
281,5
282,6
283,5
284,5
285,3
286,4
287,4
288,4
289,6
290,6
291,5
292,6
293,7
294,6
295,4
296,4
297,4
298,3
299,3
300,4
301,5
302,5
303,5
304,5
305,5
306,5
307,4
308,4
309,4
310,4
311,3
312,4
313,5
314,7
315,9
316,7
317,4
318,4
319,4
320,4
321,5
322,5
323,3
324,4
325,6
326,7
327,5
328,5
329,4
330,4
331,4
332,5
333,6
334,6
335,5
336,6
337,5
338,4
339,4
340,5
341,3
342,4
343,4
344,5
345,5
346,4
347,6
348,7
349,5
350,3
351,4
352,5
353,4
354,3
355,5
356,6
357,6
358,7
359,7
360,5
361,5
362,3
363,4
364,3
365,5
366,5
367,5
368,5
369,5
370,5
371,5
372,5
373,4
374,4
375,4
376,5
377,4
378,5
379,6
380,4
381,6
382,3
383,4
384,3
385,4
386,4
387,6
388,4
389,5
390,7
391,6
392,6
393,3
394,4
395,5
396,5
397,4
398,5
399,5
400,4
401,8
402,4
403,4
404,4
405,3
406,5
407,3
408,5
409,7
410,4
411,6
412,5
413,5
414,5
415,5
416,4
417,4
418,5
419,3
420,3
421,5
422,6
423,7
424,4
425,6
426,4
427,5
428,4
429,4
430,4
431,5
432,5
433,7
434,6
435,4
436,3
437,4
438,4
439,4
440,3
441,6
442,5
443,5
444,4
445,5
446,4
447,3
448,5
449,4
450,5
451,7
452,6
453,5
454,6
455,5
456,5
457,4
458,3
459,4
460,4
461,5
462,5
463,5
464,5
465,7
466,5
467,6
468,3
469,5
470,5
471,4
472,4
473,5
474,5
475,5
476,7
477,5
478,5
479,4
480,4
481,5
482,4
483,4
484,5
485,5
486,5
487,5
488,3
489,4
490,4
491,5
492,5
493,3
494,6
495,5
496,5
497,5
498,6
499,3
500,4
501,4
502,4
503,5
504,4
505,4
506,4
507,5
508,6
509,5
510,5
511,5
512,7
513,4
514,5
515,4
516,5
517,3
518,5
519,7
520,4
521,5
522,5
523,4
524,4
525,6
526,4
527,5
528,5
529,5
530,6
531,3
532,5
533,4
534,3
535,3
536,5
537,4
538,4
539,7
540,6
541,5
542,3
543,5
544,4
545,4
546,4
547,4
548,4
549,5
550,5
551,7
552,5
553,4
554,4
555,4
556,4
557,5
558,5
559,5
560,4
561,6
562,7
563,5
564,4
565,4
566,3
567,4
568,4
569,5
570,6
571,5
572,6
573,6
574,5
575,4
576,5
577,4
578,4
579,4
580,4
581,4
582,5
583,7
584,6
585,5
586,5
587,5
588,4
589,4
590,5
591,4
592,5
593,5
594,6
595,5
596,5
597,5
598,4
599,3
600,4
601,4
602,5
603,5
604,5
605,6
606,4
607,4
608,6
609,2
610,5
611,5
612,4
613,5
614,5
615,5
616,5
617,4
618,3
619,4
620,4
621,4
622,5
623,6
624,4
625,6
626,6
627,5
628,4
629,4
630,6
631,4
632,3
633,4
634,5
635,5
636,5
637,8
638,5
639,4
640,4
641,4
642,3
643,5
644,5
645,4
646,4
647,6
648,6
649,4
650,6
651,5
652,5
653,4
654,4
655,5
656,4
657,4
658,6
659,6
660,3
661,4
662,5
663,3
664,4
665,3
666,4
667,5
668,6
669,7
670,6
671,5
672,3
673,4
674,5
675,4
676,3
677,6
678,5
679,5
680,7
681,5
682,5
683,3
684,5
685,5
686,4
687,4
688,5
689,4
690,6
691,6
692,5
693,5
694,3
695,3
696,4
697,5
698,5
699,5
700,6
701,5
702,5
703,4
704,6
705,5
706,4
707,3
708,3
709,4
710,5
711,6
712,6
713,4
714,3
715,4
716,5
717,4
718,3
719,5
720,5
721,5
722,7
723,5
724,5
725,5
726,4
727,6
728,4
729,4
730,3
731,5
732,4
733,5
734,6
735,5
736,4
737,3
738,3
739,5
740,4
741,5
742,4
743,4
744,6
745,5
746,5
747,4
748,5
749,4
750,4
751,5
752,5
753,4
754,4
755,6
756,5
757,4
758,4
759,5
760,4
761,3
762,5
763,8
764,5
765,5
766,7
767,4
768,4
769,4
770,3
771,3
772,3
773,4
774,6
775,4
776,6
777,7
778,7
779,4
780,5
781,5
782,4
783,4
784,4
785,4
786,5
787,6
788,5
789,4
790,5
791,4
792,4
793,3
794,4
795,5
796,5
797,5
798,7
799,6
800,4
801,3
802,4
803,4
804,3
805,4
806,5
807,5
808,6
809,6
810,5
811,5
812,4
813,4
814,3
815,4
816,5
817,5
818,6
819,5
820,5
821,4
822,4
823,4
824,3
825,6
826,5
827,5
828,4
829,5
830,6
831,6
832,3
833,4
834,3
835,4
836,3
837,6
838,6
839,5
840,5
841,6
842,5
843,5
844,4
845,3
846,4
847,4
848,5
849,4
850,5
851,5
852,5
853,6
854,3
855,5
856,3
857,5
858,3
859,5
860,5
861,5
862,7
863,6
864,5
865,5
866,4
867,5
868,4
869,4
870,6
871,5
872,5
873,7
874,5
875,3
876,3
877,2
878,3
879,4
880,6
881,4
882,5
883,6
884,8
885,5
886,2
887,4
888,5
889,3
890,4
891,6
892,4
893,5
894,5
895,7
896,3
897,6
898,4
899,4
900,3
901,6
902,6
903,4
904,5
905,5
906,6
907,4
908,5
909,5
910,5
911,4
912,3
913,5
914,5
915,6
916,8
917,4
918,5
919,4
920,4
921,6
922,4
923,3
924,6
925,5
926,7
927,7
928,3
929,4
930,4
931,3
932,4
933,5
934,4
935,5
936,4
937,5
938,6
939,3
940,3
941,5
942,4
943,5
944,5
945,4
946,4
947,5
948,6
949,5
950,5
951,3
952,3
953,4
954,4
955,5
956,6
957,4
958,5
959,7
960,5
961,5
962,4
963,5
964,5
965,5
966,4
967,5
968,4
969,5
970,6
971,3
972,4
973,3
974,4
975,4
976,3
977,4
978,6
979,6
980,7
981,4
982,5
983,5
984,3
985,3
986,4
987,5
988,5
989,4
990,5
991,8
992,7
993,4
994,5
995,4
996,2
997,4
998,4
999,4
1000,4
1001,5
1002,7
1003,5
1004,5
1005,4
1006,5
1007,4
1008,4
1009,4
1010,4
1011,5
1012,6
1013,7
1014,5
1015,6
1016,4
1017,5
1018,4
1019,4
1020,3
1021,5
1022,5
1023,7
1024,6
1025,5
1026,4
1027,4
1028,4
1029,4
1030,3
1031,4
1032,6
1033,5
1034,6
1035,6
1036,4
1037,3
1038,4
1039,5
1040,5
1041,3
1042,3
1043,4
1044,5
1045,8
1046,6
1047,5
1048,5
1049,3
1050,3
1051,4
1052,5
1053,4
1054,3
1055,5
1056,11
1057,4
1058,4
1059,5
1060,3
1061,5
1062,5
1063,5
1064,3
1065,6
1066,7
1067,4
1068,4
1069,4
1070,4
1071,4
1072,4
1073,5
1074,5
1075,4
1076,5
1077,8
1078,5
1079,4
1080,3
1081,5
1082,4
1083,4
1084,3
1085,4
1086,5
1087,6
1088,6
1089,5
1090,5
1091,3
1092,5
1093,5
1094,5
1095,4
1096,4
1097,5
1098,6
1099,7
1100,6
1101,5
1102,3
1103,3
1104,4
1105,5
1106,5
1107,4
1108,5
1109,6
1110,4
1111,5
1112,6
1113,4
1114,3
1115,4
1116,4
1117,5
1118,6
1119,5
1120,7
1121,5
1122,3
1123,3
1124,4
1125,5
1126,4
1127,5
1128,6
1129,6
1130,5
1131,5
1132,6
1133,4
1134,4
1135,4
1136,4
1137,3
1138,5
1139,5
1140,6
1141,6
1142,5
1143,5
1144,5
1145,3
1146,4
1147,5
1148,4
1149,5
1150,4
1151,6
1152,6
1153,4
1154,5
1155,4
1156,2
1157,5
1158,5
1159,5
1160,3
1161,6
1162,6
1163,7
1164,5
1165,3
1166,3
1167,5
1168,4
1169,5
1170,4
1171,4
1172,5
1173,8
1174,6
1175,4
1176,3
1177,4
1178,4
1179,3
1180,6
1181,6
1182,7
1183,5
1184,6
1185,6
1186,5
1187,3
1188,5
1189,4
1190,3
1191,5
1192,5
1193,5
1194,6
1195,7
1196,4
1197,5
1198,4
1199,3
1200,4
