time,Fx_body_N_per_m,Fy_body_N_per_m
0.0025,-0.00120881,-0.0751245
0.005,-0.00347113,0.0373397
0.0075,-0.00540188,0.00398615
0.01,-0.00669583,-0.063691
0.0125,-0.00825522,0.0275614
0.015,-0.0091461,-0.0267816
0.0175,-0.0114239,-0.155199
0.02,-0.0154833,0.0253263
0.0225,-0.0179441,-0.00311224
0.025,-0.0186326,-0.118881
0.0275,-0.0186914,-0.0111
0.03,-0.0175781,-0.0425415
0.0325,-0.01646,-0.166028
0.035,-0.0168152,-0.07117
0.0375,-0.0162289,-0.0133037
0.04,-0.0132633,-0.144554
0.0425,-0.00983961,-0.0985115
0.045,-0.00622539,-0.0673113
0.0475,-0.00299857,-0.167375
0.05,-0.00224925,-0.194929
0.0525,-0.00313826,-0.0333596
0.055,-0.00240601,-0.170348
0.0575,-0.0018169,-0.199989
0.06,-0.00212774,-0.106374
0.0625,-0.00270841,-0.183599
0.065,-0.00551977,-0.322823
0.0675,-0.0107282,-0.0621203
0.07,-0.0133209,-0.195347
0.0725,-0.0106803,-0.287671
0.075,-0.0210091,-0.141608
0.0775,-0.0129873,-0.218567
0.08,-0.0161298,-0.336394
0.0825,-0.0170212,-0.141645
0.085,-0.016412,-0.191203
0.0875,-0.0141126,-0.279786
0.09,-0.01133,-0.171145
0.0925,-0.00770868,-0.19478
0.095,-0.00459372,-0.26939
0.0975,-0.00316531,-0.172655
0.1,-0.00211114,-0.123422
0.1025,-3.68617e-05,-0.197614
0.105,0.00209035,-0.136805
0.1075,0.00395866,-0.0971621
0.11,0.00507273,-0.137481
0.1125,0.00416888,-0.119292
0.115,0.0017324,0.00469019
0.1175,0.000434725,-0.0518957
0.12,-0.000242737,-0.0314665
0.1225,-0.00128605,0.0582507
0.125,-0.00228467,0.0463594
0.1275,-0.00391338,0.0195012
0.13,-0.00641469,0.192888
0.1325,-0.00730969,0.159827
0.135,-0.00650937,0.160029
0.1375,-0.00526711,0.284449
0.14,-0.00335015,0.283781
0.1425,-0.00111194,0.291226
0.145,0.000900671,0.417889
0.1475,0.00357402,0.43879
0.15,0.00726661,0.451923
0.1525,0.0107414,0.546344
0.155,0.013689,0.58167
0.1575,0.016035,0.611665
0.16,0.0171382,0.690494
0.1625,0.0173608,0.741828
0.165,0.0173188,0.769172
0.1675,0.0166194,0.83308
0.17,0.0151639,0.885489
0.1725,0.0133748,0.927238
0.175,0.0113257,0.986635
0.1775,0.00929847,1.03437
0.18,0.00778817,1.07867
0.1825,0.00684865,1.13122
0.185,0.00633924,1.17943
0.1875,0.00636757,1.22689
0.19,0.0071403,1.30468
0.1925,0.00893901,1.30753
0.195,0.0110404,1.37067
0.1975,0.0132129,1.42935
0.2,0.0155809,1.44455
0.2025,0.0179149,1.49834
0.205,0.0203436,1.57791
0.2075,0.0230383,1.55039
0.21,0.0255775,1.59344
0.2125,0.0268797,1.65138
0.215,0.0273035,1.6373
0.2175,0.0272288,1.66807
0.22,0.026748,1.7329
0.2225,0.0264418,1.70477
0.225,0.0262905,1.68508
0.2275,0.0249528,1.74554
0.23,0.022447,1.72254
0.2325,0.0205417,1.70788
0.235,0.019033,1.75608
0.2375,0.0188431,1.76915
0.24,0.0201258,1.65043
0.2425,0.0216968,1.72016
0.245,0.022097,1.71391
0.2475,0.0235268,1.62973
0.25,0.0257726,1.65984
0.2525,0.0292514,1.75434
0.255,0.0339581,1.49707
0.2575,0.0394144,1.58331
0.26,0.0412629,1.61551
0.2625,0.0421206,1.44112
0.265,0.0440707,1.48844
0.2675,0.0447866,1.56323
0.27,0.0462064,1.3274
0.2725,0.0484783,1.34823
0.275,0.0467609,1.39618
0.2775,0.0436002,1.23244
0.28,0.0413686,1.23329
0.2825,0.0393421,1.29928
0.285,0.0389401,1.1526
0.2875,0.0405006,1.05883
0.29,0.0404321,1.13797
0.2925,0.0383263,1.02717
0.295,0.0379662,0.957638
0.2975,0.0387042,1.01928
0.3,0.0414631,1.00458
0.3025,0.0454909,0.76344
0.305,0.0502565,0.881542
0.3075,0.0507717,0.846778
0.31,0.0513128,0.687098
0.3125,0.0532246,0.740894
0.315,0.0562257,0.891943
0.3175,0.0580526,0.474726
0.32,0.0636203,0.6409
0.3225,0.0621237,0.704267
0.325,0.0579197,0.441195
0.3275,0.0574131,0.551073
0.33,0.0557721,0.687674
0.3325,0.0535514,0.359803
0.335,0.0561065,0.436118
0.3375,0.0530345,0.54334
0.34,0.0468938,0.338745
0.3425,0.0450267,0.382241
0.345,0.0437096,0.517086
0.3475,0.0432805,0.347407
0.35,0.0467813,0.272228
0.3525,0.0486553,0.422529
0.355,0.0463064,0.312413
0.3575,0.0463304,0.264316
0.36,0.0479842,0.390139
0.3625,0.050791,0.410323
0.365,0.0526005,0.149103
0.3675,0.0573105,0.345714
0.37,0.0541997,0.341072
0.3725,0.0498924,0.182801
0.375,0.0484612,0.289906
0.3775,0.0485792,0.504602
0.38,0.0423784,0.0365674
0.3825,0.0461447,0.264941
0.385,0.040167,0.369621
0.3875,0.0299103,0.0780698
0.39,0.0281909,0.227518
0.3925,0.0257059,0.396307
0.395,0.0197218,0.0305872
0.3975,0.0227423,0.123509
0.4,0.0203333,0.253494
0.4025,0.0124951,0.0171699
0.405,0.0117931,0.0634763
0.4075,0.0119188,0.198154
0.41,0.0101845,0.000595264
0.4125,0.0124483,-0.0988046
0.415,0.0141172,0.0462928
0.4175,0.00888792,-0.0943945
0.42,0.0064839,-0.174925
0.4225,0.00676103,-0.0759808
0.425,0.00620609,-0.0931798
0.4275,0.00245127,-0.396449
0.43,0.004571,-0.237629
0.4325,-0.0014446,-0.2762
0.435,-0.00998293,-0.485026
0.4375,-0.0125681,-0.419889
0.44,-0.0133847,-0.264527
0.4425,-0.0232171,-0.760239
0.445,-0.0197137,-0.593809
0.4475,-0.0237979,-0.525782
0.45,-0.0343134,-0.851017
0.4525,-0.033212,-0.761548
0.455,-0.0315664,-0.64418
0.4575,-0.0369033,-1.02341
0.46,-0.0316734,-0.986871
0.4625,-0.0295293,-0.894113
0.465,-0.0345394,-1.13984
0.4675,-0.0320248,-1.13865
0.47,-0.0284235,-1.04733
0.4725,-0.0294031,-1.24958
0.475,-0.0269594,-1.36759
0.4775,-0.0238809,-1.25831
0.48,-0.0273124,-1.38833
0.4825,-0.0291501,-1.47407
0.485,-0.0273349,-1.40023
0.4875,-0.0261268,-1.42262
0.49,-0.0288062,-1.66694
0.4925,-0.0248501,-1.54115
0.495,-0.0264205,-1.54409
0.4975,-0.0298592,-1.68823
0.5,-0.0275756,-1.61422
0.5025,-0.0950409,-1.46708
0.505,-0.271141,-1.78681
0.5075,-0.362846,-1.63784
0.51,-0.452283,-1.5513
0.5125,-0.568777,-1.78406
0.515,-0.641825,-1.77129
0.5175,-0.686619,-1.71771
0.52,-0.692413,-2.10855
0.5225,-0.628448,-2.20475
0.525,-0.499312,-2.35346
0.5275,-0.305337,-2.74749
0.53,-0.061435,-3.00784
0.5325,0.197136,-3.2605
0.535,0.431696,-3.71461
0.5375,0.63633,-4.03826
0.54,0.781565,-4.24721
0.5425,0.832103,-4.56109
0.545,0.78053,-4.72935
0.5475,0.621475,-4.83888
0.55,0.378974,-4.89636
0.5525,0.0856326,-4.98945
0.555,-0.214554,-4.92866
0.5575,-0.491908,-4.88607
0.56,-0.717875,-4.91613
0.5625,-0.862785,-4.8492
0.565,-0.929803,-4.86234
0.5675,-0.881425,-5.00652
0.57,-0.765267,-5.10975
0.5725,-0.588468,-5.25744
0.575,-0.379354,-5.49529
0.5775,-0.160226,-5.75175
0.58,0.0493622,-6.00459
0.5825,0.218738,-6.27709
0.585,0.349769,-6.47294
0.5875,0.426813,-6.69619
0.59,0.465905,-6.85306
0.5925,0.465827,-6.96516
0.595,0.451182,-7.10327
0.5975,0.415772,-7.08899
0.6,0.36455,-6.99823
0.6025,0.290117,-6.84372
0.605,0.196798,-6.57363
0.6075,0.0835428,-6.23415
0.61,-0.0525702,-5.91534
0.6125,-0.204482,-5.5711
0.615,-0.359297,-5.20945
0.6175,-0.511659,-5.02947
0.62,-0.623371,-4.87245
0.6225,-0.743367,-4.79716
0.625,-0.589233,-4.73411
0.6275,-0.633136,-5.10223
0.63,-0.424846,-4.92409
0.6325,-0.202227,-5.33487
0.635,0.0682734,-5.55627
0.6375,0.360517,-5.72666
0.64,0.631926,-6.01216
0.6425,0.844243,-6.23447
0.645,0.983842,-6.13192
0.6475,1.02455,-6.11682
0.65,0.964726,-5.99983
0.6525,0.812329,-5.56287
0.655,0.587995,-5.23125
0.6575,0.32697,-4.86504
0.66,0.07255,-4.30771
0.6625,-0.146331,-3.80748
0.665,-0.314492,-3.48838
0.6675,-0.416295,-3.09509
0.67,-0.446304,-2.87145
0.6725,-0.396475,-2.8322
0.675,-0.288895,-2.78301
0.6775,-0.133897,-2.55348
0.68,0.039753,-2.8421
0.6825,0.215029,-2.94509
0.685,0.385753,-3.02014
0.6875,0.536689,-3.29022
0.69,0.670738,-3.69347
0.6925,0.790065,-3.30745
0.695,0.888965,-3.68217
0.6975,0.96154,-3.74424
0.7,1.0064,-3.54044
0.7025,1.02967,-3.67308
0.705,1.00912,-3.87172
0.7075,0.942384,-3.45346
0.71,0.835826,-3.57469
0.7125,0.677195,-3.6403
0.715,0.477163,-3.3758
0.7175,0.269585,-3.43094
0.72,0.0669215,-3.55711
0.7225,-0.0965433,-3.41751
0.725,-0.195396,-3.33094
0.7275,-0.219087,-3.61911
0.73,-0.164202,-3.57568
0.7325,-0.0176038,-3.70611
0.735,0.203101,-4.05973
0.7375,0.472624,-4.30084
0.74,0.758716,-4.10217
0.7425,1.04287,-4.52383
0.745,1.25478,-4.55319
0.7475,1.3924,-4.35933
0.75,1.44706,-4.49414
0.7525,1.40914,-4.69528
0.755,1.27513,-3.94704
0.7575,1.11152,-4.2293
0.76,0.881785,-4.16853
0.7625,0.635148,-3.65787
0.765,0.425168,-3.79976
0.7675,0.238484,-3.90603
0.77,0.084655,-3.23819
0.7725,0.0101872,-3.30404
0.775,-0.0368132,-3.27065
0.7775,-0.0515306,-2.83652
0.78,-0.0209012,-2.8645
0.7825,0.0392452,-3.02327
0.785,0.113169,-2.66189
0.7875,0.222755,-2.56401
0.79,0.351091,-2.78549
0.7925,0.473813,-2.64818
0.795,0.61045,-2.6646
0.7975,0.753693,-2.94299
0.8,0.87913,-2.98934
0.8025,0.964225,-2.53572
0.805,1.04001,-2.7179
0.8075,1.01447,-2.38251
0.81,0.916997,-1.73295
0.8125,0.767304,-1.42115
0.815,0.566708,-1.13774
0.8175,0.271525,0.312644
0.82,0.0340442,0.556743
0.8225,-0.239918,1.13495
0.825,-0.479603,2.11807
0.8275,-0.620242,2.24544
0.83,-0.677696,2.26186
0.8325,-0.697038,3.05739
0.835,-0.565847,2.89826
0.8375,-0.393041,2.71066
0.84,-0.211201,3.01474
0.8425,0.0212845,2.70427
0.845,0.2342,2.41064
0.8475,0.380619,2.63874
0.85,0.488887,2.79669
0.8525,0.538718,2.73581
0.855,0.479273,3.253
0.8575,0.382323,3.66048
0.86,0.249588,3.84828
0.8625,0.0778053,4.23063
0.865,-0.125261,5.0835
0.8675,-0.279363,5.09959
0.87,-0.463214,5.46251
0.8725,-0.640456,5.91213
0.875,-0.760464,5.85397
0.8775,-0.845707,5.58687
0.88,-0.981107,6.41566
0.8825,-0.97994,6.0385
0.885,-0.998129,5.95498
0.8875,-1.01554,6.45307
0.89,-0.926091,6.17994
0.8925,-0.816326,5.98187
0.895,-0.72262,6.57703
0.8975,-0.542929,6.47279
0.9,-0.369756,6.39174
0.9025,-0.251013,6.85898
0.905,-0.115269,6.79534
0.9075,-0.0290679,6.69709
0.91,-0.0427186,7.00959
0.9125,-0.0989391,7.17377
0.915,-0.206657,6.99675
0.9175,-0.409985,7.25324
0.92,-0.629842,7.31581
0.9225,-0.849576,7.11888
0.925,-1.06509,7.0568
0.9275,-1.271,7.35711
0.93,-1.36463,6.99366
0.9325,-1.4282,6.86921
0.935,-1.4365,6.93686
0.9375,-1.34763,6.60724
0.94,-1.19044,6.20739
0.9425,-1.07518,6.68903
0.945,-0.845054,6.33893
0.9475,-0.660635,6.21935
0.95,-0.533273,6.70647
0.9525,-0.378045,6.65812
0.955,-0.273396,6.67155
0.9575,-0.260318,7.28534
0.96,-0.230342,7.3304
0.9625,-0.245204,7.2732
0.965,-0.32352,7.56657
0.9675,-0.381562,7.43233
0.97,-0.449509,7.18345
0.9725,-0.551712,7.24063
0.975,-0.635534,7.16171
0.9775,-0.695845,6.84198
0.98,-0.772166,6.79491
0.9825,-0.822461,6.7038
0.985,-0.83439,6.43903
0.9875,-0.826867,6.3045
0.99,-0.799531,6.42727
0.9925,-0.698183,6.17908
0.995,-0.57181,6.04978
0.9975,-0.429302,6.14037
1,-0.226573,5.95018
1.0025,-0.163236,5.80395
1.005,-0.327663,5.91911
1.0075,-0.333532,5.79532
1.01,-0.395345,5.90268
1.0125,-0.519448,6.17951
1.015,-0.664813,6.54562
1.0175,-0.804615,6.92845
1.02,-0.939752,7.52419
1.0225,-0.974151,7.96373
1.025,-0.93852,8.77874
1.0275,-0.759484,9.28677
1.03,-0.505943,10.1494
1.0325,-0.196328,10.8965
1.035,0.118731,11.7715
1.0375,0.41562,12.6421
1.04,0.653211,13.5429
1.0425,0.746686,14.5034
1.045,0.686071,15.2402
1.0475,0.446449,16.128
1.05,0.0861906,16.7221
1.0525,-0.370774,17.0655
1.055,-0.844099,17.2821
1.0575,-1.28242,17.36
1.06,-1.60519,17.0706
1.0625,-1.82719,17.0045
1.065,-1.89367,16.8406
1.0675,-1.75422,16.3319
1.07,-1.52531,16.2536
1.0725,-1.21568,16.2755
1.075,-0.833492,15.9424
1.0775,-0.486275,16.1018
1.08,-0.174342,16.1567
1.0825,0.0967732,15.906
1.085,0.240772,16.0625
1.0875,0.275079,16.4092
1.09,0.257299,16.4822
1.0925,0.190843,16.8222
1.095,0.116239,16.9819
1.0975,0.108439,16.5358
1.1,0.0875079,15.9492
1.1025,0.0913817,15.3556
1.105,0.0862421,14.2751
1.1075,0.0694035,13.2791
1.11,-0.016131,12.5065
1.1125,-0.134163,11.7131
1.115,-0.28721,10.7387
1.1175,-0.488742,10.4052
1.12,-0.673906,10.054
1.1225,-0.79874,9.7042
1.125,-0.856456,9.85504
1.1275,-0.809608,10.325
1.13,-0.574436,9.99601
1.1325,-0.268346,10.7876
1.135,0.154006,11.3016
1.1375,0.652803,11.3338
1.14,1.12797,11.6933
1.1425,1.55264,11.7532
1.145,1.90174,10.6545
1.1475,2.09161,9.79691
1.15,2.09813,8.69977
1.1525,1.96554,6.71757
1.155,1.68413,5.51656
1.1575,1.35678,4.20898
1.16,1.02596,2.98853
1.1625,0.759757,1.97063
1.165,0.562599,1.76468
1.1675,0.487059,1.31837
1.17,0.512328,1.41323
1.1725,0.645817,1.73188
1.175,0.845854,2.10472
1.1775,1.09902,1.93744
1.18,1.3538,2.65057
1.1825,1.56512,2.88804
1.185,1.75021,2.96586
1.1875,1.88179,3.45685
1.19,2.12781,4.11286
1.1925,1.9128,3.31252
1.195,2.30782,4.41006
1.1975,2.31662,4.50265
1.2,2.46851,4.62179
1.2025,2.58585,5.329
1.205,2.65475,6.12321
1.2075,2.65837,5.94003
1.21,2.60262,6.65392
1.2125,2.43105,6.98393
1.215,2.15185,6.71422
1.2175,1.82828,6.7748
1.22,1.47855,6.72364
1.2225,1.15449,5.93838
1.225,0.940793,5.28083
1.2275,0.839874,4.89764
1.23,0.854557,4.11263
1.2325,1.02186,3.66156
1.235,1.32442,3.57337
1.2375,1.69555,3.49191
1.24,2.08689,3.05037
1.2425,2.47265,3.73096
1.245,2.71407,4.10593
1.2475,2.81093,4.45351
1.25,2.78534,5.26019
1.2525,2.58557,6.13124
1.255,2.2414,5.60575
1.2575,1.90223,6.09283
1.26,1.48215,5.92785
1.2625,1.06794,4.96969
1.265,0.743166,4.8006
1.2675,0.462219,4.36302
1.27,0.219119,3.05549
1.2725,0.112908,2.66081
1.275,0.0194009,2.15099
1.2775,-0.07278,1.20234
1.28,-0.0832671,0.947529
1.2825,-0.100756,0.763562
1.285,-0.112583,0.11341
1.2875,-0.0752817,-0.307193
1.29,0.0335565,-0.322248
1.2925,0.126877,-0.895389
1.295,0.302136,-1.24163
1.2975,0.508329,-1.51041
1.3,0.690142,-2.1961
1.3025,0.809758,-3.59867
1.305,0.927961,-4.46927
1.3075,0.866453,-5.89947
1.31,0.683256,-7.58557
1.3125,0.394444,-8.70554
1.315,0.0226771,-9.56937
1.3175,-0.543335,-11.367
1.32,-0.953991,-11.5961
1.3225,-1.41438,-11.9322
1.325,-1.80587,-12.5063
1.3275,-1.99939,-11.9793
1.33,-2.07652,-11.4426
1.3325,-2.08366,-11.4348
1.335,-1.87339,-10.7289
1.3375,-1.62676,-10.057
1.34,-1.40986,-10.1402
1.3425,-1.12343,-9.7862
1.345,-0.916188,-9.80714
1.3475,-0.831715,-10.4876
1.35,-0.801655,-11.2685
1.3525,-0.840082,-11.9251
1.355,-1.00691,-12.9835
1.3575,-1.19192,-13.7746
1.36,-1.3824,-14.1886
1.3625,-1.56973,-14.4651
1.365,-1.79482,-14.9869
1.3675,-1.88723,-14.6008
1.37,-2.04384,-14.4577
1.3725,-2.20082,-14.3638
1.375,-2.31317,-13.8897
1.3775,-2.39759,-13.354
1.38,-2.60632,-13.8366
1.3825,-2.63453,-13.4634
1.385,-2.7295,-13.4806
1.3875,-2.80312,-13.9981
1.39,-2.7281,-13.8867
1.3925,-2.59845,-13.8338
1.395,-2.46456,-14.2787
1.3975,-2.17441,-13.9676
1.4,-1.87764,-13.5023
1.4025,-1.64068,-13.2111
1.405,-1.36687,-12.3996
1.4075,-1.1847,-11.4112
1.41,-1.14023,-10.8141
1.4125,-1.19102,-10.156
1.415,-1.32622,-9.52381
1.4175,-1.59486,-9.34337
1.42,-1.89956,-9.32848
1.4225,-2.18291,-9.25241
1.425,-2.46276,-9.46811
1.4275,-2.68954,-9.92844
1.43,-2.75785,-9.93083
1.4325,-2.76213,-10.1115
1.435,-2.67755,-10.3065
1.4375,-2.48265,-10.2551
1.44,-2.22414,-10.119
1.4425,-2.01755,-10.5825
1.445,-1.72776,-10.5655
1.4475,-1.50612,-10.7904
1.45,-1.35818,-11.3712
1.4525,-1.20543,-11.6354
1.455,-1.11498,-11.8853
1.4575,-1.09432,-12.3283
1.46,-1.05443,-12.3718
1.4625,-1.0481,-12.2993
1.465,-1.06964,-12.2628
1.4675,-1.07104,-11.9859
1.47,-1.0818,-11.6708
1.4725,-1.12243,-11.501
1.475,-1.17453,-11.3041
1.4775,-1.23136,-11.0647
1.48,-1.31677,-10.9762
1.4825,-1.38765,-10.7709
1.485,-1.45649,-10.7178
1.4875,-1.47875,-10.3829
1.49,-1.49599,-10.4229
1.4925,-1.40574,-10.1014
1.495,-1.30371,-10.0383
1.4975,-1.1067,-9.80734
1.5,-0.899581,-9.70347
1.5025,-0.802742,-9.42316
1.505,-0.912509,-9.23492
1.5075,-0.910784,-9.0709
1.51,-0.975433,-9.12049
1.5125,-1.15149,-9.36535
1.515,-1.35532,-9.69309
1.5175,-1.62107,-10.2899
1.52,-1.86539,-10.99
1.5225,-2.06915,-11.928
1.525,-2.1862,-13.066
1.5275,-2.17965,-14.1856
1.53,-2.0929,-15.5681
1.5325,-1.91625,-16.9
1.535,-1.70805,-18.3203
1.5375,-1.4691,-19.5887
1.54,-1.30192,-21.0031
1.5425,-1.19652,-22.0017
1.545,-1.2521,-22.9755
1.5475,-1.43388,-23.6568
1.55,-1.76314,-24.1199
1.5525,-2.13665,-23.9931
1.555,-2.57457,-23.9124
1.5575,-2.95232,-23.4862
1.56,-3.23808,-22.88
1.5625,-3.40423,-22.3149
1.565,-3.43508,-21.8594
1.5675,-3.25067,-20.9331
1.57,-2.97604,-20.6137
1.5725,-2.60092,-20.3178
1.575,-2.15423,-19.8026
1.5775,-1.75563,-19.6693
1.58,-1.40966,-19.6214
1.5825,-1.10493,-19.2761
1.585,-0.951363,-19.4231
1.5875,-0.921735,-19.7131
1.59,-0.935706,-19.7094
1.5925,-1.02642,-19.9304
1.595,-1.0916,-19.8593
1.5975,-1.08639,-19.2262
1.6,-1.01961,-18.2866
1.6025,-0.932511,-17.3632
1.605,-0.797514,-16.0916
1.6075,-0.694926,-14.9946
1.61,-0.646808,-14.2328
1.6125,-0.654441,-13.6125
1.615,-0.698727,-12.886
1.6175,-0.863672,-12.9216
1.62,-1.03761,-12.9419
1.6225,-1.19236,-12.948
1.625,-1.31943,-13.4485
1.6275,-1.35217,-14.1285
1.63,-1.17741,-13.9071
1.6325,-0.927086,-14.5368
1.635,-0.51502,-14.7288
1.6375,0.0212735,-14.1679
1.64,0.563339,-13.869
1.6425,1.10609,-13.0952
1.645,1.62201,-11.2971
1.6475,1.95385,-9.96888
1.65,2.10855,-8.42681
1.6525,2.0977,-6.5444
1.655,1.90914,-5.27641
1.6575,1.62785,-4.41076
1.66,1.33588,-3.42862
1.6625,1.06776,-2.96383
1.665,0.846196,-3.11491
1.6675,0.739881,-3.12051
1.67,0.746428,-3.46981
1.6725,0.865719,-4.11173
1.675,1.06737,-4.55669
1.6775,1.30712,-4.55886
1.68,1.64271,-5.17377
1.6825,1.82218,-5.48563
1.685,2.0185,-5.46658
1.6875,2.13485,-6.00282
1.69,2.20488,-6.66772
1.6925,2.29989,-6.24783
1.695,2.39362,-7.33592
1.6975,2.49072,-8.02924
1.7,2.62495,-8.27514
1.7025,2.78354,-9.39806
1.705,2.93234,-10.2792
1.7075,3.03807,-10.1669
1.71,3.08393,-10.6966
1.7125,2.99571,-10.7669
1.715,2.7774,-10.0467
1.7175,2.47758,-9.57837
1.72,2.11379,-8.89175
1.7225,1.74031,-7.49091
1.725,1.40655,-6.28081
1.7275,1.16361,-5.42698
1.73,1.05968,-4.33871
1.7325,1.11206,-3.67579
1.735,1.31038,-3.63108
1.7375,1.62135,-3.70741
1.74,1.97912,-3.60975
1.7425,2.36995,-4.67343
1.745,2.65217,-5.48012
1.7475,2.81813,-6.14285
1.75,2.83097,-7.14753
1.7525,2.69296,-7.9826
1.755,2.35492,-7.21106
1.7575,2.04015,-7.40034
1.76,1.61525,-6.73625
1.7625,1.18202,-5.33765
1.765,0.846084,-4.68103
1.7675,0.565381,-3.88579
1.77,0.324701,-2.28646
1.7725,0.250427,-1.70862
1.775,0.175994,-1.11005
1.7775,0.100146,-0.0809153
1.78,0.0797103,0.279067
1.7825,0.041418,0.604172
1.785,-0.0346344,1.45716
1.7875,-0.0639969,2.15289
1.79,-0.0644045,2.5507
1.7925,-0.0907944,3.5416
1.795,-0.0352643,4.388
1.7975,0.0733588,5.13403
1.8,0.199565,6.16402
1.8025,0.276755,7.87743
1.805,0.433256,8.65942
1.8075,0.40574,10.0136
1.81,0.280257,11.2667
1.8125,0.0717138,11.9549
1.815,-0.228075,12.2222
1.8175,-0.762731,13.4886
1.82,-1.16508,13.2322
1.8225,-1.64635,13.2117
1.825,-2.11613,13.4874
1.8275,-2.39029,12.7968
1.83,-2.55928,12.1169
1.8325,-2.67227,12.1705
1.835,-2.53722,11.4737
1.8375,-2.33888,10.9463
1.84,-2.15454,11.1084
1.8425,-1.87329,10.9229
1.845,-1.65112,10.9987
1.8475,-1.54614,11.7942
1.85,-1.49305,12.62
1.8525,-1.49996,13.2587
1.855,-1.66504,14.317
1.8575,-1.82797,14.9947
1.86,-2.00336,15.2725
1.8625,-2.18216,15.4088
1.865,-2.3933,15.7825
1.8675,-2.47095,15.3134
1.87,-2.60331,15.1084
1.8725,-2.73585,15.0066
1.875,-2.80383,14.5493
1.8775,-2.87375,14.0859
1.88,-3.08527,14.614
1.8825,-3.1256,14.2885
1.885,-3.23638,14.3613
1.8875,-3.3755,14.8541
1.89,-3.36726,14.7808
1.8925,-3.3,14.6399
1.895,-3.25088,14.9816
1.8975,-2.99869,14.4335
1.9,-2.73425,13.781
1.9025,-2.48377,13.219
1.905,-2.18485,12.2128
1.9075,-1.9345,11.1139
1.91,-1.82279,10.4665
1.9125,-1.78913,9.88754
1.915,-1.85236,9.42203
1.9175,-2.07524,9.53657
1.92,-2.3393,9.8417
1.9225,-2.61778,10.2428
1.925,-2.90239,10.8664
1.9275,-3.16142,11.76
1.93,-3.25647,12.0892
1.9325,-3.30558,12.5236
1.935,-3.2594,12.8978
1.9375,-3.07675,12.9422
1.94,-2.81408,12.8356
1.9425,-2.60967,13.2839
1.945,-2.2877,13.1647
1.9475,-2.03121,13.2713
1.95,-1.85203,13.7071
1.9525,-1.65854,13.8833
1.955,-1.50003,14.084
1.9575,-1.43302,14.5939
1.96,-1.31645,14.722
1.9625,-1.23052,14.7345
1.965,-1.19654,14.8512
1.9675,-1.11866,14.6733
1.97,-1.04887,14.4634
1.9725,-1.00186,14.3077
1.975,-0.95761,14.0912
1.9775,-0.937553,13.7823
1.98,-0.946473,13.5743
1.9825,-0.975335,13.2998
1.985,-0.980925,12.9635
1.9875,-0.994882,12.7277
1.99,-0.967289,12.4937
1.9925,-0.884591,12.183
1.995,-0.750704,11.8859
1.9975,-0.585853,11.7259
2,-0.34325,11.363
2.0025,-0.254791,11.0804
2.005,-0.349748,10.7605
2.0075,-0.345588,10.5951
2.01,-0.397962,10.6954
2.0125,-0.569264,11.0407
2.015,-0.817146,11.737
2.0175,-1.0925,12.6153
2.02,-1.4011,13.7908
2.0225,-1.67013,15.2648
2.025,-1.88986,17.0251
2.0275,-2.00433,18.7972
2.03,-2.01208,20.62
2.0325,-1.95571,22.404
2.035,-1.83674,23.894
2.0375,-1.67797,25.1179
2.04,-1.53362,26.1647
2.0425,-1.4481,26.7658
2.045,-1.50496,27.3443
2.0475,-1.67297,27.5241
2.05,-2.00112,27.6473
2.0525,-2.38035,27.1463
2.055,-2.83641,26.8473
2.0575,-3.22883,26.1763
2.06,-3.5354,25.3437
2.0625,-3.72088,24.5212
2.065,-3.75188,23.8155
2.0675,-3.54797,22.6624
2.07,-3.26248,22.1161
2.0725,-2.84943,21.5965
2.075,-2.33507,20.9762
2.0775,-1.87721,20.7246
2.08,-1.46086,20.6944
2.0825,-1.07276,20.2949
2.085,-0.857625,20.4965
2.0875,-0.780547,20.7803
2.09,-0.791807,20.7865
2.0925,-0.869719,20.7944
2.095,-0.941921,20.4557
2.0975,-0.941271,19.459
2.1,-0.899173,18.1345
2.1025,-0.842952,16.9302
2.105,-0.738869,15.5647
2.1075,-0.645086,14.4679
2.11,-0.604226,13.857
2.1125,-0.609785,13.3895
2.115,-0.634222,12.7297
2.1175,-0.771529,12.7738
2.12,-0.898639,12.6416
2.1225,-1.01421,12.5449
2.125,-1.07987,12.7719
2.1275,-1.07886,13.2474
2.13,-0.838758,12.7153
2.1325,-0.539873,13.1644
2.135,-0.0747559,13.1683
2.1375,0.526809,12.4898
2.14,1.12401,12.0267
2.1425,1.72031,11.237
2.145,2.29011,9.23133
2.1475,2.6531,7.82627
2.15,2.83475,6.29808
2.1525,2.8055,4.46591
2.155,2.57485,3.51003
2.1575,2.20882,3.01418
2.16,1.8217,2.61005
2.1625,1.45723,2.75338
2.165,1.14649,3.52064
2.1675,0.988277,3.99373
2.17,0.967078,4.72895
2.1725,1.09361,5.5887
2.175,1.3216,6.21714
2.1775,1.64134,6.1735
2.18,1.94371,6.93847
2.1825,2.25301,7.28331
2.185,2.48746,7.47209
2.1875,2.64971,8.22811
2.19,2.74954,9.14674
2.1925,2.82399,9.04342
2.195,2.87215,10.3046
2.1975,2.92135,11.1216
2.2,2.98609,11.4345
2.2025,3.22472,12.4988
2.205,2.8739,12.9994
2.2075,3.28776,13.2138
2.21,3.12537,13.1982
2.2125,3.02939,13.4749
2.215,2.77077,12.5164
2.2175,2.42841,12.1087
2.22,1.99291,11.3859
2.2225,1.58794,10.0013
2.225,1.23198,8.69981
2.2275,0.967582,7.80305
2.23,0.826879,6.66685
2.2325,0.861411,6.04423
2.235,1.06568,6.08305
2.2375,1.41474,6.34283
2.24,1.83128,6.4674
2.2425,2.28668,7.82252
2.245,2.62487,8.85241
2.2475,2.84238,9.62782
2.25,2.93394,10.5993
2.2525,2.83948,11.142
2.255,2.55022,9.89825
2.2575,2.21989,9.45364
2.26,1.77074,8.22496
2.2625,1.28724,6.20459
2.265,0.937228,5.09781
2.2675,0.607782,3.92506
2.27,0.348588,2.07572
2.2725,0.232011,1.30081
2.275,0.163775,0.601529
2.2775,0.0877351,-0.572086
2.28,0.106707,-0.87742
2.2825,0.0915804,-1.24948
2.285,0.0602352,-2.00129
2.2875,0.0605203,-2.75058
2.29,0.105126,-3.04907
2.2925,0.118573,-4.0161
2.295,0.193183,-4.80327
2.2975,0.311557,-5.51742
2.3,0.44307,-6.54014
2.3025,0.538695,-8.16824
2.305,0.699455,-8.95766
2.3075,0.698076,-10.1167
2.31,0.607787,-11.2276
2.3125,0.418386,-11.5719
2.315,0.130016,-11.5347
2.3175,-0.363819,-12.4298
2.32,-0.758003,-11.8226
2.3225,-1.24726,-11.4837
2.325,-1.71452,-11.539
2.3275,-1.98618,-10.7492
2.33,-2.15775,-10.0357
2.3325,-2.25653,-10.1471
2.335,-2.10513,-9.55148
2.3375,-1.8674,-9.16847
2.34,-1.61552,-9.37745
2.3425,-1.26921,-9.28844
2.345,-0.965568,-9.34325
2.3475,-0.782504,-10.0815
2.35,-0.664142,-10.7459
2.3525,-0.617417,-11.2013
2.355,-0.72591,-11.9612
2.3575,-0.887952,-12.4052
2.36,-1.07453,-12.4196
2.3625,-1.29672,-12.3549
2.365,-1.54813,-12.575
2.3675,-1.67257,-11.9239
2.37,-1.86343,-11.6778
2.3725,-2.01253,-11.4602
2.375,-2.11197,-11.0132
2.3775,-2.17167,-10.4878
2.38,-2.37998,-11.0584
2.3825,-2.39281,-10.7232
2.385,-2.4977,-10.8303
2.3875,-2.58541,-11.3149
2.39,-2.54829,-11.2327
2.3925,-2.44767,-11.0254
2.395,-2.36561,-11.3611
2.3975,-2.08507,-10.7761
2.4,-1.79928,-10.1065
2.4025,-1.53201,-9.50825
2.405,-1.21166,-8.55792
2.4075,-0.960623,-7.48785
2.41,-0.846677,-7.04077
2.4125,-0.821951,-6.67679
2.415,-0.890629,-6.56881
2.4175,-1.13922,-7.1131
2.42,-1.42872,-7.9076
2.4225,-1.73926,-8.73361
2.425,-2.04819,-9.72627
2.4275,-2.32185,-10.8868
2.43,-2.4377,-11.4827
2.4325,-2.48084,-12.06
2.435,-2.41429,-12.5115
2.4375,-2.21218,-12.5803
2.44,-1.92206,-12.4548
2.4425,-1.66012,-12.8336
2.445,-1.2849,-12.6848
2.4475,-0.972126,-12.6789
2.45,-0.739109,-13.0821
2.4525,-0.509991,-13.1649
2.455,-0.336544,-13.3637
2.4575,-0.271861,-13.8701
2.46,-0.173748,-14.0225
2.4625,-0.158111,-14.1553
2.465,-0.163847,-14.3836
2.4675,-0.193395,-14.4054
2.47,-0.186639,-14.2845
2.4725,-0.248222,-14.3068
2.475,-0.266619,-14.163
2.4775,-0.306676,-13.9266
2.48,-0.341517,-13.6829
2.4825,-0.389447,-13.3966
2.485,-0.420373,-13.0189
2.4875,-0.439376,-12.7057
2.49,-0.428862,-12.43
2.4925,-0.345586,-12.0431
2.495,-0.242629,-11.8593
2.4975,-0.0744453,-11.652
2.5,0.135791,-11.5152
2.5025,0.235672,-11.249
2.505,0.118496,-11.1803
2.5075,0.136396,-11.1671
2.51,0.108967,-11.3177
2.5125,-0.0604776,-11.9548
2.515,-0.243868,-12.6473
2.5175,-0.532774,-13.801
2.52,-0.785755,-14.9356
2.5225,-1.0751,-16.66
2.525,-1.26547,-18.262
2.5275,-1.38845,-20.0462
2.53,-1.36953,-21.5755
2.5325,-1.31645,-23.1899
2.535,-1.1514,-24.2076
2.5375,-0.968727,-25.0294
2.54,-0.774652,-25.5815
2.5425,-0.617511,-25.7447
2.545,-0.570904,-25.6423
2.5475,-0.671443,-25.4474
2.55,-0.887265,-25.0058
2.5525,-1.18988,-24.2615
2.555,-1.5444,-23.6242
2.5575,-1.87115,-22.845
2.56,-2.11862,-21.9732
2.5625,-2.29171,-21.3045
2.565,-2.32266,-20.7842
2.5675,-2.1397,-19.8564
2.57,-1.89718,-19.5635
2.5725,-1.53613,-19.2709
2.575,-1.10956,-18.7266
2.5775,-0.71603,-18.5488
2.58,-0.376232,-18.4564
2.5825,-0.0487021,-17.8989
2.585,0.11641,-17.8349
2.5875,0.187425,-17.7055
2.59,0.18539,-17.3653
2.5925,0.134679,-17.0009
2.595,0.0727985,-16.5815
2.5975,0.0823937,-15.6157
2.6,0.0887854,-14.6093
2.6025,0.121126,-13.7417
2.605,0.168621,-12.7082
2.6075,0.209306,-11.9872
2.61,0.197615,-11.4985
2.6125,0.131704,-11.2628
2.615,0.0565976,-10.6145
2.6175,-0.12559,-10.7318
2.62,-0.279933,-10.5713
2.6225,-0.40375,-10.3314
2.625,-0.472682,-10.2903
2.6275,-0.45656,-10.4229
2.63,-0.232812,-9.52609
2.6325,0.0459613,-9.51377
2.635,0.472974,-9.09749
2.6375,1.00764,-8.06671
2.64,1.52278,-7.45545
2.6425,2.01301,-6.75993
2.645,2.45889,-5.24197
2.6475,2.7078,-4.50952
2.65,2.78747,-3.85948
2.6525,2.68127,-3.10443
2.655,2.43697,-3.00509
2.6575,2.06927,-3.30268
2.66,1.72942,-3.34976
2.6625,1.42746,-3.73802
2.665,1.20181,-4.48282
2.6675,1.09858,-4.90671
2.67,1.115,-5.52081
2.6725,1.24486,-6.28457
2.675,1.46805,-6.8876
2.6775,1.75017,-6.84563
2.68,1.98782,-7.72688
2.6825,2.3178,-8.07257
2.685,2.44247,-8.55049
2.6875,2.55104,-9.32805
2.69,2.59426,-10.5677
2.6925,2.63208,-10.5671
2.695,2.65251,-11.9564
2.6975,2.6709,-12.8787
2.7,2.70293,-13.1866
2.7025,2.73801,-14.0803
2.705,2.76208,-14.6977
2.7075,2.75965,-14.2567
2.71,2.7091,-14.4572
2.7125,2.54572,-14.2951
2.715,2.28213,-13.4371
2.7175,1.94809,-12.9795
2.72,1.58772,-12.402
2.7225,1.21869,-11.2997
2.725,0.927428,-10.4142
2.7275,0.744269,-10.0896
2.73,0.689411,-9.47535
2.7325,0.780054,-9.39929
2.735,1.00536,-9.84993
2.7375,1.33405,-10.4187
2.74,1.70152,-10.5559
2.7425,2.0915,-11.7557
2.745,2.36645,-12.3857
2.7475,2.53451,-12.6573
2.75,2.5699,-13.0532
2.7525,2.4559,-13.1349
2.755,2.18038,-11.5117
2.7575,1.90789,-10.9569
2.76,1.52198,-9.67894
2.7625,1.14319,-7.74773
2.765,0.834855,-6.80503
2.7675,0.592824,-5.78174
2.77,0.394566,-4.12114
2.7725,0.32362,-3.46774
2.775,0.269384,-2.86963
2.7775,0.232263,-1.83996
2.78,0.236724,-1.51454
2.7825,0.251937,-1.18462
2.785,0.239837,-0.329576
2.7875,0.274023,0.305003
2.79,0.320182,0.699057
2.7925,0.363754,1.57483
2.795,0.450813,2.34142
2.7975,0.590767,2.90718
2.8,0.730118,3.75236
2.8025,0.858478,5.08519
2.805,0.992911,5.57743
2.8075,1.00736,6.38885
2.81,0.926859,7.2631
2.8125,0.769432,7.44528
2.815,0.500563,7.43099
2.8175,0.0684588,8.42769
2.82,-0.270076,8.07354
2.8225,-0.685569,8.00733
2.825,-1.06407,8.41558
2.8275,-1.29295,7.91498
2.83,-1.40271,7.48185
2.8325,-1.45828,7.86666
2.835,-1.28665,7.46941
2.8375,-1.0613,7.23869
2.84,-0.809668,7.5518
2.8425,-0.493134,7.44105
2.845,-0.216865,7.41831
2.8475,-0.0470303,7.94195
2.85,0.0603833,8.39102
2.8525,0.106606,8.51427
2.855,0.00322027,9.0252
2.8575,-0.131642,9.21459
2.86,-0.305064,9.09241
2.8625,-0.511474,8.94644
2.865,-0.744109,9.17859
2.8675,-0.875575,8.64693
2.87,-1.05047,8.48872
2.8725,-1.20783,8.44051
2.875,-1.31689,8.08164
2.8775,-1.40746,7.66905
2.88,-1.58507,8.2141
2.8825,-1.61442,7.93969
2.885,-1.69229,7.88132
2.8875,-1.77376,8.38357
2.89,-1.72138,8.07991
2.8925,-1.62279,7.87886
2.895,-1.5268,8.03599
2.8975,-1.27402,7.53533
2.9,-1.02396,6.88803
2.9025,-0.793796,6.56787
2.905,-0.544485,5.87704
2.9075,-0.349823,5.14227
2.91,-0.2849,5.07597
2.9125,-0.304709,4.98821
2.915,-0.40399,5.13528
2.9175,-0.647211,5.73575
2.92,-0.937801,6.58378
2.9225,-1.2253,7.26896
2.925,-1.50919,8.15256
2.9275,-1.75784,9.11545
2.93,-1.87028,9.52832
2.9325,-1.9256,9.95075
2.935,-1.88068,10.3074
2.9375,-1.70438,10.2849
2.94,-1.45994,10.1377
2.9425,-1.24645,10.5202
2.945,-0.939816,10.328
2.9475,-0.691041,10.35
2.95,-0.507963,10.701
2.9525,-0.327404,10.7929
2.955,-0.194287,10.9455
2.9575,-0.153886,11.4252
2.96,-0.105537,11.6163
2.9625,-0.104409,11.775
2.965,-0.129172,12.0658
2.9675,-0.154711,12.1819
2.97,-0.180012,12.1856
2.9725,-0.247779,12.3096
2.975,-0.29479,12.3053
2.9775,-0.335017,12.1412
2.98,-0.39149,12.0596
2.9825,-0.426641,11.8431
2.985,-0.451285,11.5978
2.9875,-0.453706,11.3283
2.99,-0.418413,11.157
2.9925,-0.335196,10.8881
2.995,-0.208151,10.7227
2.9975,-0.0411289,10.5812
3,0.180293,10.443
3.0025,0.280006,10.2412
3.005,0.168052,10.1695
3.0075,0.194312,10.1377
3.01,0.155738,10.37
3.0125,0.0168775,10.7822
3.015,-0.160745,11.5607
3.0175,-0.395438,12.4931
3.02,-0.601555,13.5839
3.0225,-0.794919,15.0234
3.025,-0.917732,16.6357
3.0275,-0.94038,18.2439
3.03,-0.851417,19.8349
3.0325,-0.707821,21.4481
3.035,-0.496291,22.6698
3.0375,-0.269511,23.7546
3.04,-0.0463414,24.5138
3.0425,0.0884501,25.0408
3.045,0.125388,25.1696
3.0475,-0.00442226,25.2085
3.05,-0.260343,24.9471
3.0525,-0.593466,24.3522
3.055,-0.997869,23.802
3.0575,-1.37731,23.0934
3.06,-1.68132,22.2626
3.0625,-1.90169,21.5874
3.065,-1.99691,21.0322
3.0675,-1.86924,20.1084
3.07,-1.66221,19.7692
3.0725,-1.35121,19.4547
3.075,-0.950011,18.9195
3.0775,-0.578846,18.6978
3.08,-0.242298,18.582
3.0825,0.0887946,17.9705
3.085,0.288369,17.8703
3.0875,0.383893,17.7774
3.09,0.416362,17.3456
3.0925,0.404103,17.1062
3.095,0.38419,16.5908
3.0975,0.4314,15.5124
3.1,0.47553,14.3956
3.1025,0.542123,13.3652
3.105,0.603189,12.13
3.1075,0.649167,11.1134
3.11,0.62252,10.513
3.1125,0.571861,9.95374
3.115,0.469267,9.2288
3.1175,0.312684,9.12604
3.12,0.156039,8.88465
3.1225,0.0571444,8.54022
3.125,0.00765927,8.57791
3.1275,0.0993652,8.74933
3.13,0.364974,8.00296
3.1325,0.715527,8.18299
3.135,1.1993,8.05831
3.1375,1.77719,7.32417
3.14,2.33818,7.08028
3.1425,2.84369,6.66384
3.145,3.27774,5.38746
3.1475,3.51797,4.67876
3.15,3.56678,3.99268
3.1525,3.43576,2.97864
3.155,3.14993,2.64829
3.1575,2.77971,2.61823
3.16,2.40084,2.50928
3.1625,2.05386,2.69751
3.165,1.78394,3.39091
3.1675,1.63289,3.72346
3.17,1.61263,4.36809
3.1725,1.69545,5.14253
3.175,1.86087,5.83425
3.1775,2.07475,5.97343
3.18,2.28608,6.90281
3.1825,2.46488,7.38719
3.185,2.59292,7.83407
3.1875,2.66288,8.65903
3.19,2.79297,9.83812
3.1925,2.45863,9.39924
3.195,2.7885,11.0037
3.1975,2.68478,11.3334
3.2,2.75576,11.6571
3.2025,2.79218,12.3026
3.205,2.79849,12.8742
3.2075,2.76844,12.3713
3.21,2.7049,12.599
3.2125,2.50874,12.445
3.215,2.20788,11.59
3.2175,1.83426,11.142
3.22,1.43193,10.5756
3.2225,1.05487,9.41733
3.225,0.756553,8.43285
3.2275,0.575487,7.92251
3.23,0.504622,7.13633
3.2325,0.601318,6.81812
3.235,0.847059,7.04867
3.2375,1.19595,7.33862
3.24,1.57355,7.32873
3.2425,1.96934,8.32567
3.245,2.24573,8.88739
3.2475,2.40761,9.13702
3.25,2.44651,9.57131
3.2525,2.3376,9.83115
3.255,2.07689,8.4077
3.2575,1.79458,8.12885
3.26,1.4215,7.08366
3.2625,1.05999,5.53316
3.265,0.761114,4.75445
3.2675,0.524131,4.04265
3.27,0.315646,2.46172
3.2725,0.243721,1.97532
3.275,0.195015,1.41745
3.2775,0.148003,0.435255
3.28,0.16054,0.132367
3.2825,0.189177,-0.0908383
3.285,0.189846,-0.879527
3.2875,0.265582,-1.36723
3.29,0.35459,-1.56503
3.2925,0.452944,-2.24937
3.295,0.592465,-2.73487
3.2975,0.779951,-3.09067
3.3,0.957753,-3.64913
3.3025,1.11294,-4.85378
3.305,1.25886,-5.22862
3.3075,1.27015,-6.12648
3.31,1.17594,-6.93181
3.3125,0.978131,-7.31528
3.315,0.698432,-7.24236
3.3175,0.245074,-8.31137
3.32,-0.108387,-7.8608
3.3225,-0.524582,-7.74943
3.325,-0.901441,-7.99497
3.3275,-1.10825,-7.3929
3.33,-1.20294,-6.77745
3.3325,-1.22596,-7.00022
3.335,-1.05201,-6.43722
3.3375,-0.803736,-6.03051
3.34,-0.550074,-6.18945
3.3425,-0.221488,-5.95812
3.345,0.0555131,-5.8112
3.3475,0.231802,-6.29605
3.35,0.353652,-6.67386
3.3525,0.408382,-6.82116
3.355,0.334607,-7.35576
3.3575,0.237046,-7.675
3.36,0.0790571,-7.66492
3.3625,-0.0603376,-7.67173
3.365,-0.277391,-7.97554
3.3675,-0.383158,-7.6389
3.37,-0.546101,-7.54249
3.3725,-0.694165,-7.66158
3.375,-0.805107,-7.33098
3.3775,-0.895831,-7.06501
3.38,-1.07882,-7.64251
3.3825,-1.11399,-7.47975
3.385,-1.17801,-7.44108
3.3875,-1.22066,-7.93682
3.39,-1.14343,-7.70717
3.3925,-0.99822,-7.51773
3.395,-0.854632,-7.7392
3.3975,-0.56972,-7.30834
3.4,-0.292886,-6.7631
3.4025,-0.0476312,-6.50402
3.405,0.199456,-5.85522
3.4075,0.375429,-5.23609
3.41,0.413672,-5.10985
3.4125,0.357805,-5.08698
3.415,0.218582,-5.17247
3.4175,-0.0609811,-5.7511
3.42,-0.371251,-6.45471
3.4225,-0.689371,-7.05918
3.425,-0.997735,-7.78287
3.4275,-1.26877,-8.66423
3.43,-1.39178,-8.97373
3.4325,-1.4647,-9.34958
3.435,-1.42876,-9.6469
3.4375,-1.30431,-9.68585
3.44,-1.09077,-9.56646
3.4425,-0.917269,-9.91212
3.445,-0.651801,-9.8295
3.4475,-0.430912,-9.83539
3.45,-0.281734,-10.2456
3.4525,-0.122921,-10.3062
3.455,-0.031713,-10.4603
3.4575,-0.0184046,-10.8645
3.46,-0.00499359,-10.9327
3.4625,-0.0141583,-10.9364
3.465,-0.0877293,-11.1131
3.4675,-0.144312,-10.9901
3.47,-0.225152,-10.856
3.4725,-0.337359,-10.8131
3.475,-0.446461,-10.6676
3.4775,-0.554578,-10.4141
3.48,-0.685331,-10.2718
3.4825,-0.798361,-10.0697
3.485,-0.873891,-9.80074
3.4875,-0.928955,-9.54756
3.49,-0.919361,-9.39716
3.4925,-0.863807,-9.08117
3.495,-0.742394,-8.87382
3.4975,-0.573472,-8.67229
3.5,-0.347584,-8.49773
3.5025,-0.252482,-8.25557
3.505,-0.344815,-8.05543
3.5075,-0.33693,-8.01276
3.51,-0.353338,-8.08923
3.5125,-0.513687,-8.53593
3.515,-0.667212,-8.96835
3.5175,-0.875178,-9.69455
3.52,-1.06182,-10.4931
3.5225,-1.19722,-11.4726
3.525,-1.2581,-12.6241
3.5275,-1.19309,-13.6258
3.53,-1.02454,-14.6734
3.5325,-0.787596,-15.6428
3.535,-0.508948,-16.4448
3.5375,-0.22326,-17.0545
3.54,0.000625669,-17.7809
3.5425,0.142991,-18.1695
3.545,0.121008,-18.5871
3.5475,-0.0588016,-18.9431
3.55,-0.389974,-19.2261
3.5525,-0.801453,-19.1881
3.555,-1.27716,-19.279
3.5575,-1.70193,-19.1777
3.56,-2.02663,-18.8644
3.5625,-2.24442,-18.667
3.565,-2.30619,-18.5517
3.5675,-2.14537,-17.9037
3.57,-1.90708,-17.8868
3.5725,-1.57541,-17.8352
3.575,-1.16886,-17.541
3.5775,-0.811198,-17.5285
3.58,-0.513029,-17.6323
3.5825,-0.246712,-17.2883
3.585,-0.133255,-17.4019
3.5875,-0.123262,-17.5209
3.59,-0.153558,-17.2352
3.5925,-0.250787,-17.1456
3.595,-0.336939,-16.8708
3.5975,-0.344206,-16.0631
3.6,-0.334136,-15.2745
3.6025,-0.298615,-14.5718
3.605,-0.255496,-13.7327
3.6075,-0.223271,-13.0626
3.61,-0.25457,-12.8088
3.6125,-0.325538,-12.5732
3.615,-0.438353,-12.1888
3.6175,-0.633788,-12.3847
3.62,-0.819826,-12.441
3.6225,-0.964479,-12.4154
3.625,-1.05687,-12.7167
3.6275,-1.06457,-13.218
3.63,-0.858614,-12.7931
3.6325,-0.585785,-13.3336
3.635,-0.176299,-13.5531
3.6375,0.338038,-13.1773
3.64,0.833131,-13.2697
3.6425,1.2852,-13.0671
3.645,1.70811,-12.0283
3.6475,1.92993,-11.5356
3.65,1.9845,-10.9228
3.6525,1.87125,-9.88943
3.655,1.5852,-9.44893
3.6575,1.21897,-9.22149
3.66,0.870853,-8.72059
3.6625,0.567945,-8.51434
3.665,0.308123,-8.76802
3.6675,0.190772,-8.66338
3.67,0.171889,-8.81446
3.6725,0.266086,-9.20634
3.675,0.439725,-9.42485
3.6775,0.700811,-9.1444
3.68,0.898272,-9.78104
3.6825,1.07748,-10.0381
3.685,1.19981,-10.2592
3.6875,1.22686,-11.0361
3.69,1.20257,-12.0492
3.6925,1.2212,-11.9149
3.695,1.16358,-13.071
3.6975,1.14426,-13.7304
3.7,1.1638,-13.7256
3.7025,1.14766,-14.4484
3.705,1.26965,-14.7426
3.7075,1.20494,-14.2984
3.71,1.18031,-14.3727
3.7125,1.01553,-14.3008
3.715,0.790197,-13.532
3.7175,0.497097,-13.2525
3.72,0.167578,-12.8839
3.7225,-0.130189,-11.8486
3.725,-0.355561,-10.9948
3.7275,-0.488552,-10.5666
3.73,-0.47987,-9.75765
3.7325,-0.336259,-9.45785
3.735,-0.0757348,-9.46695
3.7375,0.299392,-9.60256
3.74,0.732783,-9.30835
3.7425,1.15742,-10.0603
3.745,1.48793,-10.3934
3.7475,1.70183,-10.5579
3.75,1.75614,-11.0306
3.7525,1.68205,-11.504
3.755,1.49651,-10.5165
3.7575,1.24532,-10.7788
3.76,0.919892,-10.4188
3.7625,0.615752,-9.56649
3.765,0.363434,-9.54362
3.7675,0.17018,-9.41364
3.77,0.0582634,-8.43812
3.7725,0.0334211,-8.38855
3.775,0.0355271,-8.18399
3.7775,0.0716741,-7.46184
3.78,0.122179,-7.36416
3.7825,0.179872,-7.27756
3.785,0.230089,-6.67872
3.7875,0.315246,-6.30817
3.79,0.397467,-6.2881
3.7925,0.503577,-5.76473
3.795,0.645121,-5.41785
3.7975,0.83601,-5.20499
3.8,1.04144,-4.70574
3.8025,1.24719,-3.56472
3.805,1.43767,-3.21413
3.8075,1.53008,-2.34414
3.81,1.51022,-1.36287
3.8125,1.37506,-0.889265
3.815,1.12142,-0.652174
3.8175,0.738552,0.699877
3.82,0.374983,0.61945
3.8225,-0.0425141,0.877064
3.825,-0.434745,1.53783
3.8275,-0.691085,1.25717
3.83,-0.84418,1.02092
3.8325,-0.887894,1.47
3.835,-0.743605,1.05315
3.8375,-0.536959,0.715896
3.84,-0.289821,0.867033
3.8425,0.0155449,0.518636
3.845,0.280846,0.282429
3.8475,0.462236,0.68071
3.85,0.582604,1.07626
3.8525,0.616938,1.39125
3.855,0.529052,2.27213
3.8575,0.394417,3.04765
3.86,0.228856,3.6545
3.8625,0.01785,4.35215
3.865,-0.194005,5.36126
3.8675,-0.346604,5.58535
3.87,-0.520542,6.0761
3.8725,-0.692862,6.60039
3.875,-0.818765,6.69317
3.8775,-0.945404,6.70132
3.88,-1.13961,7.60559
3.8825,-1.22402,7.54897
3.885,-1.33158,7.76712
3.8875,-1.45012,8.42978
3.89,-1.43951,8.40173
3.8925,-1.39054,8.36536
3.895,-1.3129,8.80583
3.8975,-1.10611,8.5515
3.9,-0.870582,8.18546
3.9025,-0.669773,8.15446
3.905,-0.43908,7.6532
3.9075,-0.274487,7.19974
3.91,-0.222261,7.10626
3.9125,-0.266333,7.12486
3.915,-0.398582,7.06076
3.9175,-0.671104,7.49913
3.92,-0.98557,7.94657
3.9225,-1.31789,8.31879
3.925,-1.6463,8.82167
3.9275,-1.94238,9.49582
3.93,-2.10924,9.67689
3.9325,-2.20606,9.90557
3.935,-2.22059,10.2135
3.9375,-2.10871,10.146
3.94,-1.92954,10.0729
3.9425,-1.76279,10.4632
3.945,-1.52249,10.4629
3.9475,-1.31631,10.5848
3.95,-1.19023,11.1706
3.9525,-1.0548,11.4141
3.955,-0.985978,11.7663
3.9575,-0.988937,12.3547
3.96,-0.97342,12.6074
3.9625,-0.985162,12.7283
3.965,-1.03218,12.9542
3.9675,-1.04891,12.8265
3.97,-1.0699,12.6373
3.9725,-1.10889,12.4667
3.975,-1.14502,12.2152
3.9775,-1.17827,11.8154
3.98,-1.23072,11.5284
3.9825,-1.27462,11.1822
3.985,-1.30019,10.8274
3.9875,-1.31493,10.5033
3.99,-1.28937,10.2693
3.9925,-1.21086,9.95855
3.995,-1.07762,9.7568
3.9975,-0.889117,9.55391
4,-0.644748,9.35704
4.0025,-0.521435,9.10459
4.005,-0.586448,8.93941
4.0075,-0.523933,8.85401
4.01,-0.49646,9.00608
4.0125,-0.593265,9.44234
4.015,-0.716747,10.1099
4.0175,-0.891982,10.9359
4.02,-1.07352,12.005
4.0225,-1.24225,13.3048
4.025,-1.34688,14.8164
4.0275,-1.34758,16.2955
4.03,-1.26968,17.8832
4.0325,-1.13799,19.4955
4.035,-0.966952,20.9662
4.0375,-0.758706,22.2591
4.04,-0.613956,23.6286
4.0425,-0.523217,24.5672
4.045,-0.585441,25.4699
4.0475,-0.76932,26.0435
4.05,-1.07642,26.4531
4.0525,-1.44404,26.3151
4.055,-1.867,26.259
4.0575,-2.25267,25.9496
4.06,-2.53376,25.4611
4.0625,-2.72576,25.044
4.065,-2.76605,24.7662
4.0675,-2.57981,23.9974
4.07,-2.31381,23.8518
4.0725,-1.94405,23.7109
4.075,-1.49072,23.36
4.0775,-1.08693,23.3712
4.08,-0.73194,23.4214
4.0825,-0.401011,23.1165
4.085,-0.242193,23.2672
4.0875,-0.215267,23.5241
4.09,-0.245363,23.4351
4.0925,-0.33861,23.4438
4.095,-0.42832,23.1665
4.0975,-0.444923,22.3159
4.1,-0.416222,21.2395
4.1025,-0.3648,20.2438
4.105,-0.256864,18.8878
4.1075,-0.172826,17.7604
4.11,-0.126986,16.8877
4.1125,-0.134302,16.1796
4.115,-0.147194,15.2504
4.1175,-0.28176,15.1215
4.12,-0.404436,14.8464
4.1225,-0.531138,14.7461
4.125,-0.620331,14.9394
4.1275,-0.628812,15.5227
4.13,-0.423483,15.1607
4.1325,-0.162384,15.7856
4.135,0.251395,15.968
4.1375,0.804611,15.4844
4.14,1.35584,15.22
4.1425,1.91759,14.5482
4.145,2.47159,12.8314
4.1475,2.82827,11.5656
4.15,3.01465,10.0633
4.1525,3.01911,8.20784
4.155,2.81668,7.04495
4.1575,2.49431,6.17802
4.16,2.14422,5.36536
4.1625,1.82442,4.95241
4.165,1.52245,5.20191
4.1675,1.38647,5.19345
4.17,1.34965,5.50639
4.1725,1.45259,6.02716
4.175,1.66143,6.46969
4.1775,1.96437,6.31123
4.18,2.26016,7.03037
4.1825,2.53645,7.35553
4.185,2.75796,7.58705
4.1875,2.89515,8.31745
4.19,2.96126,9.24027
4.1925,3.0423,9.07298
4.195,3.06081,10.2074
4.1975,3.08688,10.9069
4.2,3.14798,11.1401
4.2025,3.21017,12.0223
4.205,3.26323,12.7823
4.2075,3.33302,12.64
4.21,3.32346,13.2485
4.2125,3.21763,13.482
4.215,3.00664,13.0545
4.2175,2.71066,12.9588
4.22,2.35536,12.6778
4.2225,2.01124,11.6314
4.225,1.83202,10.8248
4.2275,1.18808,9.88416
4.23,1.4411,9.3189
4.2325,1.33477,8.31128
4.235,1.57092,8.37895
4.2375,1.87544,8.12944
4.24,2.25923,7.87701
4.2425,2.6612,8.66799
4.245,3.01766,9.23211
4.2475,3.26001,9.64188
4.25,3.36447,10.4543
4.2525,3.29773,11.1903
4.255,3.10511,10.3795
4.2575,2.82049,10.4948
4.26,2.438,9.88986
4.2625,2.05146,8.5093
4.265,1.70218,7.8745
4.2675,1.40209,7.16669
4.27,1.18585,5.55605
4.2725,1.09264,5.03269
4.275,1.05058,4.42037
4.2775,1.04305,3.49348
4.28,1.08174,3.21577
4.2825,1.1529,3.05973
4.285,1.2261,2.36569
4.2875,1.32326,2.00265
4.29,1.41576,1.92752
4.2925,1.49236,1.41163
4.295,1.6197,0.97266
4.2975,1.78347,0.722389
4.3,1.96559,0.0373333
4.3025,2.12872,-1.21248
4.305,2.29853,-1.70286
4.3075,2.36159,-2.68822
4.31,2.33072,-3.68615
4.3125,2.2252,-4.12037
4.315,2.01847,-4.18681
4.3175,1.64499,-5.29649
4.32,1.28624,-4.89294
4.3225,0.86626,-4.79065
4.325,0.44208,-5.09657
4.3275,0.158323,-4.46364
4.33,-0.0599104,-3.9761
4.3325,-0.167327,-4.2912
4.335,-0.091419,-3.87952
4.3375,0.0685664,-3.62338
4.34,0.281168,-3.99255
4.3425,0.569662,-3.95714
4.345,0.85275,-4.08924
4.3475,1.06205,-4.86569
4.35,1.21255,-5.60678
4.3525,1.28597,-6.1751
4.355,1.2413,-7.15072
4.3575,1.12652,-7.85967
4.36,0.978173,-8.19467
4.3625,0.771347,-8.56399
4.365,0.527704,-9.09626
4.3675,0.340492,-8.86675
4.37,0.117842,-8.84793
4.3725,-0.0929396,-8.90955
4.375,-0.252723,-8.50042
4.3775,-0.386437,-8.02532
4.38,-0.604437,-8.52044
4.3825,-0.693768,-8.03001
4.385,-0.809475,-7.94759
4.3875,-0.908818,-8.20563
4.39,-0.90652,-7.90141
4.3925,-0.848317,-7.54475
4.395,-0.790867,-7.74262
4.3975,-0.591432,-7.19504
4.4,-0.368218,-6.54907
4.4025,-0.167643,-6.17047
4.405,0.0677208,-5.30714
4.4075,0.235202,-4.42118
4.41,0.2965,-4.01211
4.4125,0.285326,-3.58848
4.415,0.187633,-3.25249
4.4175,-0.0463103,-3.49727
4.42,-0.318983,-3.84721
4.4225,-0.637679,-4.23019
4.425,-0.956424,-4.81136
4.4275,-1.27101,-5.67202
4.43,-1.45318,-6.03301
4.4325,-1.57546,-6.53533
4.435,-1.59263,-6.99395
4.4375,-1.50026,-7.10856
4.44,-1.31641,-7.06681
4.4425,-1.13284,-7.52727
4.445,-0.849322,-7.40142
4.4475,-0.598336,-7.42043
4.45,-0.391329,-7.78816
4.4525,-0.177534,-7.83853
4.455,-0.02416,-7.93869
4.4575,0.0405381,-8.336
4.46,0.0973843,-8.44265
4.4625,0.121771,-8.44578
4.465,0.0973443,-8.6423
4.4675,0.0591705,-8.61274
4.47,0.009264,-8.59231
4.4725,-0.0717143,-8.63515
4.475,-0.167345,-8.68953
4.4775,-0.240005,-8.53169
4.48,-0.355492,-8.60788
4.4825,-0.439711,-8.52605
4.485,-0.510197,-8.41796
4.4875,-0.552145,-8.31541
4.49,-0.565278,-8.27754
4.4925,-0.513656,-8.07057
4.495,-0.414818,-7.96711
4.4975,-0.250908,-7.90993
4.5,-0.0364523,-7.78352
4.5025,0.0651179,-7.6734
4.505,-0.0331362,-7.57136
4.5075,0.00359992,-7.597
4.51,-0.000870885,-7.81216
4.5125,-0.103565,-8.21558
4.515,-0.240815,-8.86752
4.5175,-0.423824,-9.73436
4.52,-0.601554,-10.7774
4.5225,-0.749409,-12.0654
4.525,-0.837886,-13.609
4.5275,-0.826169,-15.099
4.53,-0.728864,-16.7325
4.5325,-0.564242,-18.2599
4.535,-0.381512,-19.6931
4.5375,-0.167603,-20.8368
4.54,-0.0165894,-21.9567
4.5425,0.0760659,-22.4112
4.545,0.00959549,-22.9332
4.5475,-0.168991,-22.9855
4.55,-0.501419,-23.0121
4.5525,-0.880724,-22.468
4.555,-1.32711,-22.1034
4.5575,-1.71881,-21.5092
4.56,-2.03562,-20.8272
4.5625,-2.25548,-20.3408
4.565,-2.32505,-19.9578
4.5675,-2.18575,-19.2276
4.57,-1.96285,-19.1041
4.5725,-1.63861,-19.0221
4.575,-1.25735,-18.7331
4.5775,-0.914393,-18.8208
4.58,-0.63619,-19.0468
4.5825,-0.369765,-18.7924
4.585,-0.261908,-19.0377
4.5875,-0.259514,-19.246
4.59,-0.311991,-19.0722
4.5925,-0.42451,-19.0097
4.595,-0.521747,-18.6945
4.5975,-0.567094,-17.8869
4.6,-0.565614,-16.9716
4.6025,-0.561899,-16.1375
4.605,-0.520869,-15.0738
4.6075,-0.501105,-14.2402
4.61,-0.536058,-13.7537
4.6125,-0.603176,-13.3097
4.615,-0.688287,-12.6258
4.6175,-0.867211,-12.705
4.62,-1.03703,-12.5794
4.6225,-1.15838,-12.3723
4.625,-1.24471,-12.5678
4.6275,-1.22434,-12.8994
4.63,-1.00248,-12.2636
4.6325,-0.718606,-12.5112
4.635,-0.302971,-12.2979
4.6375,0.214799,-11.4075
4.64,0.719863,-10.8756
4.6425,1.19403,-10.0028
4.645,1.60614,-8.30753
4.6475,1.82928,-7.24246
4.65,1.86707,-6.08901
4.6525,1.73081,-4.93378
4.655,1.45479,-4.28625
4.6575,1.07593,-4.23051
4.66,0.745798,-3.81484
4.6625,0.430776,-4.02402
4.665,0.219822,-4.46219
4.6675,0.125361,-4.81441
4.67,0.156357,-5.25449
4.6725,0.302925,-5.93959
4.675,0.557044,-6.432
4.6775,0.869977,-6.40326
4.68,1.1475,-7.09952
4.6825,1.39874,-7.49824
4.685,1.59411,-7.6852
4.6875,1.7132,-8.48173
4.69,1.77715,-9.39426
4.6925,1.86071,-9.22517
4.695,1.90757,-10.3548
4.6975,1.95464,-11.1501
4.7,2.02551,-11.3165
4.7025,2.07866,-12.264
4.705,2.11836,-12.9806
4.7075,2.13773,-12.6906
4.71,2.08273,-13.0891
4.7125,1.92019,-13.1367
4.715,1.66523,-12.4718
4.7175,1.33552,-12.1915
4.72,0.973527,-11.7966
4.7225,0.631637,-10.8154
4.725,0.360636,-10.0466
4.7275,0.175854,-9.72857
4.73,0.118288,-9.16628
4.7325,0.206612,-9.0687
4.735,0.419096,-9.54339
4.7375,0.718574,-10.0855
4.74,1.06968,-10.3693
4.7425,1.40466,-11.6644
4.745,1.62779,-12.5557
4.7475,1.74318,-13.1332
4.75,1.71962,-13.8927
4.7525,1.57662,-14.444
4.755,1.29251,-13.3128
4.7575,1.00527,-13.2667
4.76,0.621751,-12.4412
4.7625,0.274854,-11.0227
4.765,0.00403657,-10.3379
4.7675,-0.214786,-9.59019
4.77,-0.357401,-8.00262
4.7725,-0.393983,-7.45077
4.775,-0.407698,-6.81983
4.7775,-0.405175,-5.80952
4.78,-0.362455,-5.43538
4.7825,-0.325019,-5.15394
4.785,-0.299458,-4.38556
4.7875,-0.239764,-3.82138
4.79,-0.164328,-3.56215
4.7925,-0.078682,-2.77598
4.795,0.05202,-2.04794
4.7975,0.21639,-1.51862
4.8,0.389795,-0.624495
4.8025,0.533974,0.838878
4.805,0.683368,1.50244
4.8075,0.703197,2.57974
4.81,0.615118,3.68125
4.8125,0.415871,4.18169
4.815,0.13311,4.34767
4.8175,-0.305757,5.57871
4.82,-0.662757,5.34491
4.8225,-1.07519,5.44457
4.825,-1.44927,5.92086
4.8275,-1.6616,5.46896
4.83,-1.76751,5.09676
4.8325,-1.79914,5.516
4.835,-1.61931,5.14908
4.8375,-1.38479,4.92913
4.84,-1.12698,5.31258
4.8425,-0.829041,5.28745
4.845,-0.572915,5.44602
4.8475,-0.423793,6.21995
4.85,-0.339421,6.9339
4.8525,-0.326522,7.46427
4.855,-0.444261,8.33051
4.8575,-0.606197,8.94512
4.86,-0.773014,9.08194
4.8625,-0.971829,9.25139
4.865,-1.17543,9.56576
4.8675,-1.3021,9.17317
4.87,-1.45425,8.98672
4.8725,-1.60127,8.97064
4.875,-1.69607,8.51367
4.8775,-1.78819,8.11259
4.88,-1.96201,8.6456
4.8825,-2.01109,8.31848
4.885,-2.09598,8.25207
4.8875,-2.1869,8.6744
4.89,-2.14591,8.35854
4.8925,-2.06358,8.04663
4.895,-1.96676,8.18865
4.8975,-1.73063,7.56518
4.9,-1.48849,6.85417
4.9025,-1.27205,6.38314
4.905,-1.03901,5.51588
4.9075,-0.877536,4.70457
4.91,-0.84611,4.32902
4.9125,-0.907309,4.19062
4.915,-1.05481,4.01424
4.9175,-1.33699,4.57712
4.92,-1.65533,5.13383
4.9225,-1.98316,5.77101
4.925,-2.28602,6.46645
4.9275,-2.56228,7.44277
4.93,-2.68135,7.7973
4.9325,-2.73895,8.19913
4.935,-2.70676,8.60046
4.9375,-2.54138,8.57442
4.94,-2.30921,8.47561
4.9425,-2.10523,8.83376
4.945,-1.81733,8.71056
4.9475,-1.57921,8.71329
4.95,-1.41612,9.10342
4.9525,-1.24891,9.18108
4.955,-1.14296,9.32448
4.9575,-1.11613,9.77227
4.96,-1.07724,9.8901
4.9625,-1.07006,10.0062
4.965,-1.10215,10.254
4.9675,-1.10263,10.3205
4.97,-1.12864,10.3429
4.9725,-1.16573,10.4998
4.975,-1.21075,10.5536
4.9775,-1.23995,10.4914
4.98,-1.29666,10.5293
4.9825,-1.33244,10.4718
4.985,-1.36342,10.359
4.9875,-1.36818,10.2668
4.99,-1.34742,10.2273
4.9925,-1.24677,10.0485
4.995,-1.11096,9.94147
4.9975,-0.912475,9.83254
5,-0.668442,9.68701
5.0025,-0.54489,9.45856
5.005,-0.630899,9.33007
5.0075,-0.5875,9.26724
5.01,-0.602648,9.50109
5.0125,-0.734202,9.98356
5.015,-0.894194,10.6576
5.0175,-1.12312,11.5798
5.02,-1.33875,12.6795
5.0225,-1.53291,14.1082
5.025,-1.66764,15.7862
5.0275,-1.7068,17.4772
5.03,-1.66289,19.3134
5.0325,-1.56259,21.2272
5.035,-1.38971,22.8879
5.0375,-1.2111,24.4097
5.04,-1.04934,25.7335
5.0425,-0.951314,26.6308
5.045,-0.973474,27.1629
5.0475,-1.13301,27.4677
5.05,-1.39331,27.4458
5.0525,-1.72,26.9973
5.055,-2.12018,26.5879
5.0575,-2.47936,25.9625
5.06,-2.74818,25.1706
5.0625,-2.92136,24.4902
5.065,-2.95154,23.8875
5.0675,-2.75635,22.8766
5.07,-2.49795,22.4463
5.0725,-2.13695,21.9959
5.075,-1.68631,21.3605
5.0775,-1.2793,21.0774
5.08,-0.920879,20.898
5.0825,-0.594483,20.4113
5.085,-0.420947,20.4023
5.0875,-0.368485,20.5787
5.09,-0.37402,20.4742
5.0925,-0.441612,20.5416
5.095,-0.493414,20.3603
5.0975,-0.462433,19.4628
5.1,-0.390784,18.3266
5.1025,-0.304065,17.168
5.105,-0.168535,15.6375
5.1075,-0.0657014,14.3518
5.11,-0.0136398,13.4328
5.1125,-0.019674,12.7205
5.115,-0.0518278,11.8523
5.1175,-0.200652,11.7941
5.12,-0.342012,11.5868
5.1225,-0.459315,11.4346
5.125,-0.545867,11.598
5.1275,-0.531606,11.8987
5.13,-0.271019,11.1888
5.1325,0.05327,11.2995
5.135,0.543743,10.9553
5.1375,1.16709,9.85972
5.14,1.76777,9.16718
5.1425,2.36841,8.14385
5.145,2.93574,6.26756
5.1475,3.28759,5.00481
5.15,3.45623,3.73421
5.1525,3.44111,2.25363
5.155,3.23396,1.58163
5.1575,2.9201,1.35969
5.16,2.59428,1.12699
5.1625,2.29854,1.36074
5.165,2.05616,2.14044
5.1675,1.95041,2.6204
5.17,1.95182,3.33309
5.1725,2.06941,4.19704
5.175,2.29434,4.84678
5.1775,2.60067,4.9138
5.18,2.86925,5.68991
5.1825,3.12644,6.0067
5.185,3.3422,6.22283
5.1875,3.46265,6.89321
5.19,3.53283,7.81721
5.1925,3.62362,7.62931
5.195,3.66207,8.9137
5.1975,3.70593,9.78447
5.2,3.77214,10.204
5.2025,3.80352,11.314
5.205,3.8351,12.3554
5.2075,3.8692,12.3379
5.21,3.79829,12.9813
5.2125,3.59628,13.2936
5.215,3.2817,12.8522
5.2175,2.87255,12.8035
5.22,2.40383,12.4931
5.2225,2.07324,11.6725
5.225,1.25993,10.4664
5.2275,1.3242,10.4815
5.23,1.00855,9.19502
5.2325,1.06027,9.0535
5.235,1.20013,8.97195
5.2375,1.46799,9.24709
5.24,1.82604,9.15535
5.2425,2.20944,10.2666
5.245,2.51929,11.0228
5.2475,2.72232,11.5726
5.25,2.76418,12.4537
5.2525,2.67639,13.0833
5.255,2.46841,11.9697
5.2575,2.21037,11.7801
5.26,1.86254,10.722
5.2625,1.49221,8.78574
5.265,1.18495,7.69179
5.2675,0.922522,6.38775
5.27,0.711827,4.3914
5.2725,0.594767,3.38728
5.275,0.497745,2.42246
5.2775,0.414827,1.11814
5.28,0.378926,0.518105
5.2825,0.333905,0.0651837
5.285,0.308379,-0.888586
5.2875,0.303837,-1.57427
5.29,0.349249,-1.91043
5.2925,0.392836,-2.77681
5.295,0.503047,-3.48691
5.2975,0.662762,-4.06444
5.3,0.841614,-4.98789
5.3025,1.00779,-6.47038
5.305,1.1807,-7.15713
5.3075,1.24278,-8.26523
5.31,1.18453,-9.36895
5.3125,1.04198,-9.75859
5.315,0.791574,-9.76208
5.3175,0.398693,-10.7242
5.32,0.0537201,-10.1297
5.3225,-0.350134,-9.77903
5.325,-0.742748,-9.80379
5.3275,-0.979482,-8.97997
5.33,-1.10824,-8.18915
5.3325,-1.15871,-8.34804
5.335,-1.01447,-7.78335
5.3375,-0.779313,-7.43685
5.34,-0.532558,-7.74574
5.3425,-0.221591,-7.70051
5.345,0.0655908,-7.80667
5.3475,0.265286,-8.54126
5.35,0.412228,-9.16623
5.3525,0.492664,-9.51383
5.355,0.447408,-10.1138
5.3575,0.355867,-10.3497
5.36,0.234798,-10.0889
5.3625,0.082629,-9.7536
5.365,-0.101573,-9.62347
5.3675,-0.221877,-8.69923
5.37,-0.384036,-8.11183
5.3725,-0.563211,-7.6979
5.375,-0.712627,-6.99702
5.3775,-0.860519,-6.32743
5.38,-1.09952,-6.74132
5.3825,-1.20667,-6.28664
5.385,-1.34923,-6.21052
5.3875,-1.48266,-6.61144
5.39,-1.48689,-6.35019
5.3925,-1.41944,-6.08194
5.395,-1.33992,-6.29821
5.3975,-1.10602,-5.7791
5.4,-0.829189,-5.10639
5.4025,-0.577547,-4.71507
5.405,-0.298017,-3.82037
5.4075,-0.0819834,-2.97867
5.41,0.00514996,-2.60246
5.4125,0.0172851,-2.38394
5.415,-0.0846063,-2.32352
5.4175,-0.298508,-2.90525
5.42,-0.576342,-3.7026
5.4225,-0.862597,-4.52722
5.425,-1.16282,-5.57173
5.4275,-1.42004,-6.80741
5.43,-1.55148,-7.51789
5.4325,-1.61307,-8.24142
5.435,-1.60606,-8.92375
5.4375,-1.46693,-9.17363
5.44,-1.2556,-9.25795
5.4425,-1.06032,-9.806
5.445,-0.773976,-9.78333
5.4475,-0.529811,-9.89414
5.45,-0.338227,-10.3149
5.4525,-0.141948,-10.4202
5.455,0.00293643,-10.5634
5.4575,0.0611519,-11.033
5.46,0.144632,-11.1762
5.4625,0.187855,-11.3441
5.465,0.19968,-11.6673
5.4675,0.193788,-11.8702
5.47,0.183366,-11.9635
5.4725,0.116801,-12.2551
5.475,0.0417646,-12.3573
5.4775,-0.0486904,-12.3674
5.48,-0.148494,-12.3656
5.4825,-0.265193,-12.3045
5.485,-0.346454,-12.0871
5.4875,-0.415649,-11.9003
5.49,-0.441305,-11.7327
5.4925,-0.402795,-11.4577
5.495,-0.300516,-11.2569
5.4975,-0.151849,-11.086
5.5,0.0651107,-10.9502
5.5025,0.162971,-10.7503
5.505,0.0693589,-10.6618
5.5075,0.100928,-10.7046
5.51,0.101478,-10.8898
5.5125,-0.0422977,-11.5086
5.515,-0.200418,-12.2542
5.5175,-0.444928,-13.412
5.52,-0.686304,-14.6558
5.5225,-0.929185,-16.4166
5.525,-1.11622,-18.3354
5.5275,-1.19769,-20.277
5.53,-1.17303,-22.1885
5.5325,-1.08314,-23.9933
5.535,-0.926628,-25.4028
5.5375,-0.733764,-26.3619
5.54,-0.544089,-27.0186
5.5425,-0.422261,-27.0921
5.545,-0.418728,-26.808
5.5475,-0.564317,-26.2578
5.55,-0.831923,-25.4797
5.5525,-1.19825,-24.4111
5.555,-1.62352,-23.4733
5.5575,-2.02324,-22.5007
5.56,-2.33379,-21.446
5.5625,-2.5568,-20.67
5.565,-2.63479,-20.0794
5.5675,-2.48991,-19.1677
5.57,-2.25771,-18.937
5.5725,-1.92405,-18.7442
5.575,-1.52083,-18.4681
5.5775,-1.15231,-18.5091
5.58,-0.841592,-18.7812
5.5825,-0.564745,-18.519
5.585,-0.433992,-18.7445
5.5875,-0.414917,-18.8903
5.59,-0.44881,-18.5792
5.5925,-0.552127,-18.2311
5.595,-0.643714,-17.5047
5.5975,-0.673181,-16.1785
5.6,-0.65873,-14.6442
5.6025,-0.638748,-13.3223
5.605,-0.592253,-11.8053
5.6075,-0.567732,-10.6782
5.61,-0.594007,-10.0046
5.6125,-0.653452,-9.52503
5.615,-0.731193,-8.88277
5.6175,-0.900278,-9.02288
5.62,-1.03476,-8.90166
5.6225,-1.13913,-8.67525
5.625,-1.18838,-8.75308
5.6275,-1.1468,-8.86001
5.63,-0.881219,-7.9836
5.6325,-0.548426,-7.9002
5.635,-0.095504,-7.40323
5.6375,0.469602,-6.31861
5.64,1.00347,-5.6744
5.6425,1.49491,-4.90106
5.645,1.93188,-3.45639
5.6475,2.1568,-2.88165
5.65,2.19331,-2.48359
5.6525,2.06525,-2.00968
5.655,1.76098,-2.43007
5.6575,1.3624,-3.20796
5.66,0.975869,-3.77183
5.6625,0.62394,-4.62342
5.665,0.347553,-5.75625
5.6675,0.200746,-6.4178
5.67,0.183755,-7.15374
5.6725,0.257191,-7.94108
5.675,0.426096,-8.37237
5.6775,0.679611,-8.23045
5.68,0.903108,-8.78048
5.6825,1.09539,-8.94322
5.685,1.23317,-8.98372
5.6875,1.30665,-9.61609
5.69,1.32906,-10.5216
5.6925,1.35717,-10.4034
5.695,1.36078,-11.7372
5.6975,1.34883,-12.6666
5.7,1.37476,-13.0234
5.7025,1.37034,-14.0422
5.705,1.34241,-14.7545
5.7075,1.30538,-14.3958
5.71,1.17519,-14.6747
5.7125,0.948542,-14.5746
5.715,0.632426,-13.7966
5.7175,0.258341,-13.3683
5.72,-0.140977,-12.896
5.7225,-0.48483,-11.8266
5.725,-0.753678,-11.0614
5.7275,-0.923897,-10.7769
5.73,-0.93502,-10.3075
5.7325,-0.803287,-10.4459
5.735,-0.537761,-11.1209
5.7375,-0.191106,-11.9313
5.74,0.218927,-12.4911
5.7425,0.614716,-14.0251
5.745,0.903942,-15.0974
5.7475,1.0771,-15.7033
5.75,1.12214,-16.3234
5.7525,1.03768,-16.5028
5.755,0.835695,-14.908
5.7575,0.597322,-14.1924
5.76,0.288602,-12.7747
5.7625,-0.0125889,-10.6528
5.765,-0.241411,-9.53248
5.7675,-0.429134,-8.3887
5.77,-0.555884,-6.61591
5.7725,-0.582187,-5.94572
5.775,-0.596504,-5.35874
5.7775,-0.596773,-4.39735
5.78,-0.557943,-4.10648
5.7825,-0.522997,-3.92883
5.785,-0.494001,-3.18023
5.7875,-0.427872,-2.6532
5.79,-0.33702,-2.40757
5.7925,-0.255356,-1.59004
5.795,-0.113886,-0.870827
5.7975,0.0625092,-0.214318
5.8,0.245979,0.766594
5.8025,0.396457,2.32751
5.805,0.55476,3.11205
5.8075,0.570902,4.31737
5.81,0.459562,5.53228
5.8125,0.249838,6.08293
5.815,-0.0709557,6.33887
5.8175,-0.547718,7.60271
5.82,-0.937725,7.44089
5.8225,-1.38323,7.62595
5.825,-1.79788,8.20496
5.8275,-2.03707,7.90217
5.83,-2.17008,7.71665
5.8325,-2.22354,8.36071
5.835,-2.05625,8.26783
5.8375,-1.83488,8.38209
5.84,-1.60324,9.04681
5.8425,-1.30847,9.31418
5.845,-1.0544,9.67451
5.8475,-0.917764,10.6003
5.85,-0.840103,11.3696
5.8525,-0.833255,11.803
5.855,-0.962831,12.5121
5.8575,-1.12345,12.8103
5.86,-1.29987,12.709
5.8625,-1.50536,12.5674
5.865,-1.73485,12.6601
5.8675,-1.86341,12.0205
5.87,-2.04347,11.7273
5.8725,-2.21406,11.5837
5.875,-2.33261,11.1158
5.8775,-2.45369,10.6657
5.88,-2.68405,11.22
5.8825,-2.76021,10.9166
5.885,-2.8876,10.962
5.8875,-3.02562,11.4831
5.89,-3.00995,11.3099
5.8925,-2.95764,11.1008
5.895,-2.89602,11.3334
5.8975,-2.65805,10.778
5.9,-2.40665,10.0903
5.9025,-2.18534,9.60353
5.905,-1.9345,8.71348
5.9075,-1.75013,7.85128
5.91,-1.72127,7.53861
5.9125,-1.78365,7.36971
5.915,-1.95049,7.37765
5.9175,-2.26842,7.97605
5.92,-2.63255,8.75249
5.9225,-3.00477,9.44799
5.925,-3.3736,10.2751
5.9275,-3.70189,11.1794
5.93,-3.86993,11.5407
5.9325,-3.97383,11.865
5.935,-3.96857,12.0843
5.9375,-3.83618,11.9445
5.94,-3.61324,11.6276
5.9425,-3.4376,11.8404
5.945,-3.14025,11.5272
5.9475,-2.9114,11.4401
5.95,-2.75843,11.7121
5.9525,-2.60693,11.777
5.955,-2.51241,11.9067
5.9575,-2.51336,12.4164
5.96,-2.48093,12.6014
5.9625,-2.48543,12.7731
5.965,-2.52965,13.0979
5.9675,-2.54811,13.2342
5.97,-2.56957,13.2826
5.9725,-2.62245,13.464
5.975,-2.64927,13.5362
5.9775,-2.67747,13.5005
5.98,-2.71455,13.4541
5.9825,-2.75894,13.3766
5.985,-2.75882,13.1824
5.9875,-2.76021,13.0418
5.99,-2.70504,12.9121
5.9925,-2.59348,12.6948
5.995,-2.4237,12.5201
5.9975,-2.20516,12.386
6,-1.92707,12.2173
6.0025,-1.77709,11.9929
6.005,-1.83605,11.8431
6.0075,-1.77393,11.8057
6.01,-1.78329,12.1167
6.0125,-1.91016,12.7119
6.015,-2.10991,13.6808
6.0175,-2.35595,14.7399
6.02,-2.63272,16.2566
6.0225,-2.89032,17.8734
6.025,-3.10863,19.867
6.0275,-3.22247,21.7469
6.03,-3.25953,23.8127
6.0325,-3.23272,25.8379
6.035,-3.14745,27.6853
6.0375,-3.03444,29.3454
6.04,-2.94006,30.8564
6.0425,-2.87686,31.9012
6.045,-2.90076,32.6268
6.0475,-3.05042,33.0904
6.05,-3.29417,33.2393
6.0525,-3.58232,32.8852
6.055,-3.93718,32.5607
6.0575,-4.24212,31.9256
6.06,-4.46426,31.1256
6.0625,-4.59437,30.3321
6.065,-4.58879,29.6249
6.0675,-4.3477,28.4417
6.07,-4.05639,27.7806
6.0725,-3.6669,27.1713
6.075,-3.18352,26.4078
6.0775,-2.74357,26.0123
6.08,-2.34543,25.7902
6.0825,-1.94514,25.2536
6.085,-1.71805,25.2008
6.0875,-1.61252,25.25
6.09,-1.56245,25.074
6.0925,-1.56808,24.9138
6.095,-1.56952,24.5295
6.0975,-1.46947,23.3848
6.1,-1.34648,21.9635
6.1025,-1.20236,20.5111
6.105,-1.00121,18.7487
6.1075,-0.804776,17.2156
6.11,-0.684732,16.1355
6.1125,-0.601815,15.2022
6.115,-0.553499,14.1914
6.1175,-0.639789,13.9687
6.12,-0.725744,13.6945
6.1225,-0.783956,13.4695
6.125,-0.845808,13.583
6.1275,-0.819125,13.9786
6.13,-0.531081,13.2467
6.1325,-0.219621,13.4989
6.135,0.292738,13.185
6.1375,0.948693,12.1844
6.14,1.59955,11.3763
6.1425,2.26869,10.2844
6.145,2.97367,8.14423
6.1475,3.46124,6.65427
6.15,3.76855,5.05637
6.1525,3.89347,3.32769
6.155,3.78361,2.49383
6.1575,3.54395,2.20601
6.16,3.2866,1.98512
6.1625,3.00656,2.41713
6.165,2.74934,3.37013
6.1675,2.59643,4.06947
6.17,2.57082,4.90357
6.1725,2.65352,5.92209
6.175,2.84048,6.56563
6.1775,3.10853,6.62493
6.18,3.36595,7.31349
6.1825,3.58323,7.70791
6.185,3.75793,7.8744
6.1875,3.83744,8.60491
6.19,3.85599,9.61799
6.1925,3.89573,9.5753
6.195,3.87885,10.9145
6.1975,3.86216,11.842
6.2,3.87485,12.3083
6.2025,3.8496,13.5265
6.205,3.82084,14.4992
6.2075,3.7966,14.4658
6.21,3.66444,15.189
6.2125,3.40131,15.5165
6.215,3.09282,15.1283
6.2175,2.6437,14.9667
6.22,2.15947,14.5199
6.2225,1.68183,13.3158
6.225,1.2424,12.1161
6.2275,0.899754,11.1302
6.23,0.707633,9.80384
6.2325,0.843785,8.91046
6.235,0.6173,8.24681
6.2375,1.24516,8.32404
6.24,1.51976,7.59966
6.2425,1.98293,8.68192
6.245,2.34802,9.22215
6.2475,2.6249,9.79766
6.25,2.75902,10.6947
6.2525,2.76001,11.3032
6.255,2.61994,10.2172
6.2575,2.39453,9.9853
6.26,2.04451,8.88024
6.2625,1.67821,6.99273
6.265,1.36775,5.93228
6.2675,1.09931,4.80296
6.27,0.900615,2.94448
6.2725,0.778364,2.20651
6.275,0.682415,1.49908
6.2775,0.635137,0.51895
6.28,0.626823,0.163507
6.2825,0.612967,-0.0344746
6.285,0.601983,-0.62695
6.2875,0.599568,-0.954839
6.29,0.631355,-0.986353
6.2925,0.665527,-1.40963
6.295,0.760608,-1.72807
6.2975,0.908579,-1.84862
6.3,1.07525,-2.47837
6.3025,1.23862,-3.66615
6.305,1.44302,-4.2161
6.3075,1.52326,-5.26484
6.31,1.50996,-6.32131
6.3125,1.40207,-6.78337
6.315,1.1754,-6.80421
6.3175,0.773506,-7.79242
6.32,0.39278,-7.18144
6.3225,-0.0767179,-6.90897
6.325,-0.552509,-6.9589
6.3275,-0.890068,-6.19621
6.33,-1.13354,-5.53505
6.3325,-1.2861,-5.78357
6.335,-1.23781,-5.29703
6.3375,-1.08263,-5.01442
6.34,-0.883902,-5.35186
6.3425,-0.586287,-5.29023
6.345,-0.289372,-5.36479
6.3475,-0.084915,-6.06763
6.35,0.0789239,-6.65961
6.3525,0.172675,-6.99256
6.355,0.138828,-7.67538
6.3575,0.0510098,-8.1243
6.36,-0.0740559,-8.07372
6.3625,-0.247733,-8.0888
6.365,-0.470082,-8.26223
6.3675,-0.605221,-7.72547
6.37,-0.773305,-7.42617
6.3725,-0.949405,-7.39063
6.375,-1.06742,-6.90346
6.3775,-1.19177,-6.5665
6.38,-1.39561,-7.15591
6.3825,-1.48504,-7.01001
6.385,-1.58767,-7.18125
6.3875,-1.72641,-7.87358
6.39,-1.72497,-7.94595
6.3925,-1.67653,-7.98187
6.395,-1.6202,-8.62573
6.3975,-1.38516,-8.3994
6.4,-1.12624,-8.14391
6.4025,-0.874828,-8.01061
6.405,-0.583052,-7.45841
6.4075,-0.331783,-6.80097
6.41,-0.214956,-6.65707
6.4125,-0.171751,-6.52138
6.415,-0.226867,-6.50383
6.4175,-0.450598,-7.13187
6.42,-0.738303,-7.88489
6.4225,-1.065,-8.67252
6.425,-1.41163,-9.62913
6.4275,-1.74833,-10.7597
6.43,-1.95328,-11.3387
6.4325,-2.08823,-11.8967
6.435,-2.14307,-12.3946
6.4375,-2.05565,-12.4553
6.44,-1.88775,-12.3819
6.4425,-1.7152,-12.7306
6.445,-1.44991,-12.5757
6.4475,-1.19052,-12.5235
6.45,-0.998266,-12.8765
6.4525,-0.788317,-12.9116
6.455,-0.649941,-13.0294
6.4575,-0.591364,-13.4552
6.46,-0.532727,-13.5553
6.4625,-0.496596,-13.6003
6.465,-0.52499,-13.8094
6.4675,-0.530351,-13.7409
6.47,-0.551325,-13.6346
6.4725,-0.612131,-13.6247
6.475,-0.668131,-13.5022
6.4775,-0.732278,-13.2344
6.48,-0.826342,-13.0546
6.4825,-0.921861,-12.7834
6.485,-0.998195,-12.4299
6.4875,-1.07473,-12.1193
6.49,-1.122,-11.8445
6.4925,-1.1028,-11.4847
6.495,-1.03675,-11.2154
6.4975,-0.912744,-10.9815
6.5,-0.726949,-10.7561
6.5025,-0.6507,-10.5057
6.505,-0.747574,-10.3146
6.5075,-0.722628,-10.363
6.51,-0.708502,-10.3717
6.5125,-0.825037,-11.0202
6.515,-0.940996,-11.6204
6.5175,-1.14801,-12.7703
6.52,-1.31883,-13.8774
6.5225,-1.49883,-15.5065
6.525,-1.59559,-17.1491
6.5275,-1.61635,-18.7976
6.53,-1.52127,-20.3081
6.5325,-1.37625,-21.6487
6.535,-1.15784,-22.5397
6.5375,-0.931712,-23.1479
6.54,-0.727305,-23.5171
6.5425,-0.599848,-23.4418
6.545,-0.612886,-23.3547
6.5475,-0.7761,-23.0788
6.55,-1.09515,-22.7748
6.5525,-1.48167,-22.1479
6.555,-1.94351,-21.7523
6.5575,-2.36625,-21.2148
6.56,-2.68972,-20.5929
6.5625,-2.91678,-20.0941
6.565,-2.99176,-19.7791
6.5675,-2.84555,-18.9864
6.57,-2.6121,-18.8214
6.5725,-2.26695,-18.7175
6.575,-1.84117,-18.4561
6.5775,-1.46098,-18.5728
6.58,-1.13093,-18.8633
6.5825,-0.829828,-18.7846
6.585,-0.69234,-19.1378
6.5875,-0.684,-19.5098
6.59,-0.710523,-19.3173
6.5925,-0.850473,-19.2241
6.595,-0.945358,-18.6288
6.5975,-1.02887,-17.6299
6.6,-1.02551,-16.2127
6.6025,-1.07897,-15.4221
6.605,-1.04256,-14.1035
6.6075,-1.06279,-13.4538
6.61,-1.09504,-12.9892
6.6125,-1.16684,-12.8027
6.615,-1.22968,-12.2655
6.6175,-1.37858,-12.4618
6.62,-1.50158,-12.4152
6.6225,-1.58178,-12.2981
6.625,-1.62079,-12.496
6.6275,-1.57206,-12.7972
6.63,-1.31776,-12.2071
6.6325,-1.02534,-12.4425
6.635,-0.617294,-12.426
6.6375,-0.097748,-11.7289
6.64,0.387469,-11.5356
6.6425,0.841804,-11.0867
6.645,1.26114,-9.83333
6.6475,1.47672,-9.2054
6.65,1.51278,-8.70495
6.6525,1.38728,-7.88901
6.655,1.08174,-8.01869
6.6575,0.689768,-8.27703
6.66,0.327371,-8.48811
6.6625,-0.0108003,-8.8385
6.665,-0.274807,-9.63425
6.6675,-0.381339,-9.94318
6.67,-0.363737,-10.3886
6.6725,-0.231666,-10.8255
6.675,0.0242107,-11.1112
6.6775,0.35828,-10.7256
6.68,0.661136,-11.2578
6.6825,0.952435,-11.3362
6.685,1.1683,-11.5517
6.6875,1.2918,-12.2127
6.69,1.34057,-13.2693
6.6925,1.41976,-13.1464
6.695,1.42783,-14.3968
6.6975,1.37563,-15.1899
6.7,1.37398,-15.3093
6.7025,1.48737,-16.0156
6.705,1.36046,-16.5818
6.7075,1.38857,-15.9811
6.71,1.28631,-16.2231
6.7125,1.11185,-16.0474
6.715,0.866548,-15.2593
6.7175,0.559194,-14.9171
6.72,0.219313,-14.4278
6.7225,-0.0855876,-13.3944
6.725,-0.31736,-12.5006
6.7275,-0.470055,-12.0588
6.73,-0.477478,-11.3918
6.7325,-0.347719,-11.193
6.735,-0.106008,-11.5401
6.7375,0.242555,-11.9646
6.74,0.643468,-12.0797
6.7425,1.03617,-13.1799
6.745,1.34666,-13.8064
6.7475,1.547,-14.0209
6.75,1.60746,-14.3261
6.7525,1.52275,-14.3393
6.755,1.3161,-12.6653
6.7575,1.04214,-12.0563
6.76,0.668421,-10.8376
6.7625,0.3138,-9.05433
6.765,0.00495575,-8.24577
6.7675,-0.239136,-7.43545
6.77,-0.412471,-5.92676
6.7725,-0.471136,-5.46592
6.775,-0.492364,-5.02983
6.7775,-0.46284,-4.18097
6.78,-0.399007,-4.02062
6.7825,-0.320543,-3.91157
6.785,-0.260019,-3.30474
6.7875,-0.165373,-2.84129
6.79,-0.0596755,-2.7443
6.7925,0.0370239,-2.0172
6.795,0.167537,-1.44772
6.7975,0.331106,-0.945316
6.8,0.483162,-0.0890656
6.8025,0.633989,1.38329
6.805,0.763677,1.97824
6.8075,0.793788,3.04428
6.81,0.717953,4.00245
6.8125,0.54265,4.41844
6.815,0.269256,4.44437
6.8175,-0.156895,5.55448
6.82,-0.516584,5.2399
6.8225,-0.92699,5.30115
6.825,-1.31168,5.78561
6.8275,-1.53672,5.38841
6.83,-1.67116,5.15921
6.8325,-1.71253,5.69507
6.835,-1.54623,5.44133
6.8375,-1.29882,5.30843
6.84,-1.03275,5.72253
6.8425,-0.692201,5.62795
6.845,-0.399285,5.63137
6.8475,-0.197189,6.17476
6.85,-0.067191,6.6313
6.8525,-0.0215552,6.81097
6.855,-0.121789,7.36433
6.8575,-0.287206,7.6714
6.86,-0.48356,7.67532
6.8625,-0.716384,7.70596
6.865,-0.991696,8.10349
6.8675,-1.17769,7.73268
6.87,-1.39607,7.73967
6.8725,-1.59857,7.82663
6.875,-1.73817,7.58461
6.8775,-1.85028,7.30188
6.88,-2.04561,8.01092
6.8825,-2.09507,7.81234
6.885,-2.18356,7.96196
6.8875,-2.27333,8.49851
6.89,-2.22783,8.45546
6.8925,-2.14768,8.31529
6.895,-2.06001,8.73283
6.8975,-1.8306,8.30656
6.9,-1.58606,7.84199
6.9025,-1.38591,7.5714
6.905,-1.15843,6.94403
6.9075,-1.00444,6.33126
6.91,-0.980782,6.24961
6.9125,-1.05076,6.2973
6.915,-1.209,6.41043
6.9175,-1.50698,7.08835
6.92,-1.84567,7.80037
6.9225,-2.19404,8.47775
6.925,-2.53643,9.20613
6.9275,-2.84029,10.0841
6.93,-2.99813,10.3871
6.9325,-3.07582,10.7078
6.935,-3.06967,11.0232
6.9375,-2.91111,10.9506
6.94,-2.68453,10.7877
6.9425,-2.46769,11.12
6.945,-2.16853,10.977
6.9475,-1.90789,11.0229
6.95,-1.72856,11.4673
6.9525,-1.54007,11.6593
6.955,-1.42932,11.9171
6.9575,-1.40698,12.5394
6.96,-1.38071,12.8233
6.9625,-1.39315,13.0733
6.965,-1.45195,13.4377
6.9675,-1.4814,13.5352
6.97,-1.52388,13.555
6.9725,-1.57084,13.6259
6.975,-1.60789,13.57
6.9775,-1.6255,13.3472
6.98,-1.64644,13.1947
6.9825,-1.64026,12.9538
6.985,-1.62341,12.66
6.9875,-1.57365,12.3824
6.99,-1.50395,12.2332
6.9925,-1.35808,11.9671
6.995,-1.18843,11.8249
6.9975,-0.958144,11.7044
7,-0.68646,11.6006
7.0025,-0.538071,11.4523
7.005,-0.601995,11.387
7.0075,-0.54842,11.4312
7.01,-0.542475,11.7096
7.0125,-0.677856,12.3846
7.015,-0.839339,13.1237
7.0175,-1.09137,14.2666
7.02,-1.32137,15.4591
7.0225,-1.54763,16.9492
7.025,-1.70487,18.6269
7.0275,-1.77486,20.2566
7.03,-1.74607,21.9636
7.0325,-1.66806,23.6357
7.035,-1.52394,25.1151
7.0375,-1.34398,26.3446
7.04,-1.20172,27.5398
7.0425,-1.0865,28.3142
7.045,-1.08599,28.8852
7.0475,-1.22158,29.2612
7.05,-1.46748,29.3775
7.0525,-1.76691,29.0306
7.055,-2.14221,28.75
7.0575,-2.4979,28.1963
7.06,-2.78473,27.4417
7.0625,-2.9884,26.7702
7.065,-3.05445,26.1152
7.0675,-2.89727,25.0302
7.07,-2.71485,24.5095
7.0725,-2.42105,23.9649
7.075,-2.02781,23.1931
7.0775,-1.66859,22.7559
7.08,-1.34108,22.4712
7.0825,-1.01776,21.7594
7.085,-0.823988,21.5254
7.0875,-0.742023,21.4144
7.09,-0.705478,21.0698
7.0925,-0.734597,20.8852
7.095,-0.761763,20.5878
7.0975,-0.706018,19.7012
7.1,-0.639356,18.6794
7.1025,-0.549642,17.6582
7.105,-0.429086,16.3742
7.1075,-0.332159,15.2657
7.11,-0.299558,14.4989
7.1125,-0.306925,13.819
7.115,-0.326142,12.948
7.1175,-0.477256,12.8115
7.12,-0.607937,12.5261
7.1225,-0.703687,12.2603
7.125,-0.774604,12.3451
7.1275,-0.747511,12.6013
7.13,-0.482654,11.893
7.1325,-0.172052,12.1338
7.135,0.288075,12.015
7.1375,0.881105,11.2401
7.14,1.45025,10.9341
7.1425,2.0159,10.3262
7.145,2.56634,8.86797
7.1475,2.90322,7.99773
7.15,3.06084,7.06864
7.1525,3.06542,5.82928
7.155,2.84762,5.36851
7.1575,2.51177,5.33471
7.16,2.17767,5.18165
7.1625,1.85509,5.4663
7.165,1.53566,6.21403
7.1675,1.34903,6.63731
7.17,1.26087,7.2217
7.1725,1.29108,7.97841
7.175,1.41369,8.57428
7.1775,1.62626,8.61557
7.18,1.78926,9.53513
7.1825,1.94777,10.0281
7.185,2.07145,10.4865
7.1875,2.10081,11.4227
7.19,2.07682,12.5478
7.1925,2.10876,12.4652
7.195,2.05637,13.719
7.1975,2.04459,14.4612
7.2,2.07297,14.5561
7.2025,2.08251,15.3773
7.205,2.09759,16.0122
7.2075,2.11615,15.7167
7.21,2.07785,16.198
7.2125,1.93719,16.4039
7.215,1.70328,15.9413
7.2175,1.40158,15.8495
7.22,1.0436,15.5787
7.2225,0.714538,14.5612
7.225,0.422794,13.6092
7.2275,0.232616,12.9674
7.23,0.157027,11.9707
7.2325,0.237196,11.3451
7.235,0.43346,11.2145
7.2375,0.758343,11.1872
7.24,1.38148,11.0245
7.2425,1.21586,11.5774
7.245,2.04536,12.7126
7.2475,2.09957,12.7221
7.25,2.26202,13.9207
7.2525,2.20873,14.4889
7.255,2.05603,13.6966
7.2575,1.8145,13.8212
7.26,1.51592,13.2747
7.2625,1.21225,11.88
7.265,0.930743,11.2467
7.2675,0.687621,10.4207
7.27,0.51784,8.7417
7.2725,0.433798,7.98162
7.275,0.393982,7.17934
7.2775,0.373031,5.93057
7.28,0.37411,5.37381
7.2825,0.378255,5.01741
7.285,0.393899,4.12437
7.2875,0.44284,3.59909
7.29,0.512739,3.36217
7.2925,0.597837,2.73377
7.295,0.730716,2.21307
7.2975,0.903916,1.79481
7.3,1.10319,0.994767
7.3025,1.30573,-0.484214
7.305,1.50569,-1.25042
7.3075,1.60169,-2.52559
7.31,1.59803,-3.86221
7.3125,1.49523,-4.56751
7.315,1.27162,-4.85875
7.3175,0.900365,-6.08665
7.32,0.537294,-5.74958
7.3225,0.103377,-5.66384
7.325,-0.306806,-5.92138
7.3275,-0.5926,-5.29174
7.33,-0.786625,-4.72973
7.3325,-0.890309,-4.98497
7.335,-0.799532,-4.5009
7.3375,-0.622901,-4.15843
7.34,-0.397992,-4.40531
7.3425,-0.102137,-4.20111
7.345,0.172257,-4.18197
7.3475,0.382385,-4.7986
7.35,0.548455,-5.37696
7.3525,0.645083,-5.75502
7.355,0.623739,-6.59021
7.3575,0.549771,-7.14168
7.36,0.438278,-7.3709
7.3625,0.290505,-7.53603
7.365,0.115209,-7.92693
7.3675,-0.00810679,-7.48895
7.37,-0.17664,-7.30625
7.3725,-0.346735,-7.20778
7.375,-0.495058,-6.74993
7.3775,-0.633226,-6.26143
7.38,-0.856344,-6.79069
7.3825,-0.967872,-6.42113
7.385,-1.11357,-6.43417
7.3875,-1.25669,-6.91776
7.39,-1.27091,-6.74655
7.3925,-1.23934,-6.60268
7.395,-1.17275,-6.93828
7.3975,-0.972824,-6.53643
7.4,-0.732503,-5.97853
7.4025,-0.504512,-5.68567
7.405,-0.237717,-4.87014
7.4075,-0.0302808,-4.02332
7.41,0.0704842,-3.60965
7.4125,0.0893141,-3.22503
7.415,0.00851038,-2.94307
7.4175,-0.210478,-3.21413
7.42,-0.488239,-3.6565
7.4225,-0.796844,-4.12669
7.425,-1.11415,-4.84253
7.4275,-1.42257,-5.79378
7.43,-1.60992,-6.27597
7.4325,-1.73947,-6.84897
7.435,-1.78131,-7.43144
7.4375,-1.70368,-7.63674
7.44,-1.5479,-7.69772
7.4425,-1.39281,-8.22423
7.445,-1.13799,-8.21225
7.4475,-0.91702,-8.33407
7.45,-0.737914,-8.79351
7.4525,-0.552612,-8.92223
7.455,-0.417584,-9.11022
7.4575,-0.34677,-9.56553
7.46,-0.268023,-9.69418
7.4625,-0.22118,-9.75949
7.465,-0.216887,-10.0334
7.4675,-0.205913,-10.0689
7.47,-0.199679,-10.0901
7.4725,-0.238813,-10.2487
7.475,-0.281576,-10.3192
7.4775,-0.338136,-10.2681
7.48,-0.411171,-10.2883
7.4825,-0.479994,-10.2483
7.485,-0.530576,-10.0963
7.4875,-0.573427,-9.96378
7.49,-0.583381,-9.81471
7.4925,-0.536597,-9.62139
7.495,-0.419259,-9.41203
7.4975,-0.259156,-9.29435
7.5,-0.0336772,-9.11821
7.5025,0.0747106,-8.9694
7.505,0.0011441,-8.87326
7.5075,0.0534792,-8.87366
7.51,0.0705739,-9.18489
7.5125,-0.00594483,-9.55508
7.515,-0.123121,-10.3824
7.5175,-0.280016,-11.2609
7.52,-0.443378,-12.4896
7.5225,-0.579018,-13.9176
7.525,-0.673116,-15.73
7.5275,-0.666375,-17.4862
7.53,-0.58054,-19.4335
7.5325,-0.432614,-21.2878
7.535,-0.250286,-23.0143
7.5375,-0.0319755,-24.329
7.54,0.15028,-25.4909
7.5425,0.255023,-26.1373
7.545,0.240967,-26.3989
7.5475,0.0719456,-26.379
7.55,-0.208551,-26.0267
7.5525,-0.569855,-25.258
7.555,-0.975916,-24.5377
7.5575,-1.36504,-23.6495
7.56,-1.65897,-22.6557
7.5625,-1.84504,-21.8603
7.565,-1.87576,-21.3093
7.5675,-1.69846,-20.406
7.57,-1.42266,-20.1886
7.5725,-1.05667,-20.0972
7.575,-0.611016,-19.8479
7.5775,-0.199969,-20.0097
7.58,0.158202,-20.29
7.5825,0.472058,-20.1442
7.585,0.645565,-20.3902
7.5875,0.69641,-20.5924
7.59,0.688336,-20.31
7.5925,0.615488,-19.9971
7.595,0.543189,-19.3561
7.5975,0.520945,-18.0593
7.6,0.543384,-16.5788
7.6025,0.564213,-15.2412
7.605,0.619831,-13.6924
7.6075,0.66071,-12.4728
7.61,0.653123,-11.7038
7.6125,0.607362,-11.0851
7.615,0.541864,-10.3402
7.6175,0.407055,-10.3698
7.62,0.285769,-10.2393
7.6225,0.21924,-10.0868
7.625,0.188447,-10.3236
7.6275,0.258919,-10.6992
7.63,0.519799,-10.1283
7.6325,0.854074,-10.4514
7.635,1.33201,-10.3247
7.6375,1.89583,-9.50474
7.64,2.45307,-9.0031
7.6425,2.96908,-8.17606
7.645,3.41932,-6.40684
7.6475,3.71594,-5.32726
7.65,3.80189,-4.27543
7.6525,3.72357,-3.072
7.655,3.45987,-2.6925
7.6575,3.12321,-2.75636
7.66,2.77513,-2.72704
7.6625,2.47269,-3.03863
7.665,2.2077,-3.88761
7.6675,2.05283,-4.35672
7.67,2.1244,-4.98228
7.6725,2.14278,-5.89785
7.675,2.35164,-6.4068
7.6775,2.59525,-6.47204
7.68,2.85169,-7.05275
7.6825,3.08317,-7.34454
7.685,3.24703,-7.37156
7.6875,3.36113,-7.9872
7.69,3.40698,-8.69545
7.6925,3.4446,-8.43606
7.695,3.47348,-9.5144
7.6975,3.47531,-10.2735
7.7,3.4809,-10.4389
7.7025,3.49413,-11.3634
7.705,3.48397,-12.0182
7.7075,3.45224,-11.5811
7.71,3.35903,-11.8307
7.7125,3.15097,-11.5721
7.715,2.84251,-10.5838
7.7175,2.48489,-9.92453
7.72,2.10205,-9.14925
7.7225,1.74413,-7.7091
7.725,1.4675,-6.50202
7.7275,1.2965,-5.80263
7.73,1.24662,-4.92488
7.7325,1.35607,-4.53881
7.735,1.59419,-4.73486
7.7375,1.93534,-5.04417
7.74,2.3133,-5.0812
7.7425,2.68443,-6.19765
7.745,2.93464,-6.86798
7.7475,3.06898,-7.26147
7.75,3.04444,-7.84188
7.7525,2.89067,-8.20119
7.755,2.58489,-6.89924
7.7575,2.25396,-6.70887
7.76,1.83918,-5.86675
7.7625,1.41485,-4.36964
7.765,1.07974,-3.89564
7.7675,0.802981,-3.33903
7.77,0.599927,-2.07678
7.7725,0.518215,-1.84185
7.775,0.466761,-1.61273
7.7775,0.422214,-0.97206
7.78,0.429207,-1.02987
7.7825,0.451005,-1.09539
7.785,0.480685,-0.632932
7.7875,0.527277,-0.285589
7.79,0.615394,-0.247039
7.7925,0.675321,0.471063
7.795,0.794061,1.02582
7.7975,0.920789,1.57798
7.8,1.06188,2.40157
7.8025,1.15612,3.78717
7.805,1.25132,4.27229
7.8075,1.21982,5.1734
7.81,1.07585,5.91197
7.8125,0.863376,6.08396
7.815,0.550386,5.87661
7.8175,0.093865,6.74322
7.82,-0.279806,6.17287
7.8225,-0.688715,5.96495
7.825,-1.07182,6.18727
7.8275,-1.28408,5.51468
7.83,-1.39672,5.07039
7.8325,-1.42607,5.39662
7.835,-1.26279,4.9941
7.8375,-1.02564,4.73839
7.84,-0.778529,5.1009
7.8425,-0.465483,5.00293
7.845,-0.205464,5.03326
7.8475,-0.0281344,5.62386
7.85,0.0801451,6.08435
7.8525,0.115769,6.26276
7.855,0.0187572,6.78881
7.8575,-0.120382,6.97968
7.86,-0.303596,6.86082
7.8625,-0.515841,6.77871
7.865,-0.750679,7.0176
7.8675,-0.925762,6.61597
7.87,-1.11717,6.51406
7.8725,-1.30692,6.6164
7.875,-1.43655,6.31672
7.8775,-1.54954,6.02473
7.88,-1.72067,6.69454
7.8825,-1.747,6.3946
7.885,-1.80162,6.3809
7.8875,-1.83381,6.80963
7.89,-1.75922,6.54389
7.8925,-1.6208,6.19897
7.895,-1.49405,6.3808
7.8975,-1.24033,5.74364
7.9,-0.99846,5.09049
7.9025,-0.794844,4.65305
7.905,-0.592359,3.86023
7.9075,-0.461793,3.16084
7.91,-0.463407,2.97794
7.9125,-0.539667,2.94106
7.915,-0.705453,3.01015
7.9175,-0.989937,3.62241
7.92,-1.30095,4.33762
7.9225,-1.61447,4.9759
7.925,-1.90898,5.74231
7.9275,-2.16009,6.64836
7.93,-2.28006,6.99286
7.9325,-2.33741,7.40741
7.935,-2.30345,7.74168
7.9375,-2.15759,7.76099
7.94,-1.94381,7.60404
7.9425,-1.74187,7.99499
7.945,-1.46202,7.80962
7.9475,-1.22444,7.81813
7.95,-1.05247,8.15502
7.9525,-0.881172,8.20597
7.955,-0.77217,8.33232
7.9575,-0.736235,8.78427
7.96,-0.697975,8.94995
7.9625,-0.71365,9.13645
7.965,-0.771334,9.46609
7.9675,-0.814807,9.55905
7.97,-0.876654,9.66084
7.9725,-0.957317,9.82258
7.975,-1.03656,9.89464
7.9775,-1.09987,9.76872
7.98,-1.17466,9.75489
7.9825,-1.21732,9.5941
7.985,-1.23042,9.41122
7.9875,-1.20445,9.22033
7.99,-1.1435,9.10944
7.9925,-1.01118,8.84999
7.995,-0.844956,8.73018
7.9975,-0.622737,8.5844
8,-0.362347,8.46422
