time,angle_dry_deg,uy_dry_m
0.0025,-4.0082e-07,-1.04934e-09
0.005,-5.72232e-06,-1.4981e-08
0.0075,-3.38737e-05,-8.86815e-08
0.01,-0.000117862,-3.08564e-07
0.0125,-0.000284542,-7.44938e-07
0.015,-0.000534482,-1.3993e-06
0.0175,-0.000856498,-2.24238e-06
0.02,-0.00125851,-3.2949e-06
0.0225,-0.00178297,-4.66805e-06
0.025,-0.00249795,-6.54006e-06
0.0275,-0.00345771,-9.05302e-06
0.03,-0.00466633,-1.22176e-05
0.0325,-0.0061017,-1.59761e-05
0.035,-0.00777273,-2.03517e-05
0.0375,-0.00973602,-2.54928e-05
0.04,-0.0120641,-3.15894e-05
0.0425,-0.0147996,-3.8753e-05
0.045,-0.0179322,-4.69568e-05
0.0475,-0.0214314,-5.61211e-05
0.05,-0.0253024,-6.62596e-05
0.0525,-0.0295927,-7.74967e-05
0.055,-0.0343525,-8.9964e-05
0.0575,-0.0396019,-0.000103715
0.06,-0.0453242,-0.000118705
0.0625,-0.0514884,-0.000134854
0.065,-0.058085,-0.000152136
0.0675,-0.06513,-0.000170594
0.07,-0.0726395,-0.000190271
0.0725,-0.0806175,-0.000211176
0.075,-0.0890511,-0.000233277
0.0775,-0.0979101,-0.000256494
0.08,-0.10717,-0.000280762
0.0825,-0.116827,-0.000306075
0.085,-0.126887,-0.000332444
0.0875,-0.137349,-0.00035987
0.09,-0.148206,-0.000388333
0.0925,-0.15944,-0.000417789
0.095,-0.171042,-0.000448211
0.0975,-0.183021,-0.000479624
0.1,-0.195399,-0.000512085
0.1025,-0.208194,-0.000545644
0.105,-0.221421,-0.000580341
0.1075,-0.235095,-0.00061621
0.11,-0.249232,-0.000653299
0.1125,-0.263864,-0.000691688
0.115,-0.279026,-0.000731472
0.1175,-0.294753,-0.000772741
0.12,-0.311081,-0.00081559
0.1225,-0.328047,-0.000860118
0.125,-0.345683,-0.000906411
0.1275,-0.36402,-0.000954544
0.13,-0.383085,-0.00100459
0.1325,-0.402907,-0.00105663
0.135,-0.423516,-0.00111075
0.1375,-0.444938,-0.001167
0.14,-0.467191,-0.00122543
0.1425,-0.490281,-0.00128607
0.145,-0.514216,-0.00134893
0.1475,-0.538998,-0.00141403
0.15,-0.564622,-0.00148134
0.1525,-0.591075,-0.00155083
0.155,-0.618338,-0.00162245
0.1575,-0.646384,-0.00169614
0.16,-0.675184,-0.00177181
0.1625,-0.704704,-0.00184938
0.165,-0.734895,-0.00192873
0.1675,-0.765701,-0.00200969
0.17,-0.797067,-0.00209214
0.1725,-0.828937,-0.00217592
0.175,-0.86126,-0.00226089
0.1775,-0.893976,-0.0023469
0.18,-0.927017,-0.00243378
0.1825,-0.960321,-0.00252136
0.185,-0.993836,-0.00260949
0.1875,-1.02752,-0.00269809
0.19,-1.06134,-0.00278705
0.1925,-1.09525,-0.00287625
0.195,-1.1292,-0.00296557
0.1975,-1.16316,-0.0030549
0.2,-1.19709,-0.00314419
0.2025,-1.231,-0.00323342
0.205,-1.26488,-0.00332259
0.2075,-1.29871,-0.00341164
0.21,-1.33247,-0.0035005
0.2125,-1.36613,-0.00358912
0.215,-1.39969,-0.00367747
0.2175,-1.43314,-0.00376556
0.22,-1.4665,-0.00385338
0.2225,-1.49975,-0.00394093
0.225,-1.53286,-0.00402812
0.2275,-1.5658,-0.00411487
0.23,-1.59854,-0.00420111
0.2325,-1.63107,-0.00428677
0.235,-1.66336,-0.00437182
0.2375,-1.69538,-0.00445617
0.24,-1.72709,-0.00453971
0.2425,-1.75842,-0.00462225
0.245,-1.7893,-0.00470359
0.2475,-1.81967,-0.00478359
0.25,-1.84947,-0.0048621
0.2525,-1.87865,-0.00493898
0.255,-1.90713,-0.00501403
0.2575,-1.93482,-0.00508698
0.26,-1.96161,-0.00515757
0.2625,-1.98743,-0.00522559
0.265,-2.01222,-0.00529092
0.2675,-2.03595,-0.00535347
0.27,-2.05856,-0.00541308
0.2725,-2.07998,-0.00546956
0.275,-2.10014,-0.0055227
0.2775,-2.11899,-0.0055724
0.28,-2.13653,-0.00561867
0.2825,-2.15278,-0.00566154
0.285,-2.16774,-0.00570101
0.2875,-2.18139,-0.00573703
0.29,-2.1937,-0.00576953
0.2925,-2.20468,-0.00579851
0.295,-2.21436,-0.00582405
0.2975,-2.22278,-0.00584632
0.3,-2.23001,-0.00586542
0.3025,-2.23605,-0.00588141
0.305,-2.24092,-0.0058943
0.3075,-2.24461,-0.00590408
0.31,-2.24716,-0.00591084
0.3125,-2.24863,-0.00591475
0.315,-2.24908,-0.005916
0.3175,-2.24855,-0.00591463
0.32,-2.247,-0.0059106
0.3225,-2.24442,-0.00590382
0.325,-2.2408,-0.00589427
0.3275,-2.23617,-0.00588207
0.33,-2.23057,-0.00586733
0.3325,-2.224,-0.00585002
0.335,-2.2164,-0.00582999
0.3375,-2.2077,-0.00580707
0.34,-2.19788,-0.00578117
0.3425,-2.18695,-0.00575234
0.345,-2.17493,-0.00572065
0.3475,-2.16182,-0.00568609
0.35,-2.14758,-0.00564855
0.3525,-2.13215,-0.00560788
0.355,-2.11552,-0.00556404
0.3575,-2.09772,-0.00551709
0.36,-2.07881,-0.00546723
0.3625,-2.05883,-0.00541455
0.365,-2.0378,-0.00535911
0.3675,-2.01571,-0.00530086
0.37,-1.99255,-0.00523981
0.3725,-1.96839,-0.00517611
0.375,-1.94333,-0.00511003
0.3775,-1.91747,-0.00504187
0.38,-1.89087,-0.00497176
0.3825,-1.86355,-0.00489974
0.385,-1.83551,-0.00482581
0.3875,-1.80679,-0.00475012
0.39,-1.77753,-0.00467297
0.3925,-1.74784,-0.00459469
0.395,-1.71778,-0.00451544
0.3975,-1.68734,-0.00443521
0.4,-1.65651,-0.00435394
0.4025,-1.62532,-0.0042717
0.405,-1.59383,-0.00418868
0.4075,-1.56212,-0.00410509
0.41,-1.53022,-0.004021
0.4125,-1.49808,-0.0039363
0.415,-1.46565,-0.00385084
0.4175,-1.4329,-0.00376452
0.42,-1.39984,-0.00367737
0.4225,-1.36648,-0.00358948
0.425,-1.33285,-0.00350085
0.4275,-1.29888,-0.00341136
0.43,-1.26451,-0.00332082
0.4325,-1.22966,-0.00322903
0.435,-1.19431,-0.00313592
0.4375,-1.15848,-0.00304157
0.44,-1.12222,-0.00294609
0.4425,-1.08549,-0.00284943
0.445,-1.04826,-0.00275142
0.4475,-1.01043,-0.00265188
0.45,-0.971983,-0.00255073
0.4525,-0.932975,-0.00244812
0.455,-0.893479,-0.00234424
0.4575,-0.853516,-0.00223916
0.46,-0.81305,-0.00213277
0.4625,-0.772029,-0.00202495
0.465,-0.730437,-0.00191564
0.4675,-0.68832,-0.00180498
0.47,-0.645755,-0.00169317
0.4725,-0.60278,-0.00158031
0.475,-0.559383,-0.00146636
0.4775,-0.515525,-0.00135123
0.48,-0.471178,-0.00123484
0.4825,-0.426354,-0.00111723
0.485,-0.381096,-0.00099851
0.4875,-0.335433,-0.000878755
0.49,-0.289355,-0.000757944
0.4925,-0.242818,-0.00063596
0.495,-0.195756,-0.000512632
0.4975,-0.148118,-0.000387827
0.5,-0.0998926,-0.000261519
0.5025,-0.051085,-0.000133723
0.505,-0.00167353,-4.38033e-06
0.5075,0.0484004,0.000126685
0.51,0.099202,0.000259689
0.5125,0.150737,0.000394702
0.515,0.202916,0.000531532
0.5175,0.255621,0.000669874
0.52,0.308763,0.00080948
0.5225,0.362285,0.000950151
0.525,0.416112,0.00109163
0.5275,0.470152,0.00123361
0.53,0.524331,0.00137583
0.5325,0.5786,0.00151812
0.535,0.632907,0.00166039
0.5375,0.687185,0.00180254
0.54,0.741403,0.00194458
0.5425,0.79555,0.00208662
0.545,0.849561,0.00222856
0.5475,0.903355,0.00237025
0.55,0.956934,0.00251172
0.5525,1.01034,0.00265303
0.555,1.06354,0.00279396
0.5575,1.11649,0.00293421
0.56,1.16923,0.00307374
0.5625,1.22188,0.00321272
0.565,1.27451,0.0033513
0.5675,1.32715,0.00348957
0.57,1.37982,0.00362765
0.5725,1.4326,0.00376594
0.575,1.48569,0.00390515
0.5775,1.53934,0.00404619
0.58,1.59378,0.00418985
0.5825,1.6493,0.00433689
0.585,1.70619,0.00448807
0.5875,1.76476,0.00464406
0.59,1.82526,0.00480535
0.5925,1.88789,0.00497217
0.595,1.95267,0.00514429
0.5975,2.01941,0.00532105
0.6,2.08784,0.00550159
0.6025,2.15762,0.00568508
0.605,2.22835,0.00587068
0.6075,2.29963,0.00605762
0.61,2.37115,0.00624536
0.6125,2.44269,0.00643367
0.615,2.51419,0.00662266
0.6175,2.58577,0.00681271
0.62,2.65762,0.00700432
0.6225,2.72998,0.00719782
0.625,2.80301,0.00739328
0.6275,2.87674,0.00759036
0.63,2.95102,0.00778832
0.6325,3.02552,0.00798604
0.635,3.09975,0.00818208
0.6375,3.17313,0.00837503
0.64,3.2451,0.00856369
0.6425,3.31518,0.0087473
0.645,3.3831,0.00892566
0.6475,3.4489,0.00909926
0.65,3.51295,0.00926934
0.6525,3.57593,0.00943772
0.655,3.6387,0.00960654
0.6575,3.70216,0.00977781
0.66,3.7671,0.0099531
0.6625,3.83406,0.0101332
0.665,3.90318,0.0103181
0.6675,3.9742,0.0105067
0.67,4.04649,0.0106974
0.6725,4.11915,0.010888
0.675,4.19114,0.0110763
0.6775,4.26146,0.0112602
0.68,4.32941,0.0114384
0.6825,4.3947,0.0116107
0.685,4.45761,0.011778
0.6875,4.51887,0.0119424
0.69,4.57947,0.0121061
0.6925,4.64039,0.012271
0.695,4.7023,0.0124384
0.6975,4.76546,0.0126082
0.7,4.82958,0.0127793
0.7025,4.89384,0.0129492
0.705,4.95692,0.0131146
0.7075,5.01716,0.0132715
0.71,5.07292,0.0134163
0.7125,5.1229,0.0135462
0.715,5.16649,0.0136603
0.7175,5.20394,0.0137596
0.72,5.23628,0.0138472
0.7225,5.26507,0.0139268
0.725,5.29209,0.0140026
0.7275,5.31905,0.0140783
0.73,5.34728,0.0141568
0.7325,5.3775,0.0142392
0.735,5.40968,0.0143253
0.7375,5.443,0.0144127
0.74,5.47595,0.0144978
0.7425,5.50665,0.0145763
0.745,5.53332,0.014644
0.7475,5.5547,0.0146985
0.75,5.57034,0.0147392
0.7525,5.58074,0.0147676
0.755,5.5872,0.0147871
0.7575,5.59157,0.0148021
0.76,5.59583,0.0148171
0.7625,5.60176,0.0148361
0.765,5.61058,0.0148616
0.7675,5.62255,0.0148941
0.77,5.6369,0.0149311
0.7725,5.65181,0.0149682
0.775,5.66478,0.0149992
0.7775,5.67313,0.0150178
0.78,5.67463,0.0150189
0.7825,5.66801,0.0149997
0.785,5.6531,0.0149603
0.7875,5.63088,0.0149032
0.79,5.6033,0.014833
0.7925,5.57281,0.0147557
0.795,5.54195,0.0146773
0.7975,5.51284,0.0146027
0.8,5.48685,0.0145351
0.8025,5.46431,0.0144751
0.805,5.44445,0.0144208
0.8075,5.42554,0.0143679
0.81,5.40527,0.014311
0.8125,5.38137,0.0142448
0.815,5.35207,0.0141653
0.8175,5.3165,0.0140704
0.82,5.27489,0.0139609
0.8225,5.22854,0.0138399
0.825,5.17958,0.0137126
0.8275,5.1306,0.0135852
0.83,5.0841,0.0134638
0.8325,5.042,0.013353
0.835,5.00532,0.0132551
0.8375,4.9739,0.0131697
0.84,4.94642,0.0130937
0.8425,4.92058,0.0130215
0.845,4.8935,0.0129462
0.8475,4.8624,0.0128609
0.85,4.82509,0.0127602
0.8525,4.7805,0.0126416
0.855,4.72875,0.0125051
0.8575,4.67112,0.0123539
0.86,4.60962,0.0121928
0.8625,4.54664,0.0120275
0.865,4.48445,0.0118635
0.8675,4.42491,0.0117054
0.87,4.36909,0.011556
0.8725,4.31714,0.0114159
0.875,4.2682,0.0112832
0.8775,4.22057,0.0111538
0.88,4.17204,0.0110225
0.8825,4.12047,0.0108839
0.885,4.06424,0.010734
0.8875,4.0026,0.0105708
0.89,3.93578,0.0103947
0.8925,3.86483,0.0102081
0.895,3.79137,0.0100149
0.8975,3.71739,0.00981976
0.9,3.64494,0.00962788
0.9025,3.57588,0.00944399
0.905,3.51151,0.00927159
0.9075,3.45225,0.00911206
0.91,3.39748,0.00896412
0.9125,3.34566,0.00882406
0.915,3.29462,0.00868653
0.9175,3.24208,0.00854575
0.92,3.18603,0.0083966
0.9225,3.1251,0.00823539
0.925,3.05861,0.00806013
0.9275,2.98656,0.0078705
0.93,2.90961,0.00766781
0.9325,2.82887,0.00745473
0.935,2.7458,0.00723491
0.9375,2.66196,0.00701244
0.94,2.57872,0.00679103
0.9425,2.49698,0.00657324
0.945,2.41702,0.0063601
0.9475,2.33851,0.00615102
0.95,2.26062,0.00594402
0.9525,2.18222,0.00573631
0.955,2.10206,0.00552466
0.9575,2.01898,0.00530585
0.96,1.93204,0.00507726
0.9625,1.8407,0.00483726
0.965,1.74487,0.00458536
0.9675,1.64489,0.00432229
0.97,1.54142,0.00404973
0.9725,1.43537,0.00377011
0.975,1.32781,0.00348634
0.9775,1.21989,0.00320159
0.98,1.1127,0.00291893
0.9825,1.00713,0.00264075
0.985,0.903637,0.00236844
0.9875,0.802229,0.00210196
0.99,0.70241,0.00184
0.9925,0.603333,0.00158024
0.995,0.503962,0.00131987
0.9975,0.403266,0.0010561
1,0.300346,0.000786518
1.0025,0.194471,0.000509213
1.005,0.0850911,0.000222785
1.0075,-0.0280984,-7.35663e-05
1.01,-0.145111,-0.000379981
1.0125,-0.265724,-0.000696047
1.015,-0.389559,-0.00102094
1.0175,-0.516064,-0.00135331
1.02,-0.644452,-0.00169108
1.0225,-0.773691,-0.00203148
1.025,-0.902591,-0.0023712
1.0275,-1.03003,-0.00270709
1.03,-1.1552,-0.00303668
1.0325,-1.27752,-0.00335831
1.035,-1.39655,-0.00367081
1.0375,-1.51216,-0.00397405
1.04,-1.62479,-0.00426948
1.0425,-1.73529,-0.00455965
1.045,-1.84449,-0.00484701
1.0475,-1.95321,-0.00513399
1.05,-2.06251,-0.00542357
1.0525,-2.17337,-0.00571832
1.055,-2.28613,-0.00601879
1.0575,-2.40032,-0.00632319
1.06,-2.51487,-0.00662828
1.0625,-2.62825,-0.00692956
1.065,-2.73863,-0.00722198
1.0675,-2.84446,-0.0075014
1.07,-2.94492,-0.00776569
1.0725,-3.04008,-0.00801538
1.075,-3.13093,-0.00825377
1.0775,-3.21922,-0.00848616
1.08,-3.30698,-0.00871847
1.0825,-3.39628,-0.00895632
1.085,-3.48898,-0.00920457
1.0875,-3.58657,-0.00946686
1.09,-3.69004,-0.00974537
1.0925,-3.79979,-0.0100405
1.095,-3.91537,-0.0103502
1.0975,-4.03539,-0.0106702
1.1,-4.15774,-0.0109946
1.1025,-4.27985,-0.0113165
1.105,-4.39898,-0.0116292
1.1075,-4.51272,-0.0119271
1.11,-4.61938,-0.0122065
1.1125,-4.7183,-0.0124666
1.115,-4.81002,-0.0127096
1.1175,-4.8962,-0.0129401
1.12,-4.9793,-0.0131644
1.1225,-5.06213,-0.0133893
1.125,-5.14729,-0.0136209
1.1275,-5.2364,-0.0138623
1.13,-5.32943,-0.0141129
1.1325,-5.42452,-0.014367
1.135,-5.51836,-0.0146157
1.1375,-5.60707,-0.014849
1.14,-5.68716,-0.0150585
1.1425,-5.75633,-0.0152393
1.145,-5.814,-0.015391
1.1475,-5.86144,-0.0155175
1.15,-5.90147,-0.0156265
1.1525,-5.93796,-0.0157283
1.155,-5.97518,-0.0158334
1.1575,-6.01714,-0.0159518
1.16,-6.06693,-0.0160905
1.1625,-6.1262,-0.0162527
1.165,-6.19483,-0.0164373
1.1675,-6.27088,-0.0166391
1.17,-6.3509,-0.0168491
1.1725,-6.4305,-0.0170566
1.175,-6.5051,-0.0172504
1.1775,-6.57086,-0.0174214
1.18,-6.62547,-0.0175644
1.1825,-6.66867,-0.0176795
1.185,-6.70232,-0.0177717
1.1875,-6.73007,-0.01785
1.19,-6.75649,-0.0179255
1.1925,-6.78609,-0.0180092
1.195,-6.82215,-0.0181086
1.1975,-6.8658,-0.0182261
1.2,-6.91553,-0.0183575
1.2025,-6.96743,-0.0184927
1.205,-7.01609,-0.0186182
1.2075,-7.05594,-0.0187205
1.21,-7.08262,-0.0187892
1.2125,-7.094,-0.0188195
1.215,-7.09051,-0.0188127
1.2175,-7.07501,-0.0187764
1.22,-7.05214,-0.018722
1.2225,-7.02751,-0.0186634
1.225,-7.00665,-0.018614
1.2275,-6.99407,-0.0185849
1.23,-6.99254,-0.0185825
1.2325,-7.00257,-0.0186083
1.235,-7.02234,-0.018658
1.2375,-7.048,-0.0187222
1.24,-7.07438,-0.0187881
1.2425,-7.09625,-0.0188428
1.245,-7.10936,-0.018876
1.2475,-7.11135,-0.0188817
1.25,-7.10221,-0.0188599
1.2525,-7.08432,-0.0188161
1.255,-7.06201,-0.0187607
1.2575,-7.04048,-0.0187064
1.26,-7.02458,-0.0186651
1.2625,-7.01753,-0.018645
1.265,-7.02008,-0.0186481
1.2675,-7.03014,-0.0186696
1.27,-7.04305,-0.0186981
1.2725,-7.05282,-0.0187188
1.275,-7.05378,-0.0187179
1.2775,-7.04191,-0.0186853
1.28,-7.01546,-0.0186167
1.2825,-6.97494,-0.0185131
1.285,-6.92295,-0.0183802
1.2875,-6.86375,-0.0182283
1.29,-6.80242,-0.0180694
1.2925,-6.74382,-0.0179156
1.295,-6.69187,-0.017777
1.2975,-6.64896,-0.0176601
1.3,-6.61553,-0.0175668
1.3025,-6.58999,-0.0174936
1.305,-6.56906,-0.0174331
1.3075,-6.54867,-0.0173753
1.31,-6.52491,-0.0173104
1.3125,-6.49478,-0.0172309
1.315,-6.45671,-0.0171321
1.3175,-6.41084,-0.0170135
1.32,-6.35907,-0.0168791
1.3225,-6.30476,-0.0167366
1.325,-6.25189,-0.0165958
1.3275,-6.20414,-0.0164662
1.33,-6.16388,-0.0163542
1.3325,-6.13143,-0.0162613
1.335,-6.10488,-0.0161834
1.3375,-6.08056,-0.0161119
1.34,-6.05403,-0.0160361
1.3425,-6.02121,-0.0159459
1.345,-5.97916,-0.0158338
1.3475,-5.92631,-0.0156954
1.35,-5.86255,-0.0155296
1.3525,-5.78911,-0.0153384
1.355,-5.70826,-0.0151268
1.3575,-5.6229,-0.0149015
1.36,-5.53607,-0.0146703
1.3625,-5.45042,-0.0144401
1.365,-5.36782,-0.0142163
1.3675,-5.2891,-0.0140019
1.37,-5.21402,-0.0137974
1.3725,-5.14147,-0.0136005
1.375,-5.06982,-0.0134078
1.3775,-4.99728,-0.0132147
1.38,-4.92226,-0.0130169
1.3825,-4.84363,-0.0128109
1.385,-4.76094,-0.0125945
1.3875,-4.67458,-0.0123678
1.39,-4.5858,-0.0121336
1.3925,-4.49654,-0.0118963
1.395,-4.40894,-0.0116616
1.3975,-4.32478,-0.0114343
1.4,-4.24502,-0.0112176
1.4025,-4.16942,-0.0110117
1.405,-4.09663,-0.0108137
1.4075,-4.02452,-0.0106188
1.41,-3.95079,-0.0104212
1.4125,-3.87339,-0.0102158
1.415,-3.79089,-0.00999842
1.4175,-3.70248,-0.00976636
1.42,-3.6079,-0.00951826
1.4225,-3.50731,-0.00925391
1.425,-3.40124,-0.0089741
1.4275,-3.29041,-0.0086805
1.43,-3.17574,-0.00837552
1.4325,-3.05819,-0.00806203
1.435,-2.93872,-0.00774307
1.4375,-2.81817,-0.00742144
1.44,-2.69719,-0.00709935
1.4425,-2.57617,-0.00677821
1.445,-2.45536,-0.00645881
1.4475,-2.3349,-0.00614142
1.45,-2.21486,-0.0058259
1.4525,-2.09514,-0.00551166
1.455,-1.97552,-0.00519766
1.4575,-1.85561,-0.00488253
1.46,-1.73505,-0.00456511
1.4625,-1.61374,-0.00424507
1.465,-1.49193,-0.00392321
1.4675,-1.37027,-0.0036015
1.47,-1.24965,-0.00328253
1.4725,-1.13089,-0.00296875
1.475,-1.01456,-0.00266186
1.4775,-0.900802,-0.00236232
1.48,-0.789366,-0.00206943
1.4825,-0.679689,-0.00178161
1.485,-0.571071,-0.00149686
1.4875,-0.462804,-0.00121315
1.49,-0.354245,-0.000928657
1.4925,-0.244844,-0.000641883
1.495,-0.134137,-0.000351627
1.4975,-0.0217353,-5.69646e-05
1.5,0.0926717,0.000242786
1.5025,0.209331,0.000548146
1.505,0.328438,0.000859599
1.5075,0.450142,0.00117771
1.51,0.574522,0.00150305
1.5125,0.701481,0.00183576
1.515,0.830624,0.00217514
1.5175,0.961284,0.00251958
1.52,1.09278,0.00286721
1.5225,1.22464,0.00321644
1.525,1.35639,0.00356558
1.5275,1.48733,0.00391208
1.53,1.61656,0.004253
1.5325,1.7434,0.00458604
1.535,1.86731,0.00490985
1.5375,1.98777,0.00522358
1.54,2.10447,0.0055271
1.5425,2.21741,0.0058213
1.545,2.32679,0.00610752
1.5475,2.4328,0.00638696
1.55,2.53561,0.00666048
1.5525,2.63517,0.00692782
1.555,2.73098,0.00718695
1.5575,2.82243,0.00743504
1.56,2.90909,0.0076698
1.5625,2.99055,0.00788913
1.565,3.06622,0.00809081
1.5675,3.13561,0.00827327
1.57,3.19854,0.00843641
1.5725,3.25534,0.00858196
1.575,3.30697,0.00871375
1.5775,3.35497,0.0088374
1.58,3.40144,0.00895949
1.5825,3.44888,0.00908715
1.585,3.49995,0.00922741
1.5875,3.55708,0.00938606
1.59,3.62207,0.00956693
1.5925,3.69601,0.00977152
1.595,3.7791,0.00999888
1.5975,3.8706,0.0102457
1.6,3.96881,0.0105066
1.6025,4.07104,0.0107745
1.605,4.17376,0.0110408
1.6075,4.27336,0.0112972
1.61,4.36696,0.0115377
1.6125,4.45313,0.0117604
1.615,4.53218,0.0119677
1.6175,4.60602,0.0121653
1.62,4.67749,0.0123607
1.6225,4.74961,0.0125607
1.625,4.82478,0.0127701
1.6275,4.90411,0.0129899
1.63,4.98708,0.0132172
1.6325,5.07144,0.0134445
1.635,5.15354,0.0136616
1.6375,5.22885,0.013857
1.64,5.293,0.0140203
1.6425,5.34285,0.0141455
1.645,5.37752,0.0142324
1.6475,5.39887,0.0142875
1.65,5.41123,0.0143231
1.6525,5.42056,0.014355
1.655,5.43345,0.0143997
1.6575,5.45601,0.0144719
1.66,5.49302,0.0145822
1.6625,5.5473,0.014736
1.665,5.61937,0.0149331
1.6675,5.7072,0.015167
1.67,5.80616,0.0154257
1.6725,5.90956,0.0156923
1.675,6.00984,0.0159487
1.6775,6.10046,0.0161796
1.68,6.17768,0.0163775
1.6825,6.2415,0.016544
1.685,6.2954,0.0166889
1.6875,6.34518,0.0168272
1.69,6.39744,0.0169747
1.6925,6.45808,0.017145
1.695,6.53102,0.0173463
1.6975,6.61708,0.0175788
1.7,6.71332,0.0178336
1.7025,6.81319,0.0180934
1.705,6.90759,0.0183351
1.7075,6.98697,0.0185356
1.71,7.04378,0.0186776
1.7125,7.07449,0.0187542
1.715,7.08037,0.01877
1.7175,7.0669,0.0187397
1.72,7.04242,0.0186847
1.7225,7.01648,0.0186283
1.725,6.99831,0.0185925
1.7275,6.99549,0.0185952
1.73,7.01289,0.0186474
1.7325,7.05178,0.0187517
1.735,7.10917,0.0189002
1.7375,7.17782,0.0190746
1.74,7.24769,0.0192503
1.7425,7.30852,0.019402
1.745,7.35258,0.0195117
1.7475,7.37649,0.019572
1.75,7.38166,0.0195872
1.7525,7.37368,0.0195711
1.755,7.36097,0.0195444
1.7575,7.35291,0.0195297
1.76,7.35777,0.0195467
1.7625,7.38089,0.0196082
1.765,7.42308,0.0197157
1.7675,7.47967,0.0198572
1.77,7.54087,0.020008
1.7725,7.59399,0.0201369
1.775,7.62716,0.0202148
1.7775,7.63234,0.020223
1.78,7.60651,0.0201546
1.7825,7.55145,0.0200141
1.785,7.47295,0.0198154
1.7875,7.37966,0.0195791
1.79,7.28165,0.0193293
1.7925,7.18879,0.0190901
1.795,7.1093,0.0188822
1.7975,7.04841,0.0187191
1.8,7.007,0.0186039
1.8025,6.98108,0.0185274
1.805,6.96265,0.0184703
1.8075,6.94207,0.018409
1.81,6.91067,0.0183222
1.8125,6.8627,0.0181953
1.815,6.79616,0.0180228
1.8175,6.71289,0.0178084
1.82,6.61832,0.0175646
1.8225,6.5206,0.0173107
1.825,6.42904,0.01707
1.8275,6.3521,0.0168639
1.83,6.29528,0.0167072
1.8325,6.25939,0.0166026
1.835,6.23981,0.0165394
1.8375,6.22753,0.0164955
1.84,6.21167,0.0164439
1.8425,6.18236,0.0163604
1.845,6.13267,0.0162275
1.8475,6.05919,0.0160359
1.85,5.96185,0.0157843
1.8525,5.84355,0.0154784
1.855,5.70961,0.0151302
1.8575,5.56702,0.0147567
1.86,5.42343,0.0143771
1.8625,5.28597,0.0140102
1.865,5.15989,0.0136706
1.8675,5.04751,0.0133655
1.87,4.94774,0.0130937
1.8725,4.85663,0.0128462
1.875,4.76871,0.0126096
1.8775,4.67855,0.0123703
1.88,4.58179,0.0121164
1.8825,4.47571,0.01184
1.885,4.35964,0.0115379
1.8875,4.23515,0.011213
1.89,4.10615,0.0108743
1.8925,3.97849,0.0105364
1.895,3.85892,0.0102171
1.8975,3.75364,0.00993312
1.9,3.66647,0.00969536
1.9025,3.5977,0.00950559
1.905,3.54389,0.00935587
1.9075,3.49902,0.0092313
1.91,3.45616,0.0091143
1.9125,3.40907,0.00898868
1.915,3.35301,0.00884173
1.9175,3.28494,0.00866469
1.92,3.2033,0.00845243
1.9225,3.10786,0.00820328
1.925,2.99968,0.00791914
1.9275,2.88109,0.00760563
1.93,2.75556,0.00727187
1.9325,2.62723,0.00692928
1.935,2.50026,0.00658954
1.9375,2.37798,0.00626226
1.94,2.26224,0.00595313
1.9425,2.15334,0.00566341
1.945,2.05034,0.00539083
1.9475,1.95158,0.00513097
1.95,1.85515,0.00487841
1.9525,1.75905,0.00462736
1.955,1.66126,0.00437188
1.9575,1.55991,0.0041065
1.96,1.4537,0.00382739
1.9625,1.34242,0.00353393
1.965,1.22738,0.00322974
1.9675,1.11146,0.00292274
1.97,0.998601,0.00262373
1.9725,0.892828,0.0023437
1.975,0.797201,0.00209092
1.9775,0.713068,0.00186901
1.98,0.639917,0.00167659
1.9825,0.57578,0.00150836
1.985,0.517922,0.00135695
1.9875,0.463444,0.00121458
1.99,0.409657,0.00107399
1.9925,0.354214,0.000928911
1.995,0.295095,0.000773966
1.9975,0.230542,0.000604581
2,0.159049,0.000416924
2.0025,0.0794167,0.000208047
2.005,-0.0090911,-2.37983e-05
2.0075,-0.106621,-0.000278935
2.01,-0.212695,-0.000556262
2.0125,-0.326196,-0.000853201
2.015,-0.445347,-0.00116551
2.0175,-0.5679,-0.00148764
2.02,-0.691724,-0.00181416
2.0225,-0.815243,-0.00214083
2.025,-0.937266,-0.00246413
2.0275,-1.05663,-0.00278041
2.03,-1.17225,-0.0030861
2.0325,-1.28348,-0.00337885
2.035,-1.39021,-0.00365828
2.0375,-1.49318,-0.00392651
2.04,-1.59421,-0.00418885
2.0425,-1.69604,-0.00445328
2.045,-1.80152,-0.00472817
2.0475,-1.9125,-0.00501917
2.05,-2.02903,-0.00532712
2.0525,-2.14909,-0.00564694
2.055,-2.26891,-0.00596842
2.0575,-2.38414,-0.00627914
2.06,-2.49086,-0.00656756
2.0625,-2.5859,-0.00682405
2.065,-2.66697,-0.00704153
2.0675,-2.73316,-0.00721691
2.07,-2.78527,-0.00735227
2.0725,-2.82581,-0.00745496
2.075,-2.85886,-0.00753702
2.0775,-2.88963,-0.00761379
2.08,-2.9238,-0.00770155
2.0825,-2.96668,-0.00781516
2.085,-3.02242,-0.00796593
2.0875,-3.09351,-0.00816031
2.09,-3.18081,-0.00839987
2.0925,-3.28389,-0.00868232
2.095,-3.4013,-0.00900226
2.0975,-3.53081,-0.00935201
2.1,-3.66931,-0.00972196
2.1025,-3.81251,-0.0101
2.105,-3.95495,-0.0104719
2.1075,-4.09106,-0.0108238
2.11,-4.21692,-0.0111473
2.1125,-4.33176,-0.0114423
2.115,-4.43832,-0.0117184
2.1175,-4.54178,-0.0119907
2.12,-4.64791,-0.0122749
2.1225,-4.76139,-0.012583
2.125,-4.88471,-0.0129199
2.1275,-5.01765,-0.0132833
2.13,-5.15714,-0.0136628
2.1325,-5.29745,-0.014041
2.135,-5.43084,-0.014396
2.1375,-5.54877,-0.014705
2.14,-5.64369,-0.0149491
2.1425,-5.71108,-0.0151187
2.145,-5.75087,-0.0152163
2.1475,-5.76776,-0.0152566
2.15,-5.77014,-0.0152633
2.1525,-5.76821,-0.0152639
2.155,-5.77206,-0.0152847
2.1575,-5.7903,-0.0153469
2.16,-5.82929,-0.0154653
2.1625,-5.89288,-0.0156477
2.165,-5.98211,-0.0158942
2.1675,-6.09458,-0.0161971
2.17,-6.22394,-0.0165386
2.1725,-6.36001,-0.0168923
2.175,-6.49058,-0.0172273
2.1775,-6.60452,-0.0175165
2.18,-6.69524,-0.0177457
2.1825,-6.76254,-0.0179168
2.185,-6.8121,-0.0180463
2.1875,-6.85343,-0.0181593
2.19,-6.89728,-0.018283
2.1925,-6.95339,-0.0184411
2.195,-7.0286,-0.0186491
2.1975,-7.1251,-0.0189106
2.2,-7.23905,-0.0192137
2.2025,-7.36035,-0.0195309
2.205,-7.47428,-0.0198241
2.2075,-7.56513,-0.0200539
2.21,-7.6204,-0.0201906
2.2125,-7.63397,-0.0202208
2.215,-7.60709,-0.0201497
2.2175,-7.54744,-0.0199978
2.22,-7.46682,-0.0197954
2.2225,-7.37875,-0.0195763
2.225,-7.29669,-0.0193735
2.2275,-7.23274,-0.0192168
2.23,-7.19636,-0.0191292
2.2325,-7.19262,-0.0191232
2.235,-7.22037,-0.0191959
2.2375,-7.27139,-0.0193261
2.24,-7.33173,-0.0194783
2.2425,-7.38541,-0.0196123
2.245,-7.41896,-0.0196945
2.2475,-7.42468,-0.0197065
2.25,-7.40189,-0.019647
2.2525,-7.35655,-0.0195313
2.255,-7.29979,-0.019387
2.2575,-7.2455,-0.0192486
2.26,-7.20745,-0.0191507
2.2625,-7.19631,-0.0191203
2.265,-7.21661,-0.0191691
2.2675,-7.26456,-0.0192873
2.27,-7.32799,-0.0194438
2.2725,-7.38936,-0.0195942
2.275,-7.43092,-0.0196942
2.2775,-7.43933,-0.0197112
2.28,-7.4079,-0.0196288
2.2825,-7.33616,-0.0194454
2.285,-7.22889,-0.019172
2.2875,-7.09508,-0.0188296
2.29,-6.94686,-0.0184477
2.2925,-6.79797,-0.0180606
2.295,-6.6619,-0.017703
2.2975,-6.54976,-0.0174042
2.3,-6.46786,-0.017182
2.3025,-6.41581,-0.017037
2.305,-6.38642,-0.016952
2.3075,-6.36787,-0.0168974
2.31,-6.3473,-0.0168406
2.3125,-6.31397,-0.0167536
2.315,-6.26107,-0.0166181
2.3175,-6.18661,-0.0164277
2.32,-6.09392,-0.016189
2.3225,-5.99156,-0.0159225
2.325,-5.89197,-0.0156596
2.3275,-5.80863,-0.0154352
2.33,-5.75232,-0.0152782
2.3325,-5.72787,-0.0152023
2.335,-5.73252,-0.0152016
2.3375,-5.75659,-0.0152522
2.34,-5.78652,-0.0153202
2.3425,-5.80885,-0.0153718
2.345,-5.81297,-0.0153803
2.3475,-5.79187,-0.0153272
2.35,-5.74187,-0.0152013
2.3525,-5.66235,-0.014999
2.355,-5.55596,-0.0147249
2.3575,-5.42858,-0.0143927
2.36,-5.28892,-0.014024
2.3625,-5.14728,-0.0136458
2.365,-5.01357,-0.0132852
2.3675,-4.89523,-0.0129631
2.37,-4.79571,-0.0126908
2.3725,-4.71415,-0.0124675
2.375,-4.64626,-0.0122835
2.3775,-4.58591,-0.0121231
2.38,-4.52647,-0.0119686
2.3825,-4.46184,-0.0118031
2.385,-4.3873,-0.0116126
2.3875,-4.3006,-0.0113894
2.39,-4.20307,-0.0111353
2.3925,-4.10006,-0.0108633
2.395,-3.99999,-0.0105953
2.3975,-3.91227,-0.0103564
2.4,-3.84435,-0.0101675
2.4025,-3.79942,-0.0100383
2.405,-3.77563,-0.00996524
2.4075,-3.76724,-0.00993455
2.41,-3.76668,-0.00992732
2.4125,-3.76658,-0.00992473
2.415,-3.76082,-0.00991047
2.4175,-3.74443,-0.00987072
2.42,-3.71331,-0.00979332
2.4225,-3.66408,-0.00966785
2.425,-3.5944,-0.00948675
2.4275,-3.50355,-0.00924716
2.43,-3.39291,-0.00895245
2.4325,-3.26605,-0.00861253
2.435,-3.12828,-0.00824239
2.4375,-2.98555,-0.00785913
2.44,-2.84339,-0.00747852
2.4425,-2.70603,-0.0071126
2.445,-2.57613,-0.0067688
2.4475,-2.45487,-0.00645016
2.45,-2.34205,-0.00615563
2.4525,-2.23615,-0.0058804
2.455,-2.1343,-0.00561599
2.4575,-2.03264,-0.00535136
2.46,-1.92711,-0.00507507
2.4625,-1.81453,-0.00477848
2.465,-1.69376,-0.0044587
2.4675,-1.56633,-0.00412021
2.47,-1.43613,-0.00377402
2.4725,-1.3083,-0.00343438
2.475,-1.18764,-0.00311443
2.4775,-1.07727,-0.00282266
2.48,-0.978135,-0.0025616
2.4825,-0.889353,-0.00232875
2.485,-0.808994,-0.00211872
2.4875,-0.734811,-0.00192526
2.49,-0.664655,-0.00174237
2.4925,-0.596571,-0.00156465
2.495,-0.528674,-0.00138697
2.4975,-0.458964,-0.00120406
2.5,-0.385179,-0.00101011
2.5025,-0.304798,-0.000798757
2.505,-0.215239,-0.000563573
2.5075,-0.114175,-0.000298714
2.51,0.000170156,4.44954e-07
2.5125,0.128661,0.000336427
2.515,0.27084,0.000708527
2.5175,0.424861,0.00111247
2.52,0.588061,0.00154171
2.5225,0.757652,0.0019891
2.525,0.930807,0.00244697
2.5275,1.10436,0.00290633
2.53,1.27486,0.00335715
2.5325,1.43908,0.00378995
2.535,1.59443,0.00419741
2.5375,1.7396,0.00457613
2.54,1.87538,0.00492873
2.5425,2.00495,0.00526452
2.545,2.13296,0.00559698
2.5475,2.26392,0.00593906
2.55,2.40051,0.00629881
2.5525,2.54256,0.00667628
2.555,2.68713,0.00706351
2.5575,2.8299,0.00744808
2.56,2.96649,0.00781706
2.5625,3.09285,0.00815815
2.565,3.20521,0.00845985
2.5675,3.30039,0.00871273
2.57,3.37622,0.00891081
2.5725,3.43195,0.00905279
2.575,3.46879,0.00914344
2.5775,3.49036,0.00919443
2.58,3.5028,0.00922362
2.5825,3.514,0.00925307
2.585,3.53226,0.00930517
2.5875,3.56476,0.0093986
2.59,3.61659,0.00954605
2.5925,3.69071,0.00975393
2.595,3.78809,0.010023
2.5975,3.90789,0.010349
2.6,4.04732,0.010723
2.6025,4.20088,0.0111294
2.605,4.36005,0.0115455
2.6075,4.51442,0.0119446
2.61,4.65447,0.0123035
2.6125,4.77478,0.0126107
2.615,4.87573,0.0128697
2.6175,4.96295,0.0130974
2.62,5.04466,0.0133161
2.6225,5.12881,0.0135463
2.625,5.22119,0.0138016
2.6275,5.3245,0.0140871
2.63,5.43822,0.014399
2.6325,5.55855,0.0147248
2.635,5.67851,0.0150444
2.6375,5.78841,0.0153319
2.64,5.87737,0.0155599
2.6425,5.93571,0.0157053
2.645,5.9578,0.0157563
2.6475,5.94416,0.0157169
2.65,5.90163,0.0156065
2.6525,5.84169,0.0154558
2.655,5.77773,0.0152992
2.6575,5.72262,0.015169
2.66,5.68731,0.0150918
2.6625,5.68036,0.0150879
2.665,5.70757,0.0151705
2.6675,5.77095,0.0153436
2.67,5.86707,0.0155977
2.6725,5.98587,0.0159065
2.675,6.1118,0.0162301
2.6775,6.22799,0.0165263
2.68,6.32172,0.0167644
2.6825,6.38808,0.0169339
2.685,6.4303,0.0170448
2.6875,6.45748,0.0171211
2.69,6.48139,0.0171923
2.6925,6.51391,0.0172877
2.695,6.56496,0.017431
2.6975,6.64059,0.0176359
2.7,6.74099,0.0179014
2.7025,6.85893,0.0182078
2.705,6.98003,0.0185179
2.7075,7.08588,0.0187856
2.71,7.15953,0.0189695
2.7125,7.19023,0.0190447
2.715,7.17547,0.0190065
2.7175,7.12037,0.0188688
2.72,7.03542,0.0186577
2.7225,6.93397,0.018406
2.725,6.83026,0.0181481
2.7275,6.73865,0.0179194
2.73,6.67259,0.0177533
2.7325,6.64257,0.017677
2.735,6.65301,0.0177025
2.7375,6.6997,0.0178197
2.74,6.76984,0.0179966
2.7425,6.84579,0.0181886
2.745,6.91076,0.0183536
2.7475,6.95351,0.0184639
2.75,6.9701,0.0185098
2.7525,6.9635,0.0184986
2.755,6.94243,0.018451
2.7575,6.91958,0.018398
2.76,6.90927,0.0183748
2.7625,6.92436,0.0184138
2.765,6.9728,0.0185352
2.7675,7.05411,0.0187383
2.77,7.1579,0.0189967
2.7725,7.26609,0.0192651
2.775,7.35867,0.019494
2.7775,7.41984,0.0196455
2.78,7.44099,0.0196992
2.7825,7.42013,0.0196502
2.785,7.35996,0.0195038
2.7875,7.26688,0.0192735
2.79,7.15051,0.0189812
2.7925,7.0232,0.018656
2.795,6.89893,0.0183329
2.7975,6.79131,0.0180473
2.8,6.71032,0.0178266
2.8025,6.65918,0.0176813
2.805,6.63315,0.0176016
2.8075,6.62157,0.017562
2.81,6.61188,0.0175314
2.8125,6.59343,0.017483
2.815,6.55927,0.0173982
2.8175,6.50662,0.0172682
2.82,6.43713,0.0170951
2.8225,6.35744,0.0168932
2.825,6.27871,0.0166894
2.8275,6.21446,0.0165178
2.83,6.17664,0.0164098
2.8325,6.17149,0.0163826
2.835,6.19675,0.016432
2.8375,6.24203,0.0165327
2.84,6.29227,0.0166478
2.8425,6.33286,0.0167418
2.845,6.35308,0.0167886
2.8475,6.34668,0.0167726
2.85,6.31068,0.0166846
2.8525,6.24426,0.01652
2.855,6.1486,0.0162788
2.8575,6.02737,0.0159675
2.86,5.88703,0.0156011
2.8625,5.7363,0.0152015
2.865,5.58453,0.0147938
2.8675,5.4395,0.0144002
2.87,5.30555,0.0140346
2.8725,5.18304,0.0137007
2.875,5.06924,0.0133933
2.8775,4.96012,0.0131031
2.88,4.85156,0.0128193
2.8825,4.73994,0.0125312
2.885,4.62225,0.0122293
2.8875,4.49687,0.0119069
2.89,4.36486,0.0115648
2.8925,4.23098,0.0112137
2.895,4.10336,0.0108743
2.8975,3.99153,0.0105723
2.9,3.90315,0.0103287
2.9025,3.84099,0.0101526
2.905,3.80178,0.0100368
2.9075,3.77763,0.00996232
2.91,3.75913,0.00990575
2.9125,3.73826,0.00984685
2.915,3.70958,0.00977149
2.9175,3.66988,0.00967038
2.92,3.61691,0.00953623
2.9225,3.54867,0.00936191
2.925,3.4632,0.00914061
2.9275,3.35915,0.00886753
2.93,3.23646,0.00854199
2.9325,3.09682,0.00816879
2.935,2.94354,0.00775777
2.9375,2.78089,0.00732164
2.94,2.6131,0.00687305
2.9425,2.44382,0.00642271
2.945,2.27601,0.00597889
2.9475,2.11204,0.00554778
2.95,1.9537,0.00513351
2.9525,1.8019,0.00473754
2.955,1.65612,0.00435756
2.9575,1.51436,0.00398742
2.96,1.37369,0.00361878
2.9625,1.23139,0.00324431
2.965,1.08642,0.00286145
2.9675,0.9404,0.00247503
2.97,0.797615,0.00209701
2.9725,0.663717,0.00174282
2.975,0.543705,0.00142595
2.9775,0.440175,0.00115325
2.98,0.352677,0.000923392
2.9825,0.278374,0.000728672
2.985,0.213392,0.000558668
2.9875,0.154046,0.000403495
2.99,0.0975042,0.000255564
2.9925,0.0418763,0.000109832
2.995,-0.0140526,-3.6874e-05
2.9975,-0.0712111,-0.000186881
3,-0.130607,-0.000342656
3.0025,-0.193562,-0.000507472
3.005,-0.261723,-0.000685532
3.0075,-0.3369,-0.000881614
3.01,-0.420846,-0.00110053
3.0125,-0.514951,-0.00134629
3.015,-0.619792,-0.00162085
3.0175,-0.734866,-0.00192333
3.02,-0.858991,-0.00225095
3.0225,-0.990981,-0.00260063
3.025,-1.12963,-0.00296889
3.0275,-1.27316,-0.00335035
3.03,-1.41905,-0.00373739
3.0325,-1.56452,-0.00412163
3.035,-1.70688,-0.00449542
3.0375,-1.84402,-0.00485311
3.04,-1.97536,-0.0051936
3.0425,-2.10268,-0.00552262
3.045,-2.22956,-0.00585085
3.0475,-2.35926,-0.00618823
3.05,-2.49272,-0.00653844
3.0525,-2.62771,-0.00689641
3.055,-2.75956,-0.00724974
3.0575,-2.88292,-0.00758339
3.06,-2.99333,-0.00788419
3.0625,-3.08761,-0.0081419
3.065,-3.16361,-0.00834908
3.0675,-3.22026,-0.00850168
3.07,-3.25763,-0.0085994
3.0725,-3.27663,-0.00864522
3.075,-3.27898,-0.00864524
3.0775,-3.26766,-0.00860935
3.08,-3.24738,-0.00855185
3.0825,-3.22457,-0.00849093
3.085,-3.20647,-0.00844636
3.0875,-3.19988,-0.00843592
3.09,-3.21019,-0.00847315
3.0925,-3.2412,-0.00856677
3.095,-3.29519,-0.00872116
3.0975,-3.37326,-0.00893744
3.1,-3.47515,-0.00921334
3.1025,-3.59828,-0.00954097
3.105,-3.73677,-0.00990437
3.1075,-3.88191,-0.010281
3.11,-4.0245,-0.0106479
3.1125,-4.15812,-0.0109904
3.115,-4.28138,-0.0113075
3.1175,-4.39763,-0.0116102
3.12,-4.5125,-0.0119144
3.1225,-4.63109,-0.0122336
3.125,-4.75632,-0.0125745
3.1275,-4.88853,-0.012936
3.13,-5.02565,-0.0133101
3.1325,-5.16348,-0.0136831
3.135,-5.29585,-0.0140366
3.1375,-5.41494,-0.0143492
3.14,-5.51227,-0.0145993
3.1425,-5.58032,-0.0147694
3.145,-5.61463,-0.0148509
3.1475,-5.61564,-0.0148479
3.15,-5.5892,-0.014778
3.1525,-5.54554,-0.0146688
3.155,-5.49683,-0.0145522
3.1575,-5.4549,-0.0144577
3.16,-5.42977,-0.0144095
3.1625,-5.42948,-0.0144259
3.165,-5.46009,-0.0145206
3.1675,-5.52504,-0.0147008
3.17,-5.6236,-0.0149636
3.1725,-5.7491,-0.0152912
3.175,-5.88918,-0.0156521
3.1775,-6.02884,-0.0160085
3.18,-6.15554,-0.0163307
3.1825,-6.26338,-0.0166062
3.185,-6.35405,-0.0168417
3.1875,-6.43482,-0.0170571
3.19,-6.51529,-0.0172771
3.1925,-6.60481,-0.017524
3.195,-6.71089,-0.0178149
3.1975,-6.8377,-0.0181578
3.2,-6.98435,-0.0185475
3.2025,-7.14359,-0.0189633
3.205,-7.30196,-0.01937
3.2075,-7.44219,-0.0197242
3.21,-7.54762,-0.0199859
3.2125,-7.60683,-0.0201298
3.215,-7.6166,-0.0201508
3.2175,-7.582,-0.020064
3.22,-7.514,-0.0198975
3.2225,-7.42639,-0.0196853
3.225,-7.33338,-0.0194612
3.2275,-7.24855,-0.0192574
3.23,-7.18419,-0.0191032
3.2325,-7.15018,-0.0190226
3.235,-7.1517,-0.0190288
3.2375,-7.18666,-0.0191169
3.24,-7.24474,-0.0192612
3.2425,-7.30977,-0.0194214
3.245,-7.36515,-0.0195568
3.2475,-7.39926,-0.0196395
3.25,-7.40824,-0.0196614
3.2525,-7.39586,-0.0196325
3.255,-7.3717,-0.0195764
3.2575,-7.34879,-0.0195249
3.26,-7.34113,-0.0195119
3.2625,-7.36119,-0.0195678
3.265,-7.41659,-0.0197109
3.2675,-7.50653,-0.0199386
3.27,-7.61994,-0.0202218
3.2725,-7.73714,-0.0205107
3.275,-7.83538,-0.020749
3.2775,-7.89578,-0.0208917
3.28,-7.90763,-0.0209144
3.2825,-7.86862,-0.0208127
3.285,-7.78313,-0.0205972
3.2875,-7.66014,-0.0202885
3.29,-7.51143,-0.0199137
3.2925,-7.35026,-0.019504
3.295,-7.19061,-0.0190934
3.2975,-7.04588,-0.0187157
3.3,-6.92628,-0.018398
3.3025,-6.83554,-0.0181519
3.305,-6.76927,-0.0179679
3.3075,-6.71653,-0.01782
3.31,-6.66387,-0.0176748
3.3125,-6.59962,-0.0175033
3.315,-6.5166,-0.017287
3.3175,-6.41292,-0.01702
3.32,-6.29208,-0.0167096
3.3225,-6.16271,-0.0163759
3.325,-6.03794,-0.0160512
3.3275,-5.93324,-0.0157748
3.33,-5.86287,-0.0155837
3.3325,-5.8355,-0.0155013
3.335,-5.85046,-0.0155269
3.3375,-5.89676,-0.0156328
3.34,-5.95609,-0.0157726
3.3425,-6.00856,-0.0158966
3.345,-6.03797,-0.0159646
3.3475,-6.03419,-0.0159514
3.35,-5.99281,-0.015845
3.3525,-5.91373,-0.0156436
3.355,-5.8001,-0.0153527
3.3575,-5.65788,-0.0149852
3.36,-5.49552,-0.0145614
3.3625,-5.32334,-0.0141071
3.365,-5.15214,-0.0136508
3.3675,-4.99111,-0.0132179
3.37,-4.84563,-0.0128244
3.3725,-4.71607,-0.0124736
3.375,-4.59849,-0.0121569
3.3775,-4.48665,-0.0118591
3.38,-4.37413,-0.0115633
3.3825,-4.25555,-0.0112549
3.385,-4.12711,-0.0109223
3.3875,-3.9873,-0.0105598
3.39,-3.83793,-0.0101705
3.3925,-3.68511,-0.00976892
3.395,-3.53925,-0.009382
3.3975,-3.41334,-0.00904426
3.4,-3.31954,-0.00878865
3.4025,-3.26501,-0.00863525
3.405,-3.24924,-0.00858379
3.4075,-3.26415,-0.00861406
3.41,-3.2971,-0.00869372
3.4125,-3.33479,-0.00878855
3.415,-3.36615,-0.00886988
3.4175,-3.38332,-0.00891673
3.42,-3.38113,-0.00891454
3.4225,-3.35626,-0.00885314
3.425,-3.30676,-0.00872592
3.4275,-3.23219,-0.00853045
3.43,-3.13401,-0.00826998
3.4325,-3.01588,-0.00795424
3.435,-2.88334,-0.00759863
3.4375,-2.74286,-0.00722144
3.44,-2.60047,-0.00683991
3.4425,-2.46071,-0.00646706
3.445,-2.32624,-0.00611053
3.4475,-2.19813,-0.00577325
3.45,-2.07631,-0.00545466
3.4525,-1.95972,-0.00515126
3.455,-1.84619,-0.0048564
3.4575,-1.73236,-0.00456029
3.46,-1.61416,-0.0042514
3.4625,-1.48788,-0.0039196
3.465,-1.3518,-0.00356032
3.4675,-1.20752,-0.00317827
3.47,-1.06052,-0.00278855
3.4725,-0.919102,-0.0024138
3.475,-0.792166,-0.00207787
3.4775,-0.686478,-0.00179873
3.48,-0.6049,-0.0015838
3.4825,-0.546179,-0.00142958
3.485,-0.50613,-0.00132488
3.4875,-0.47929,-0.00125516
3.49,-0.460262,-0.00120609
3.4925,-0.444427,-0.00116537
3.495,-0.428096,-0.00112312
3.4975,-0.408316,-0.00107145
3.5,-0.382555,-0.00100365
3.5025,-0.348414,-0.000913533
3.505,-0.303534,-0.000795167
3.5075,-0.245678,-0.000643022
3.51,-0.172962,-0.000452387
3.5125,-0.0843022,-0.000220431
3.515,0.0200537,5.24472e-05
3.5175,0.138459,0.000362377
3.52,0.268476,0.000703463
3.5225,0.407559,0.00106939
3.525,0.553213,0.00145369
3.5275,0.70285,0.00184928
3.53,0.853729,0.00224827
3.5325,1.00301,0.00264238
3.535,1.14801,0.00302394
3.5375,1.28699,0.00338806
3.54,1.42039,0.003736
3.5425,1.55176,0.00407765
3.545,1.68734,0.00443025
3.5475,1.83394,0.0048127
3.55,1.99583,0.00523721
3.5525,2.17212,0.00570229
3.555,2.35651,0.00619159
3.5575,2.5395,0.00667976
3.56,2.71132,0.00714012
3.5625,2.86355,0.00754905
3.565,2.98972,0.00788794
3.5675,3.08603,0.00814537
3.57,3.1517,0.00831863
3.5725,3.18882,0.00841344
3.575,3.20189,0.00844291
3.5775,3.19756,0.00842629
3.58,3.18431,0.00838757
3.5825,3.17176,0.00835341
3.585,3.16939,0.00834944
3.5875,3.18489,0.00839614
3.59,3.22334,0.00850649
3.5925,3.2872,0.00868599
3.595,3.37686,0.00893427
3.5975,3.49139,0.00924718
3.6,3.62876,0.00961774
3.6025,3.78503,0.0100342
3.605,3.9532,0.0104773
3.6075,4.12344,0.0109213
3.61,4.28543,0.0113401
3.6125,4.43236,0.0117179
3.615,4.56407,0.0120568
3.6175,4.6873,0.0123768
3.62,4.81236,0.0127063
3.6225,4.94881,0.0130707
3.625,5.10211,0.0134835
3.6275,5.27261,0.0139441
3.63,5.45591,0.0144385
3.6325,5.64372,0.0149424
3.635,5.82483,0.0154239
3.6375,5.98627,0.015848
3.64,6.11534,0.016182
3.6425,6.20217,0.0164023
3.645,6.24212,0.0164996
3.6475,6.23743,0.0164826
3.65,6.19706,0.0163766
3.6525,6.13473,0.0162187
3.655,6.06583,0.0160487
3.6575,6.00448,0.0159028
3.66,5.96196,0.0158084
3.6625,5.94657,0.015785
3.665,5.96409,0.0158455
3.6675,6.01738,0.0159959
3.67,6.1049,0.0162312
3.6725,6.21876,0.0165303
3.675,6.34452,0.0168558
3.6775,6.46452,0.0171628
3.68,6.56389,0.0174148
3.6825,6.63604,0.0175972
3.685,6.6843,0.0177209
3.6875,6.71968,0.0178154
3.69,6.75654,0.0179177
3.6925,6.80881,0.0180627
3.695,6.88711,0.0182765
3.6975,6.99669,0.0185705
3.7,7.13574,0.0189379
3.7025,7.29417,0.0193507
3.705,7.45415,0.0197621
3.7075,7.59357,0.0201159
3.71,7.69195,0.0203617
3.7125,7.73599,0.0204687
3.715,7.72213,0.0204301
3.7175,7.65593,0.0202615
3.72,7.54954,0.0199935
3.7225,7.41833,0.0196642
3.725,7.27831,0.0193128
3.7275,7.14483,0.0189768
3.73,7.03218,0.0186917
3.7325,6.95232,0.0184881
3.735,6.91226,0.0183847
3.7375,6.91092,0.0183795
3.74,6.93795,0.0184465
3.7425,6.976,0.0185415
3.745,7.00628,0.0186167
3.7475,7.01454,0.0186362
3.75,6.9948,0.0185852
3.7525,6.9501,0.0184714
3.755,6.89096,0.018321
3.7575,6.83283,0.0181725
3.76,6.79304,0.0180699
3.7625,6.78735,0.0180534
3.765,6.82582,0.0181491
3.7675,6.90883,0.0183581
3.77,7.02517,0.0186512
3.7725,7.15421,0.0189753
3.775,7.27157,0.0192687
3.7775,7.35615,0.0194793
3.78,7.39457,0.0195749
3.7825,7.38172,0.0195429
3.785,7.31904,0.019386
3.7875,7.21298,0.0191184
3.79,7.07379,0.018764
3.7925,6.91463,0.0183544
3.795,6.7506,0.0179275
3.7975,6.59738,0.017524
3.8,6.46831,0.0171797
3.8025,6.37082,0.0169162
3.805,6.30408,0.0167334
3.8075,6.2595,0.0166107
3.81,6.22398,0.016515
3.8125,6.18423,0.0164118
3.815,6.13002,0.0162741
3.8175,6.05597,0.0160864
3.82,5.96245,0.0158476
3.8225,5.85625,0.0155733
3.825,5.75037,0.0152958
3.8275,5.6618,0.0150589
3.83,5.60693,0.0149061
3.8325,5.59658,0.014867
3.835,5.6322,0.0149467
3.8375,5.70495,0.0151231
3.84,5.79839,0.0153546
3.8425,5.8938,0.015594
3.845,5.97505,0.0158005
3.8475,6.03053,0.0159448
3.85,6.05284,0.0160066
3.8525,6.0378,0.0159734
3.855,5.98415,0.0158391
3.8575,5.89387,0.0156067
3.86,5.77255,0.015289
3.8625,5.62927,0.014909
3.865,5.47546,0.0144968
3.8675,5.32271,0.0140846
3.87,5.18022,0.0136986
3.8725,5.05286,0.0133542
3.875,4.9409,0.0130537
3.8775,4.84094,0.0127893
3.88,4.74742,0.0125463
3.8825,4.65394,0.0123066
3.885,4.55414,0.012052
3.8875,4.44313,0.0117673
3.89,4.31938,0.0114465
3.8925,4.18638,0.0110973
3.895,4.05298,0.0107423
3.8975,3.93174,0.0104151
3.9,3.8352,0.01015
3.9025,3.7717,0.00997054
3.905,3.74269,0.00988221
3.9075,3.74299,0.00987269
3.91,3.7633,0.00991867
3.9125,3.7935,0.00999423
3.915,3.82477,0.0100763
3.9175,3.8501,0.0101459
3.92,3.86365,0.0101862
3.9225,3.86001,0.0101814
3.925,3.834,0.0101159
3.9275,3.78113,0.00997681
3.93,3.69865,0.00975622
3.9325,3.58642,0.00945413
3.935,3.44739,0.0090795
3.9375,3.28723,0.00864895
3.94,3.11326,0.00818337
3.9425,2.93306,0.00770401
3.945,2.75345,0.00722938
3.9475,2.5798,0.00677351
3.95,2.41565,0.00634505
3.9525,2.26233,0.00594646
3.955,2.11865,0.00557344
3.9575,1.98089,0.00521515
3.96,1.84356,0.00485627
3.9625,1.70083,0.00448104
3.965,1.54845,0.00407842
3.9675,1.38555,0.00364675
3.97,1.21544,0.00319561
3.9725,1.04479,0.00274347
3.975,0.881522,0.00231185
3.9775,0.732369,0.00191864
3.98,0.601135,0.00157372
3.9825,0.488468,0.00127842
3.985,0.392729,0.00102803
3.9875,0.311213,0.000815068
3.99,0.241098,0.000631879
3.9925,0.179904,0.000471831
3.995,0.125562,0.000329481
3.9975,0.0762033,0.000199996
4,0.0297994,7.81887e-05
4.0025,-0.0162031,-4.24857e-05
4.005,-0.0650588,-0.000170428
4.0075,-0.12061,-0.000315645
4.01,-0.186978,-0.000488976
4.0125,-0.268072,-0.000700841
4.015,-0.366838,-0.000959277
4.0175,-0.484479,-0.00126787
4.02,-0.620279,-0.0016252
4.0225,-0.772158,-0.00202612
4.025,-0.93722,-0.00246297
4.0275,-1.11189,-0.00292584
4.03,-1.29189,-0.00340253
4.0325,-1.47232,-0.00387903
4.035,-1.64801,-0.00434094
4.0375,-1.8145,-0.00477626
4.04,-1.96971,-0.00517989
4.0425,-2.11534,-0.00555717
4.045,-2.25658,-0.00592308
4.0475,-2.40022,-0.00629687
4.05,-2.55187,-0.00669449
4.0525,-2.71348,-0.00712187
4.055,-2.88253,-0.00757237
4.0575,-3.0533,-0.00803008
4.06,-3.2189,-0.00847556
4.0625,-3.37254,-0.00888913
4.065,-3.50788,-0.0092523
4.0675,-3.61961,-0.00954968
4.07,-3.70386,-0.00977051
4.0725,-3.75827,-0.00990923
4.075,-3.78231,-0.00996608
4.0775,-3.77783,-0.00994827
4.08,-3.74991,-0.00987112
4.0825,-3.70698,-0.00975815
4.085,-3.65992,-0.00963852
4.0875,-3.62016,-0.00954201
4.09,-3.59777,-0.00949429
4.0925,-3.60037,-0.009514
4.095,-3.63274,-0.00961198
4.0975,-3.69708,-0.00979236
4.1,-3.79322,-0.0100533
4.1025,-3.91784,-0.010385
4.105,-4.06327,-0.0107668
4.1075,-4.21747,-0.0111674
4.11,-4.36663,-0.0115517
4.1125,-4.4997,-0.011893
4.115,-4.61256,-0.0121832
4.1175,-4.70905,-0.0124345
4.12,-4.79835,-0.0126719
4.1225,-4.8908,-0.0129225
4.125,-4.99458,-0.0132064
4.1275,-5.11399,-0.0135331
4.13,-5.24915,-0.0139003
4.1325,-5.39612,-0.0142952
4.135,-5.54714,-0.0146952
4.1375,-5.69115,-0.0150708
4.14,-5.8151,-0.0153886
4.1425,-5.90607,-0.0156176
4.145,-5.95432,-0.0157356
4.1475,-5.95613,-0.0157358
4.15,-5.91526,-0.0156302
4.1525,-5.84222,-0.0154466
4.155,-5.75161,-0.0152222
4.1575,-5.65888,-0.0149957
4.16,-5.57799,-0.0148009
4.1625,-5.52058,-0.0146659
4.165,-5.49607,-0.0146134
4.1675,-5.51109,-0.0146599
4.17,-5.5675,-0.01481
4.1725,-5.65973,-0.0150496
4.175,-5.77412,-0.0153437
4.1775,-5.89198,-0.0156449
4.18,-5.99607,-0.0159107
4.1825,-6.07663,-0.016118
4.185,-6.13385,-0.0162691
4.1875,-6.17601,-0.0163857
4.19,-6.2158,-0.0164999
4.1925,-6.26673,-0.016645
4.195,-6.34044,-0.0168491
4.1975,-6.44473,-0.0171301
4.2,-6.58154,-0.017491
4.2025,-6.74498,-0.0179152
4.205,-6.92053,-0.0183646
4.2075,-7.08732,-0.0187868
4.21,-7.22378,-0.0191288
4.2125,-7.31381,-0.0193533
4.215,-7.35037,-0.0194453
4.2175,-7.33565,-0.019412
4.22,-7.27881,-0.0192762
4.2225,-7.19279,-0.0190691
4.225,-7.09174,-0.0188241
4.2275,-6.98997,-0.0185747
4.23,-6.90173,-0.0183555
4.2325,-6.84032,-0.0182
4.235,-6.81522,-0.0181335
4.2375,-6.82807,-0.0181618
4.24,-6.87039,-0.0182647
4.2425,-6.92583,-0.0184015
4.245,-6.97617,-0.0185269
4.2475,-7.00775,-0.0186073
4.25,-7.01484,-0.0186289
4.2525,-6.99965,-0.0185968
4.255,-6.97097,-0.0185321
4.2575,-6.94226,-0.0184672
4.26,-6.9294,-0.0184408
4.2625,-6.9478,-0.0184913
4.265,-7.00863,-0.018647
4.2675,-7.1143,-0.018914
4.27,-7.25545,-0.0192682
4.2725,-7.41203,-0.0196586
4.275,-7.55929,-0.0200237
4.2775,-7.67573,-0.0203117
4.28,-7.74816,-0.0204921
4.2825,-7.77196,-0.0205546
4.285,-7.74863,-0.0205024
4.2875,-7.68371,-0.0203468
4.29,-7.58549,-0.0201053
4.2925,-7.4645,-0.0198017
4.295,-7.33327,-0.0194654
4.2975,-7.20548,-0.019131
4.3,-7.0934,-0.0188311
4.3025,-7.00407,-0.0185863
4.305,-6.93657,-0.0183973
4.3075,-6.8826,-0.0182455
4.31,-6.83033,-0.0181025
4.3125,-6.76897,-0.0179414
4.315,-6.69143,-0.0177435
4.3175,-6.59501,-0.0175004
4.32,-6.48143,-0.0172138
4.3225,-6.35733,-0.0168979
4.325,-6.23472,-0.0165814
4.3275,-6.12962,-0.0163044
4.33,-6.05825,-0.0161096
4.3325,-6.03164,-0.0160268
4.335,-6.05108,-0.016061
4.3375,-6.10665,-0.0161879
4.34,-6.18032,-0.0163625
4.3425,-6.25234,-0.0165357
4.345,-6.30693,-0.0166688
4.3475,-6.33447,-0.0167381
4.35,-6.3304,-0.016731
4.3525,-6.2932,-0.0166414
4.355,-6.22315,-0.0164669
4.3575,-6.12245,-0.0162099
4.36,-5.99565,-0.01588
4.3625,-5.84961,-0.0154936
4.365,-5.69264,-0.0150728
4.3675,-5.53283,-0.0146403
4.37,-5.37603,-0.0142141
4.3725,-5.22457,-0.0138035
4.375,-5.07756,-0.0134085
4.3775,-4.93235,-0.0130236
4.38,-4.78604,-0.0126412
4.3825,-4.636,-0.0122533
4.385,-4.4797,-0.0118513
4.3875,-4.31518,-0.0114274
4.39,-4.1425,-0.0109794
4.3925,-3.96561,-0.0105159
4.395,-3.7933,-0.0100593
4.3975,-3.63798,-0.00964281
4.4,-3.51207,-0.00930052
4.4025,-3.42345,-0.00905485
4.405,-3.3722,-0.00890766
4.4075,-3.35086,-0.00884077
4.41,-3.34778,-0.00882472
4.4125,-3.3514,-0.00882999
4.415,-3.35301,-0.00883396
4.4175,-3.3472,-0.00882181
4.42,-3.33068,-0.00878356
4.4225,-3.30097,-0.00871084
4.425,-3.25562,-0.00859548
4.4275,-3.19239,-0.00843006
4.43,-3.10976,-0.0082099
4.4325,-3.00758,-0.00793485
4.435,-2.88735,-0.00760988
4.4375,-2.75187,-0.00724404
4.44,-2.60461,-0.00684823
4.4425,-2.4492,-0.00643337
4.445,-2.28919,-0.00600956
4.4475,-2.12808,-0.00558599
4.45,-1.96913,-0.00517066
4.4525,-1.81483,-0.00476906
4.455,-1.666,-0.00438218
4.4575,-1.52123,-0.00400519
4.46,-1.37705,-0.00362818
4.4625,-1.22909,-0.00323936
4.465,-1.0741,-0.00283031
4.4675,-0.911934,-0.00240127
4.47,-0.746628,-0.00196375
4.4725,-0.585702,-0.00153834
4.475,-0.437754,-0.00114811
4.4775,-0.309493,-0.000810706
4.48,-0.203747,-0.00053325
4.4825,-0.11933,-0.0003122
4.485,-0.0524331,-0.000137199
4.4875,0.00158579,4.15179e-06
4.49,0.0468981,0.000122885
4.4925,0.0866477,0.000227235
4.495,0.122936,0.000322623
4.4975,0.157095,0.000412401
4.5,0.19009,0.000498941
4.5025,0.222945,0.000584802
4.505,0.257062,0.000673628
4.5075,0.29433,0.000770464
4.51,0.337019,0.000881436
4.5125,0.38745,0.00101287
4.515,0.44761,0.00117025
4.5175,0.518898,0.00135753
4.52,0.602067,0.00157695
4.5225,0.697286,0.0018291
4.525,0.804154,0.00211284
4.5275,0.921631,0.00242506
4.53,1.04785,0.00276009
4.5325,1.17988,0.00310941
4.535,1.31392,0.0034623
4.5375,1.4462,0.00380853
4.54,1.57469,0.00414289
4.5425,1.70065,0.0044694
4.545,1.82868,0.00480118
4.5475,1.96472,0.00515505
4.55,2.11287,0.00554302
4.5525,2.27271,0.00596487
4.555,2.43888,0.00640678
4.5575,2.60329,0.00684698
4.56,2.7579,0.00726311
4.5625,2.89605,0.00763596
4.565,3.01273,0.00795044
4.5675,3.10485,0.00819691
4.57,3.17144,0.00837195
4.5725,3.21322,0.00847783
4.575,3.23221,0.00852132
4.5775,3.23163,0.00851304
4.58,3.21616,0.00846732
4.5825,3.19208,0.00840227
4.585,3.16685,0.00833836
4.5875,3.14804,0.00829554
4.59,3.14228,0.00829061
4.5925,3.15477,0.00833594
4.595,3.1892,0.00843955
4.5975,3.24813,0.00860632
4.6,3.33301,0.00883854
4.6025,3.44326,0.00913349
4.605,3.57461,0.00947924
4.6075,3.71847,0.00985335
4.61,3.86385,0.010228
4.6125,4.00158,0.0105812
4.615,4.12851,0.0109074
4.6175,4.24866,0.0112195
4.62,4.37041,0.0115412
4.6225,4.50209,0.0118945
4.625,4.64885,0.0122922
4.6275,4.8117,0.0127352
4.63,4.98795,0.0132136
4.6325,5.17175,0.0137089
4.635,5.35453,0.0141959
4.6375,5.52569,0.0146452
4.64,5.67397,0.0150275
4.6425,5.78926,0.0153187
4.645,5.86489,0.0155049
4.6475,5.89953,0.0155865
4.65,5.89799,0.015579
4.6525,5.87029,0.0155104
4.655,5.82924,0.0154143
4.6575,5.78766,0.0153229
4.66,5.75651,0.0152622
4.6625,5.74455,0.0152518
4.665,5.75872,0.0153071
4.6675,5.80412,0.0154389
4.67,5.88232,0.0156503
4.6725,5.98885,0.0159291
4.675,6.1119,0.0162451
4.6775,6.23481,0.0165565
4.68,6.34212,0.0168259
4.6825,6.42585,0.0170363
4.685,6.48803,0.0171956
4.6875,6.53851,0.017331
4.69,6.59065,0.0174769
4.6925,6.65754,0.0176657
4.695,6.74984,0.0179226
4.6975,6.8741,0.0182613
4.7,7.03066,0.0186797
4.7025,7.21203,0.0191554
4.705,7.40252,0.0196462
4.7075,7.58073,0.0200974
4.71,7.72477,0.0204555
4.7125,7.81837,0.0206832
4.715,7.8548,0.0207679
4.7175,7.83731,0.0207208
4.72,7.77663,0.0205702
4.7225,7.68732,0.0203525
4.725,7.58475,0.0201043
4.7275,7.48357,0.0198601
4.73,7.39728,0.0196514
4.7325,7.3376,0.0195066
4.735,7.31212,0.0194447
4.7375,7.32088,0.0194662
4.74,7.35414,0.019547
4.7425,7.39411,0.0196425
4.745,7.42089,0.0197034
4.7475,7.41977,0.0196939
4.75,7.38555,0.0196026
4.7525,7.32257,0.0194411
4.755,7.24257,0.0192388
4.7575,7.16217,0.0190368
4.76,7.10003,0.0188813
4.7625,7.07375,0.0188165
4.765,7.096,0.0188744
4.7675,7.17008,0.019063
4.77,7.28659,0.0193572
4.7725,7.42408,0.0197012
4.775,7.55475,0.0200247
4.7775,7.65318,0.0202651
4.78,7.70287,0.0203835
4.7825,7.6976,0.020366
4.785,7.63924,0.0202173
4.7875,7.53524,0.0199547
4.79,7.39696,0.0196045
4.7925,7.23835,0.0191997
4.795,7.07497,0.0187782
4.7975,6.92243,0.0183796
4.8,6.79367,0.018038
4.8025,6.69527,0.017772
4.805,6.62473,0.0175776
4.8075,6.57086,0.0174278
4.81,6.51787,0.0172833
4.8125,6.45094,0.0171064
4.815,6.36002,0.0168712
4.8175,6.24117,0.016566
4.82,6.09651,0.0161943
4.8225,5.93445,0.0157756
4.825,5.76955,0.0153455
4.8275,5.621,0.0149533
4.83,5.50872,0.0146514
4.8325,5.44791,0.0144809
4.835,5.44378,0.0144569
4.8375,5.48893,0.0145611
4.84,5.56531,0.0147475
4.8425,5.65037,0.0149585
4.845,5.7236,0.0151424
4.8475,5.7703,0.015262
4.85,5.78195,0.0152948
4.8525,5.75489,0.0152295
4.855,5.68922,0.015064
4.8575,5.5886,0.0148051
4.86,5.46031,0.0144698
4.8625,5.31485,0.0140844
4.865,5.16459,0.0136814
4.8675,5.02116,0.0132929
4.87,4.89247,0.0129417
4.8725,4.78085,0.0126365
4.875,4.6832,0.0123714
4.8775,4.59305,0.0121307
4.88,4.50289,0.011895
4.8825,4.4057,0.011645
4.885,4.29549,0.0113632
4.8875,4.16795,0.0110361
4.89,4.02189,0.0106582
4.8925,3.86107,0.0102374
4.895,3.69535,0.0097988
4.8975,3.53974,0.00938219
4.9,3.41077,0.00903247
4.9025,3.32126,0.0087851
4.905,3.27605,0.00865442
4.9075,3.27095,0.00863071
4.91,3.29517,0.00868668
4.9125,3.3356,0.00878867
4.915,3.3803,0.0089057
4.9175,3.41998,0.00901298
4.92,3.44764,0.00909101
4.9225,3.45773,0.00912344
4.925,3.44572,0.00909643
4.9275,3.40841,0.00899996
4.93,3.34476,0.00883031
4.9325,3.25651,0.00859209
4.935,3.14824,0.00829829
4.9375,3.02643,0.00796759
4.94,2.89788,0.00761973
4.9425,2.76827,0.00727123
4.945,2.64154,0.00693346
4.9475,2.52002,0.00661292
4.95,2.40481,0.00631217
4.9525,2.29582,0.00603011
4.955,2.19135,0.0057611
4.9575,2.08774,0.00549408
4.96,1.97945,0.0052133
4.9625,1.86019,0.00490131
4.965,1.72475,0.0045442
4.9675,1.57131,0.00413757
4.97,1.40297,0.00369052
4.9725,1.22765,0.00322505
4.975,1.05599,0.00277014
4.9775,0.898118,0.00235294
4.98,0.760811,0.00199132
4.9825,0.646424,0.00169112
4.985,0.553602,0.00144833
4.9875,0.478918,0.00125355
4.99,0.418378,0.00109594
4.9925,0.368277,0.000965545
4.995,0.325468,0.000853946
4.9975,0.287237,0.000753958
5,0.250983,0.000658771
5.0025,0.213847,0.000561003
5.005,0.17255,0.000452262
5.0075,0.123554,0.000323512
5.01,0.063458,0.000166012
5.0125,-0.0105331,-2.75415e-05
5.015,-0.100143,-0.000261851
5.0175,-0.205674,-0.000538084
5.02,-0.325944,-0.000853635
5.0225,-0.458629,-0.00120284
5.025,-0.600882,-0.0015784
5.0275,-0.749874,-0.00197267
5.03,-0.902691,-0.00237732
5.0325,-1.05565,-0.00278176
5.035,-1.20418,-0.00317315
5.0375,-1.34402,-0.00353986
5.04,-1.47331,-0.00387703
5.0425,-1.59429,-0.00419108
5.045,-1.71369,-0.00450067
5.0475,-1.8413,-0.00483263
5.05,-1.98633,-0.00521228
5.0525,-2.15319,-0.0056521
5.055,-2.33935,-0.00614582
5.0575,-2.53685,-0.0066723
5.06,-2.73563,-0.00720419
5.0625,-2.92588,-0.00771421
5.065,-3.09908,-0.00817804
5.0675,-3.24853,-0.0085763
5.07,-3.36972,-0.00889596
5.0725,-3.46037,-0.00913102
5.075,-3.52053,-0.00928289
5.0775,-3.55297,-0.00936093
5.08,-3.56351,-0.00938265
5.0825,-3.56093,-0.00937289
5.085,-3.55574,-0.00936051
5.0875,-3.55832,-0.00937317
5.09,-3.57715,-0.00943278
5.0925,-3.61797,-0.00955327
5.095,-3.68372,-0.00974061
5.0975,-3.77519,-0.00999492
5.1,-3.89165,-0.0103123
5.1025,-4.03024,-0.0106838
5.105,-4.18445,-0.0110912
5.1075,-4.34316,-0.0115049
5.11,-4.49248,-0.0118895
5.1125,-4.62051,-0.0122162
5.115,-4.72308,-0.012477
5.1175,-4.80601,-0.0126899
5.12,-4.88241,-0.0128908
5.1225,-4.96695,-0.0131187
5.125,-5.07083,-0.0134024
5.1275,-5.1996,-0.0137549
5.13,-5.35319,-0.0141736
5.1325,-5.52668,-0.0146425
5.135,-5.71094,-0.0151347
5.1375,-5.89319,-0.0156148
5.14,-6.05827,-0.0160431
5.1425,-6.19095,-0.0163814
5.145,-6.27923,-0.0166017
5.1475,-6.31771,-0.0166934
5.15,-6.30933,-0.0166672
5.1525,-6.26468,-0.0165524
5.155,-6.19904,-0.0163894
5.1575,-6.12856,-0.0162191
5.16,-6.06754,-0.0160769
5.1625,-6.02739,-0.0159898
5.165,-6.01707,-0.0159787
5.1675,-6.04292,-0.0160584
5.17,-6.10693,-0.0162331
5.1725,-6.20366,-0.0164882
5.175,-6.31857,-0.0167857
5.1775,-6.43042,-0.0170714
5.18,-6.51844,-0.0172933
5.1825,-6.57031,-0.0174224
5.185,-6.58623,-0.0174615
5.1875,-6.57737,-0.0174407
5.19,-6.56092,-0.0174044
5.1925,-6.55504,-0.0173985
5.195,-6.57536,-0.0174621
5.1975,-6.63308,-0.0176223
5.2,-6.73324,-0.0178904
5.2025,-6.87234,-0.0182557
5.205,-7.03661,-0.0186809
5.2075,-7.20344,-0.0191076
5.21,-7.34715,-0.019471
5.2125,-7.44649,-0.0197195
5.215,-7.48984,-0.0198263
5.2175,-7.47625,-0.0197911
5.22,-7.41347,-0.019634
5.2225,-7.31471,-0.0193875
5.225,-7.19556,-0.0190898
5.2275,-7.0722,-0.0187801
5.23,-6.96103,-0.0184989
5.2325,-6.87793,-0.0182864
5.235,-6.83524,-0.0181753
5.2375,-6.83681,-0.0181767
5.24,-6.87438,-0.0182703
5.2425,-6.92876,-0.0184074
5.245,-6.97655,-0.0185283
5.2475,-6.99858,-0.0185846
5.25,-6.98503,-0.0185516
5.2525,-6.93611,-0.0184296
5.255,-6.86057,-0.0182397
5.2575,-6.77359,-0.0180191
5.26,-6.69414,-0.0178152
5.2625,-6.64215,-0.017679
5.265,-6.63475,-0.0176554
5.2675,-6.68112,-0.0177688
5.27,-6.77777,-0.0180108
5.2725,-6.90788,-0.018338
5.275,-7.04622,-0.0186861
5.2775,-7.16777,-0.0189926
5.28,-7.2545,-0.0192134
5.2825,-7.29687,-0.019325
5.285,-7.2919,-0.0193189
5.2875,-7.24138,-0.0191973
5.29,-7.15124,-0.0189725
5.2925,-7.03154,-0.0186674
5.295,-6.89643,-0.0183167
5.2975,-6.7632,-0.0179645
5.3,-6.64904,-0.0176568
5.3025,-6.56588,-0.017427
5.305,-6.51594,-0.0172839
5.3075,-6.4912,-0.0172092
5.31,-6.47734,-0.0171676
5.3125,-6.45931,-0.0171208
5.315,-6.42525,-0.0170377
5.3175,-6.36774,-0.0168973
5.32,-6.28399,-0.0166898
5.3225,-6.17676,-0.0164191
5.325,-6.05551,-0.0161067
5.3275,-5.93625,-0.0157927
5.33,-5.83825,-0.0155276
5.3325,-5.77832,-0.015357
5.335,-5.76486,-0.0153049
5.3375,-5.79484,-0.0153654
5.34,-5.85536,-0.015507
5.3425,-5.9292,-0.0156869
5.345,-6.00064,-0.0158661
5.3475,-6.05823,-0.0160159
5.35,-6.09424,-0.0161155
5.3525,-6.10284,-0.0161475
5.355,-6.07952,-0.0160969
5.3575,-6.02203,-0.0159544
5.36,-5.93185,-0.0157213
5.3625,-5.81513,-0.0154119
5.365,-5.68195,-0.0150526
5.3675,-5.54402,-0.0146757
5.37,-5.41141,-0.0143104
5.3725,-5.28989,-0.0139752
5.375,-5.18043,-0.0136758
5.3775,-5.08059,-0.0134076
5.38,-4.98644,-0.0131609
5.3825,-4.89344,-0.0129231
5.385,-4.79638,-0.0126786
5.3875,-4.68965,-0.0124098
5.39,-4.56873,-0.012102
5.3925,-4.43267,-0.01175
5.395,-4.286,-0.0113639
5.3975,-4.13873,-0.0109699
5.4,-4.00362,-0.0106028
5.4025,-3.89159,-0.0102935
5.405,-3.80771,-0.0100575
5.4075,-3.75009,-0.009892
5.41,-3.71214,-0.00978157
5.4125,-3.68635,-0.00970763
5.415,-3.66684,-0.00965523
5.4175,-3.64972,-0.00961369
5.42,-3.6319,-0.00957341
5.4225,-3.60964,-0.00952256
5.425,-3.57803,-0.00944597
5.4275,-3.53141,-0.00932677
5.43,-3.46462,-0.00915013
5.4325,-3.3745,-0.00890743
5.435,-3.26076,-0.0085989
5.4375,-3.12605,-0.00823326
5.44,-2.97494,-0.00782475
5.4425,-2.81281,-0.00738946
5.445,-2.64504,-0.00694281
5.4475,-2.47678,-0.00649875
5.45,-2.31276,-0.00606935
5.4525,-2.15679,-0.00566359
5.455,-2.01079,-0.00528524
5.4575,-1.87401,-0.00493091
5.46,-1.74276,-0.00458976
5.4625,-1.6113,-0.0042459
5.465,-1.47355,-0.00388315
5.4675,-1.32536,-0.00349093
5.47,-1.16628,-0.00306892
5.4725,-0.999968,-0.00262777
5.475,-0.83279,-0.00218521
5.4775,-0.671356,-0.00175917
5.48,-0.520264,-0.00136179
5.4825,-0.38127,-0.00099737
5.485,-0.253948,-0.000664261
5.4875,-0.137003,-0.000358515
5.49,-0.0292923,-7.67128e-05
5.4925,0.0697771,0.000182906
5.495,0.160323,0.000420607
5.4975,0.242289,0.000635984
5.5,0.315846,0.00082913
5.5025,0.381863,0.001002
5.505,0.442253,0.00115948
5.5075,0.500024,0.0013096
5.51,0.558981,0.00146265
5.5125,0.62326,0.00162987
5.515,0.696789,0.00182194
5.5175,0.782633,0.00204727
5.52,0.882481,0.00231064
5.5225,0.99661,0.00261298
5.525,1.12423,0.00295215
5.5275,1.26371,0.00332342
5.53,1.41249,0.00371911
5.5325,1.56678,0.00412815
5.535,1.72144,0.00453611
5.5375,1.87062,0.00492709
5.54,2.0094,0.00528819
5.5425,2.13578,0.00561492
5.545,2.25179,0.00591393
5.5475,2.36304,0.00620145
5.55,2.47637,0.00649698
5.5525,2.59669,0.00681442
5.555,2.7249,0.0071564
5.5575,2.85851,0.00751584
5.56,2.99368,0.00788157
5.5625,3.12656,0.00824178
5.565,3.25349,0.0085849
5.5675,3.37092,0.00889975
5.57,3.47526,0.00917569
5.5725,3.56271,0.00940255
5.575,3.62944,0.00957145
5.5775,3.67238,0.00967647
5.58,3.69062,0.00971759
5.5825,3.68677,0.00970369
5.585,3.66727,0.0096531
5.5875,3.64127,0.00959028
5.59,3.61869,0.00954079
5.5925,3.60847,0.00952684
5.595,3.61763,0.00956494
5.5975,3.65109,0.00966602
5.6,3.7119,0.00983633
5.6025,3.80072,0.0100763
5.605,3.91438,0.0103769
5.6075,4.0446,0.0107161
5.61,4.17865,0.0110613
5.6125,4.30293,0.0113788
5.615,4.40824,0.0116471
5.6175,4.49328,0.0118656
5.62,4.5641,0.012052
5.6225,4.63041,0.012232
5.625,4.70157,0.0124298
5.6275,4.78429,0.0126613
5.63,4.88215,0.0129335
5.6325,4.99597,0.0132458
5.635,5.12378,0.0135903
5.6375,5.26045,0.0139519
5.64,5.39738,0.0143076
5.6425,5.52298,0.0146284
5.645,5.62468,0.014884
5.6475,5.6923,0.0150513
5.65,5.72134,0.0151218
5.6525,5.71462,0.015105
5.655,5.68119,0.0150253
5.6575,5.63358,0.0149145
5.66,5.58478,0.0148043
5.6625,5.54666,0.0147228
5.665,5.52963,0.0146943
5.6675,5.54261,0.0147402
5.67,5.59162,0.0148749
5.6725,5.67684,0.0150989
5.675,5.7899,0.0153905
5.6775,5.91442,0.0157083
5.68,6.03129,0.0160046
5.6825,6.12597,0.0162447
5.685,6.1933,0.016418
5.6875,6.23762,0.0165372
5.69,6.26927,0.0166292
5.6925,6.3008,0.016725
5.695,6.34444,0.0168541
5.6975,6.41062,0.0170409
5.7,6.50659,0.0173016
5.7025,6.63439,0.0176395
5.705,6.78854,0.0180392
5.7075,6.95511,0.0184645
5.71,7.11426,0.018866
5.7125,7.24601,0.0191953
5.715,7.33624,0.0194201
5.7175,7.37969,0.0195301
5.72,7.37947,0.0195349
5.7225,7.34443,0.0194564
5.725,7.28624,0.0193224
5.7275,7.21765,0.0191622
5.73,7.15213,0.0190071
5.7325,7.10356,0.0188908
5.735,7.08424,0.018844
5.7375,7.10065,0.0188842
5.74,7.14927,0.0190036
5.7425,7.21613,0.0191676
5.745,7.28175,0.0193283
5.7475,7.32882,0.0194436
5.75,7.34764,0.0194909
5.7525,7.33704,0.0194677
5.755,7.30268,0.0193879
5.7575,7.255,0.019276
5.76,7.20767,0.0191643
5.7625,7.17609,0.0190901
5.765,7.17495,0.0190898
5.7675,7.21431,0.0191887
5.77,7.29495,0.0193891
5.7725,7.40594,0.0196631
5.775,7.52688,0.0199598
5.7775,7.63484,0.0202229
5.78,7.71192,0.0204103
5.7825,7.74857,0.0205002
5.785,7.74251,0.0204875
5.7875,7.69631,0.0203773
5.79,7.61585,0.0201817
5.7925,7.50978,0.0199189
5.795,7.38954,0.019615
5.7975,7.26875,0.0193029
5.8,7.16107,0.0190174
5.8025,7.07616,0.018785
5.805,7.01565,0.0186124
5.8075,6.97216,0.0184836
5.81,6.93253,0.0183674
5.8125,6.88342,0.0182317
5.815,6.81557,0.0180537
5.8175,6.72488,0.0178224
5.82,6.61157,0.0175363
5.8225,6.47966,0.0172029
5.825,6.3375,0.0168403
5.8275,6.1979,0.0164792
5.83,6.07641,0.0161588
5.8325,5.98749,0.0159172
5.835,5.93961,0.0157777
5.8375,5.93139,0.0157385
5.84,5.95138,0.0157718
5.8425,5.98233,0.0158352
5.845,6.00739,0.0158874
5.8475,6.01445,0.0158989
5.85,5.99697,0.0158531
5.8525,5.95234,0.0157422
5.855,5.88027,0.0155627
5.8575,5.7823,0.0153153
5.86,5.66235,0.0150072
5.8625,5.52692,0.0146531
5.865,5.3846,0.0142745
5.8675,5.24424,0.0138952
5.87,5.11226,0.0135339
5.8725,4.99053,0.0131985
5.875,4.87612,0.012884
5.8775,4.76346,0.0125782
5.88,4.64713,0.0122683
5.8825,4.52346,0.0119448
5.885,4.39037,0.011601
5.8875,4.24664,0.0112317
5.89,4.09198,0.0108337
5.8925,3.92824,0.0104091
5.895,3.76072,0.00997037
5.8975,3.59877,0.00954121
5.9,3.45408,0.00915297
5.9025,3.33711,0.00883458
5.905,3.25306,0.00860131
5.9075,3.19972,0.008449
5.91,3.16873,0.00835713
5.9125,3.14926,0.00829855
5.915,3.13188,0.00824925
5.9175,3.11027,0.00819282
5.92,3.08094,0.00811937
5.9225,3.04183,0.00802208
5.925,2.99125,0.00789473
5.9275,2.92772,0.00773169
5.93,2.85052,0.0075297
5.9325,2.76039,0.00729011
5.935,2.65981,0.00701973
5.9375,2.55244,0.00672915
5.94,2.44178,0.00642912
5.9425,2.33003,0.00612696
5.945,2.21775,0.00582542
5.9475,2.10459,0.00552437
5.95,1.99034,0.00522346
5.9525,1.87548,0.0049235
5.955,1.76071,0.00462545
5.9575,1.64604,0.00432825
5.96,1.53015,0.00402728
5.9625,1.4104,0.00371476
5.965,1.28381,0.0033824
5.9675,1.14863,0.00302567
5.97,1.00589,0.00264781
5.9725,0.860074,0.00226142
5.975,0.718237,0.00188587
5.9775,0.587761,0.00154109
5.98,0.473808,0.00124079
5.9825,0.377876,0.000988725
5.985,0.298058,0.000779602
5.9875,0.230548,0.000603111
5.99,0.17128,0.000448317
5.9925,0.116945,0.000306349
5.995,0.0652654,0.000171116
5.9975,0.0147958,3.88188e-05
6,-0.0354613,-9.3067e-05
6.0025,-0.086479,-0.000226928
6.005,-0.139494,-0.000365838
6.0075,-0.19601,-0.000513644
6.01,-0.257524,-0.000674291
6.0125,-0.325163,-0.000850876
6.015,-0.399438,-0.00104498
6.0175,-0.480221,-0.00125658
6.02,-0.566919,-0.00148445
6.0225,-0.658782,-0.00172684
6.025,-0.755247,-0.00198235
6.0275,-0.856177,-0.00225039
6.03,-0.961555,-0.00253039
6.0325,-1.07068,-0.00281987
6.035,-1.18171,-0.00311335
6.0375,-1.2921,-0.00340376
6.04,-1.39977,-0.00368541
6.0425,-1.50437,-0.00395763
6.045,-1.60831,-0.00422738
6.0475,-1.71676,-0.00450915
6.05,-1.83571,-0.00481969
6.0525,-1.96855,-0.0051688
6.055,-2.11362,-0.00555265
6.0575,-2.26486,-0.00595537
6.06,-2.41458,-0.00635632
6.0625,-2.55587,-0.00673636
6.065,-2.68373,-0.00708085
6.0675,-2.79531,-0.00738078
6.07,-2.88968,-0.00763239
6.0725,-2.96722,-0.00783613
6.075,-3.02921,-0.00799577
6.0775,-3.07768,-0.00811795
6.08,-3.11566,-0.00821228
6.0825,-3.14744,-0.00829163
6.085,-3.17825,-0.00837123
6.0875,-3.21339,-0.00846589
6.09,-3.25719,-0.00858734
6.0925,-3.31258,-0.0087428
6.095,-3.38113,-0.00893515
6.0975,-3.46359,-0.0091647
6.1,-3.56056,-0.0094312
6.1025,-3.67219,-0.00973346
6.105,-3.79703,-0.0100664
6.1075,-3.93067,-0.0104178
6.11,-4.06567,-0.0107684
6.1125,-4.19379,-0.0110979
6.115,-4.30997,-0.0113953
6.1175,-4.41531,-0.0116658
6.12,-4.51665,-0.0119296
6.1225,-4.62317,-0.012212
6.125,-4.74224,-0.0125325
6.1275,-4.87717,-0.0128991
6.13,-5.02707,-0.0133077
6.1325,-5.18808,-0.0137456
6.135,-5.35438,-0.0141948
6.1375,-5.5187,-0.0146337
6.14,-5.67266,-0.0150392
6.1425,-5.80753,-0.0153886
6.145,-5.91574,-0.0156638
6.1475,-5.99286,-0.0158561
6.15,-6.03921,-0.0159695
6.1525,-6.06013,-0.0160205
6.155,-6.06461,-0.0160347
6.1575,-6.06299,-0.0160394
6.16,-6.06471,-0.0160585
6.1625,-6.07748,-0.0161099
6.165,-6.10733,-0.0162066
6.1675,-6.15891,-0.0163581
6.17,-6.23478,-0.0165691
6.1725,-6.33355,-0.0168344
6.175,-6.44802,-0.0171344
6.1775,-6.5653,-0.0174361
6.18,-6.67034,-0.0177018
6.1825,-6.75162,-0.0179046
6.185,-6.80574,-0.0180386
6.1875,-6.83824,-0.0181207
6.19,-6.86053,-0.0181817
6.1925,-6.88569,-0.0182552
6.195,-6.92535,-0.0183704
6.1975,-6.98807,-0.0185473
6.2,-7.07822,-0.0187948
6.2025,-7.19487,-0.019108
6.205,-7.33059,-0.0194654
6.2075,-7.47151,-0.0198301
6.21,-7.59999,-0.0201569
6.2125,-7.69909,-0.0204041
6.215,-7.75703,-0.0205446
6.2175,-7.76966,-0.0205705
6.22,-7.74046,-0.0204931
6.2225,-7.67844,-0.0203361
6.225,-7.59555,-0.0201295
6.2275,-7.50475,-0.0199049
6.23,-7.41916,-0.0196941
6.2325,-7.35127,-0.0195274
6.235,-7.31129,-0.0194301
6.2375,-7.30415,-0.0194144
6.24,-7.32659,-0.0194721
6.2425,-7.36637,-0.0195716
6.245,-7.40525,-0.0196669
6.2475,-7.42528,-0.0197129
6.25,-7.41481,-0.0196812
6.2525,-7.37103,-0.0195658
6.255,-7.2992,-0.0193802
6.2575,-7.21066,-0.019153
6.26,-7.12054,-0.018922
6.2625,-7.04522,-0.0187283
6.265,-6.99939,-0.0186095
6.2675,-6.99279,-0.0185903
6.27,-7.02691,-0.0186745
6.2725,-7.09329,-0.0188399
6.275,-7.17487,-0.0190428
6.2775,-7.25078,-0.0192302
6.28,-7.3025,-0.0193561
6.2825,-7.31785,-0.019391
6.285,-7.29161,-0.0193219
6.2875,-7.22417,-0.0191493
6.29,-7.12063,-0.0188845
6.2925,-6.99021,-0.0185495
6.295,-6.84552,-0.018175
6.2975,-6.70141,-0.0177984
6.3,-6.57278,-0.0174583
6.3025,-6.47121,-0.0171857
6.305,-6.40134,-0.0169943
6.3075,-6.3589,-0.0168746
6.31,-6.33208,-0.0167973
6.3125,-6.30581,-0.0167242
6.315,-6.26649,-0.0166205
6.3175,-6.20486,-0.0164617
6.32,-6.11702,-0.0162366
6.3225,-6.00452,-0.0159473
6.325,-5.87464,-0.0156108
6.3275,-5.73997,-0.0152583
6.33,-5.61645,-0.0149307
6.3325,-5.51965,-0.0146693
6.335,-5.46044,-0.0145035
6.3375,-5.44184,-0.0144425
6.34,-5.45796,-0.0144722
6.3425,-5.49621,-0.0145611
6.345,-5.54142,-0.0146709
6.3475,-5.57971,-0.0147666
6.35,-5.60048,-0.0148206
6.3525,-5.59642,-0.0148133
6.355,-5.56301,-0.014731
6.3575,-5.49871,-0.0145677
6.36,-5.40575,-0.0143272
6.3625,-5.29053,-0.0140245
6.365,-5.16313,-0.0136854
6.3675,-5.03543,-0.0133413
6.37,-4.91825,-0.0130221
6.3725,-4.81851,-0.0127479
6.375,-4.7377,-0.0125247
6.3775,-4.67227,-0.0123449
6.38,-4.61548,-0.0121918
6.3825,-4.55965,-0.0120455
6.385,-4.4976,-0.0118865
6.3875,-4.42326,-0.0116975
6.39,-4.33243,-0.0114655
6.3925,-4.22397,-0.0111854
6.395,-4.10101,-0.0108639
6.3975,-3.97136,-0.0105205
6.4,-3.84618,-0.0101847
6.4025,-3.73697,-0.00988785
6.405,-3.65218,-0.00965366
6.4075,-3.5949,-0.00949177
6.41,-3.56272,-0.0093973
6.4125,-3.54955,-0.00935533
6.415,-3.54799,-0.00934722
6.4175,-3.55109,-0.00935488
6.42,-3.55279,-0.00936194
6.4225,-3.5476,-0.00935284
6.425,-3.53016,-0.00931195
6.4275,-3.49547,-0.00922446
6.43,-3.43971,-0.00907902
6.4325,-3.36135,-0.00887081
6.435,-3.26184,-0.00860369
6.4375,-3.14557,-0.00829006
6.44,-3.01881,-0.0079478
6.4425,-2.88813,-0.00759566
6.445,-2.75895,-0.00724921
6.4475,-2.63488,-0.00691878
6.45,-2.51775,-0.00660945
6.4525,-2.40795,-0.00632204
6.455,-2.30457,-0.00605351
6.4575,-2.20537,-0.00579691
6.46,-2.10668,-0.00554154
6.4625,-2.00382,-0.00527404
6.465,-1.89189,-0.00498088
6.4675,-1.76714,-0.00465198
6.47,-1.62826,-0.0042842
6.4725,-1.47718,-0.0038833
6.475,-1.31877,-0.00346302
6.4775,-1.15953,-0.00304127
6.48,-1.00571,-0.002635
6.4825,-0.861812,-0.00225617
6.485,-0.730007,-0.0019103
6.4875,-0.610513,-0.00159757
6.49,-0.502378,-0.00131504
6.4925,-0.40421,-0.00105868
6.495,-0.314563,-0.00082441
6.4975,-0.232017,-0.0006084
6.5,-0.155028,-0.000406631
6.5025,-0.0816599,-0.000214175
6.505,-0.0093675,-2.45591e-05
6.5075,0.0649955,0.000170304
6.51,0.144927,0.000379534
6.5125,0.233901,0.000612302
6.515,0.334872,0.000876539
6.5175,0.449635,0.00117723
6.52,0.578285,0.00151497
6.5225,0.71923,0.00188591
6.525,0.86982,0.00228327
6.5275,1.02704,0.00269899
6.53,1.18774,0.00312429
6.5325,1.34838,0.00354911
6.535,1.50489,0.00396215
6.5375,1.65321,0.00435228
6.54,1.79035,0.00471147
6.5425,1.9153,0.00503738
6.545,2.02982,0.00533526
6.5475,2.13893,0.00561924
6.55,2.25012,0.00590997
6.5525,2.37057,0.00622711
6.555,2.50413,0.00658106
6.5575,2.65028,0.00697035
6.56,2.80525,0.00738459
6.5625,2.96358,0.00780858
6.565,3.1193,0.00822549
6.5675,3.26672,0.00861906
6.57,3.40084,0.00897502
6.5725,3.51752,0.00928202
6.575,3.61383,0.00953278
6.5775,3.68839,0.00972484
6.58,3.74188,0.00986143
6.5825,3.77766,0.00995281
6.585,3.8019,0.0100163
6.5875,3.82268,0.0100739
6.59,3.84849,0.010148
6.5925,3.88667,0.0102575
6.595,3.9423,0.0104144
6.5975,4.01794,0.0106243
6.6,4.11403,0.0108866
6.6025,4.229,0.0111962
6.605,4.35877,0.0115415
6.6075,4.49617,0.0119031
6.61,4.6312,0.0122551
6.6125,4.75313,0.0125703
6.615,4.85407,0.0128302
6.6175,4.93224,0.0130319
6.62,4.99268,0.0131902
6.6225,5.04528,0.0133315
6.625,5.10113,0.0134849
6.6275,5.16919,0.013673
6.63,5.25448,0.0139078
6.6325,5.35789,0.0141898
6.635,5.47667,0.01451
6.6375,5.60496,0.0148516
6.64,5.73406,0.0151911
6.6425,5.8533,0.0155012
6.645,5.95169,0.0157546
6.6475,6.0204,0.0159299
6.65,6.05514,0.016018
6.6525,6.05746,0.0160245
6.655,6.03436,0.0159685
6.6575,5.99646,0.0158774
6.66,5.95554,0.0157811
6.6625,5.92268,0.0157068
6.665,5.90722,0.0156773
6.6675,5.91642,0.0157104
6.67,5.95471,0.0158169
6.6725,6.02196,0.0159962
6.675,6.11173,0.0162313
6.6775,6.21122,0.0164894
6.68,6.30439,0.0167298
6.6825,6.37737,0.0169177
6.685,6.423,0.0170363
6.6875,6.44256,0.0170895
6.69,6.44425,0.0170988
6.6925,6.44013,0.0170948
6.695,6.44293,0.0171095
6.6975,6.46357,0.0171702
6.7,6.50951,0.0172951
6.7025,6.58358,0.0174907
6.705,6.68265,0.0177486
6.7075,6.79699,0.0180436
6.71,6.91178,0.0183379
6.7125,7.01098,0.0185914
6.715,7.08173,0.0187727
6.7175,7.11702,0.018865
6.72,7.11614,0.0188669
6.7225,7.08363,0.0187897
6.725,7.02773,0.0186532
6.7275,6.95892,0.0184827
6.73,6.88895,0.018307
6.7325,6.83011,0.0181571
6.735,6.79373,0.0180623
6.7375,6.78737,0.0180432
6.74,6.81158,0.0181022
6.7425,6.85845,0.0182199
6.745,6.91377,0.0183606
6.7475,6.96212,0.0184853
6.75,6.99193,0.0185648
6.7525,6.99784,0.018585
6.755,6.98059,0.018547
6.7575,6.94624,0.0184648
6.76,6.90496,0.0183628
6.7625,6.86912,0.0182717
6.765,6.85092,0.0182226
6.7675,6.85965,0.0182398
6.77,6.89886,0.0183335
6.7725,6.96455,0.0184941
6.775,7.04568,0.0186946
6.7775,7.12761,0.0188986
6.78,7.19677,0.019073
6.7825,7.24369,0.0191944
6.785,7.26314,0.0192493
6.7875,7.25317,0.0192312
6.79,7.21456,0.0191398
6.7925,7.15095,0.0189818
6.795,7.06906,0.0187725
6.7975,6.97854,0.0185356
6.8,6.89067,0.0183003
6.8025,6.81575,0.0180946
6.805,6.75989,0.0179365
6.8075,6.72282,0.0178278
6.81,6.69845,0.0177549
6.8125,6.6778,0.0176961
6.815,6.65225,0.0176296
6.8175,6.61548,0.0175385
6.82,6.56392,0.017412
6.8225,6.49693,0.0172459
6.825,6.4173,0.0170449
6.8275,6.33166,0.016824
6.83,6.24946,0.0166065
6.8325,6.18051,0.016418
6.835,6.13184,0.016278
6.8375,6.10537,0.0161931
6.84,6.0973,0.0161557
6.8425,6.0999,0.0161478
6.845,6.10456,0.0161491
6.8475,6.10426,0.0161427
6.85,6.0943,0.0161166
6.8525,6.07145,0.0160615
6.855,6.03296,0.015968
6.8575,5.97647,0.0158274
6.86,5.90079,0.0156341
6.8625,5.80684,0.0153886
6.865,5.69804,0.0150989
6.8675,5.5798,0.0147793
6.87,5.45803,0.0144468
6.8725,5.33743,0.0141161
6.875,5.22036,0.0137958
6.8775,5.10689,0.0134882
6.88,4.99579,0.0131913
6.8825,4.88551,0.0129014
6.885,4.7745,0.0126136
6.8875,4.66103,0.0123219
6.89,4.54343,0.01202
6.8925,4.42083,0.0117034
6.895,4.29418,0.0113728
6.8975,4.16677,0.011036
6.9,4.04361,0.0107061
6.9025,3.92966,0.010397
6.905,3.82789,0.010118
6.9075,3.73815,0.00987033
6.91,3.65758,0.00964809
6.9125,3.58237,0.00944254
6.915,3.50948,0.00924651
6.9175,3.43745,0.00905626
6.92,3.36597,0.00887037
6.9225,3.2948,0.00868711
6.925,3.22288,0.00850224
6.9275,3.14798,0.00830846
6.93,3.06712,0.0080968
6.9325,2.97736,0.00785889
6.935,2.87661,0.00758933
6.9375,2.76414,0.00728684
6.94,2.64047,0.00695401
6.9425,2.50705,0.00659593
6.945,2.36587,0.00621893
6.9475,2.21927,0.00582989
6.95,2.06993,0.00543602
6.9525,1.92066,0.00504445
6.955,1.77402,0.00466116
6.9575,1.63162,0.00428959
6.96,1.49376,0.00392964
6.9625,1.35938,0.00357796
6.965,1.22664,0.00322937
6.9675,1.09378,0.00287925
6.97,0.96002,0.00252589
6.9725,0.826004,0.00217149
6.975,0.693596,0.0018215
6.9775,0.565041,0.00148225
6.98,0.441975,0.00115824
6.9825,0.324826,0.000850591
6.985,0.21292,0.000557313
6.9875,0.105065,0.000274988
6.99,0.000238642,6.24764e-07
6.9925,-0.102008,-0.000267184
6.995,-0.201504,-0.000528079
6.9975,-0.297658,-0.000780423
7,-0.389762,-0.00102214
7.0025,-0.477338,-0.00125168
7.005,-0.560418,-0.00146899
7.0075,-0.639639,-0.00167578
7.01,-0.716167,-0.00187536
7.0125,-0.791636,-0.00207236
7.015,-0.868051,-0.00227236
7.0175,-0.947487,-0.00248106
7.02,-1.0317,-0.00270324
7.0225,-1.12196,-0.00294234
7.025,-1.21915,-0.00320052
7.0275,-1.32367,-0.00347854
7.03,-1.43536,-0.0037753
7.0325,-1.55315,-0.00408742
7.035,-1.67495,-0.00440892
7.0375,-1.79784,-0.00473183
7.04,-1.91878,-0.00504821
7.0425,-2.0355,-0.00535242
7.045,-2.14699,-0.00564247
7.0475,-2.25363,-0.00592026
7.05,-2.35695,-0.00619075
7.0525,-2.45854,-0.00645889
7.055,-2.55892,-0.00672618
7.0575,-2.65732,-0.00699027
7.06,-2.75252,-0.00724733
7.0625,-2.84353,-0.0074938
7.065,-2.92978,-0.00772714
7.0675,-3.0112,-0.00794608
7.07,-3.08783,-0.00814992
7.0725,-3.15928,-0.00833751
7.075,-3.22461,-0.00850683
7.0775,-3.28243,-0.00865537
7.08,-3.33144,-0.00878098
7.0825,-3.3712,-0.00888371
7.085,-3.40279,-0.00896732
7.0875,-3.42886,-0.00903932
7.09,-3.45321,-0.00910972
7.0925,-3.4802,-0.00918931
7.095,-3.51395,-0.00928782
7.0975,-3.55805,-0.00941326
7.1,-3.6154,-0.009572
7.1025,-3.68788,-0.00976805
7.105,-3.77561,-0.0100012
7.1075,-3.87629,-0.0102654
7.11,-3.98516,-0.0105486
7.1125,-4.09608,-0.0108357
7.115,-4.20359,-0.011114
7.1175,-4.30478,-0.0113775
7.12,-4.39988,-0.0116281
7.1225,-4.49143,-0.011873
7.125,-4.58279,-0.0121208
7.1275,-4.67675,-0.0123779
7.13,-4.77478,-0.0126467
7.1325,-4.8771,-0.0129261
7.135,-4.98298,-0.0132122
7.1375,-5.09084,-0.0134997
7.14,-5.19805,-0.0137812
7.1425,-5.30079,-0.0140474
7.145,-5.39441,-0.0142876
7.1475,-5.47446,-0.0144921
7.15,-5.53806,-0.0146554
7.1525,-5.58501,-0.0147786
7.155,-5.61798,-0.0148699
7.1575,-5.64187,-0.014942
7.16,-5.66254,-0.0150091
7.1625,-5.68591,-0.0150847
7.165,-5.71747,-0.0151812
7.1675,-5.76196,-0.015309
7.17,-5.82287,-0.0154759
7.1725,-5.90127,-0.0156841
7.175,-5.99463,-0.0159272
7.1775,-6.09677,-0.0161899
7.18,-6.19935,-0.0164522
7.1825,-6.29483,-0.0166965
7.185,-6.37908,-0.0169142
7.1875,-6.4525,-0.0171078
7.19,-6.51908,-0.017288
7.1925,-6.58454,-0.0174691
7.195,-6.65457,-0.0176643
7.1975,-6.7337,-0.0178833
7.2,-6.82464,-0.0181309
7.2025,-6.92761,-0.0184057
7.205,-7.03979,-0.0186994
7.2075,-7.15509,-0.0189961
7.21,-7.26493,-0.0192747
7.2125,-7.35999,-0.0195132
7.215,-7.43269,-0.0196947
7.2175,-7.47917,-0.0198115
7.22,-7.5,-0.019867
7.2225,-7.49946,-0.0198724
7.225,-7.48404,-0.0198436
7.2275,-7.46114,-0.0197975
7.23,-7.43823,-0.019751
7.2325,-7.42229,-0.0197201
7.235,-7.41899,-0.0197178
7.2375,-7.4313,-0.0197513
7.24,-7.45805,-0.0198178
7.2425,-7.49336,-0.0199031
7.245,-7.52797,-0.019985
7.2475,-7.55244,-0.0200412
7.25,-7.56058,-0.0200576
7.2525,-7.55107,-0.0200323
7.255,-7.52713,-0.0199734
7.2575,-7.49532,-0.0198971
7.26,-7.4639,-0.019823
7.2625,-7.44129,-0.019771
7.265,-7.43451,-0.0197576
7.2675,-7.44766,-0.0197921
7.27,-7.48044,-0.0198733
7.2725,-7.52733,-0.0199868
7.275,-7.57807,-0.0201073
7.2775,-7.62019,-0.0202043
7.28,-7.64258,-0.0202515
7.2825,-7.6383,-0.020233
7.285,-7.60527,-0.0201446
7.2875,-7.54547,-0.0199911
7.29,-7.46385,-0.0197841
7.2925,-7.36733,-0.0195394
7.295,-7.26387,-0.0192756
7.2975,-7.16146,-0.0190116
7.3,-7.06718,-0.0187648
7.3025,-6.9857,-0.0185474
7.305,-6.91786,-0.0183623
7.3075,-6.85975,-0.0182008
7.31,-6.80378,-0.0180448
7.3125,-6.7413,-0.0178736
7.315,-6.66549,-0.0176707
7.3175,-6.57311,-0.0174279
7.32,-6.46475,-0.0171463
7.3225,-6.34445,-0.0168351
7.325,-6.21889,-0.01651
7.3275,-6.09665,-0.0161919
7.33,-5.98678,-0.0159033
7.3325,-5.89707,-0.0156641
7.335,-5.83208,-0.0154862
7.3375,-5.79149,-0.0153697
7.34,-5.76963,-0.0153007
7.3425,-5.75675,-0.0152552
7.345,-5.74178,-0.0152058
7.3475,-5.71522,-0.0151289
7.35,-5.67087,-0.0150089
7.3525,-5.60618,-0.014839
7.355,-5.52156,-0.0146191
7.3575,-5.41962,-0.0143548
7.36,-5.30467,-0.0140555
7.3625,-5.1822,-0.0137342
7.365,-5.0584,-0.0134065
7.3675,-4.93916,-0.0130877
7.37,-4.82872,-0.0127895
7.3725,-4.72845,-0.0125167
7.375,-4.63635,-0.0122656
7.3775,-4.5479,-0.0120255
7.38,-4.45758,-0.011783
7.3825,-4.3606,-0.0115258
7.385,-4.25396,-0.0112459
7.3875,-4.1367,-0.0109398
7.39,-4.00985,-0.0106093
7.3925,-3.87632,-0.0102605
7.395,-3.74089,-0.00990492
7.3975,-3.61002,-0.00955895
7.4,-3.49095,-0.00924154
7.4025,-3.39015,-0.00897014
7.405,-3.31142,-0.00875558
7.4075,-3.25471,-0.00859856
7.41,-3.21596,-0.00848934
7.4125,-3.18848,-0.00841107
7.415,-3.16488,-0.00834494
7.4175,-3.13878,-0.00827444
7.42,-3.10563,-0.00818741
7.4225,-3.06266,-0.00807596
7.425,-3.00844,-0.00793547
7.4275,-2.94262,-0.007764
7.43,-2.86584,-0.00756241
7.4325,-2.77986,-0.0073348
7.435,-2.68749,-0.00708853
7.4375,-2.59221,-0.00683314
7.44,-2.4974,-0.00657818
7.4425,-2.40542,-0.00633067
7.445,-2.31709,-0.00609354
7.4475,-2.2317,-0.00586549
7.45,-2.14754,-0.00564237
7.4525,-2.06261,-0.00541888
7.455,-1.97501,-0.00518973
7.4575,-1.88309,-0.00494999
7.46,-1.7854,-0.00469519
7.4625,-1.68074,-0.00442154
7.465,-1.5684,-0.00412673
7.4675,-1.44861,-0.00381122
7.47,-1.32296,-0.00347933
7.4725,-1.19457,-0.00313969
7.475,-1.06779,-0.00280413
7.4775,-0.947239,-0.00248532
7.48,-0.836757,-0.00219357
7.4825,-0.738418,-0.00193444
7.485,-0.652238,-0.00170792
7.4875,-0.576497,-0.00150935
7.49,-0.508462,-0.00133135
7.4925,-0.445142,-0.00116588
7.495,-0.383788,-0.00100555
7.4975,-0.322118,-0.000844233
7.5,-0.258306,-0.000677091
7.5025,-0.190844,-0.000500219
7.505,-0.118411,-0.000310281
7.5075,-0.0398224,-0.000104314
7.51,0.0458594,0.000120094
7.5125,0.1391,0.000364231
7.515,0.239708,0.000627755
7.5175,0.346842,0.000908679
7.52,0.459141,0.00120363
7.5225,0.574832,0.00150811
7.525,0.692016,0.00181715
7.5275,0.80917,0.00212659
7.53,0.925358,0.0024336
7.5325,1.03991,0.00273602
7.535,1.15219,0.00303185
7.5375,1.26184,0.00332007
7.54,1.36928,0.00360179
7.5425,1.47574,0.00388043
7.545,1.58329,0.00416179
7.5475,1.69502,0.00445453
7.55,1.81458,0.00476878
7.5525,1.94444,0.00511151
7.555,2.08424,0.00548187
7.5575,2.23056,0.00587074
7.56,2.37817,0.00626394
7.5625,2.52124,0.00664556
7.565,2.6545,0.00700101
7.5675,2.77428,0.00731983
7.57,2.87894,0.0075971
7.5725,2.96881,0.00783357
7.575,3.04591,0.00803497
7.5775,3.11344,0.00821055
7.58,3.17531,0.00837158
7.5825,3.2359,0.00853036
7.585,3.29963,0.0086992
7.5875,3.37044,0.00888883
7.59,3.45118,0.00910691
7.5925,3.54339,0.00935702
7.595,3.64704,0.00963831
7.5975,3.76088,0.00994632
7.6,3.88286,0.0102746
7.6025,4.01039,0.0106154
7.605,4.14029,0.0109599
7.6075,4.26876,0.0112979
7.61,4.3917,0.0116191
7.6125,4.5057,0.0119157
7.615,4.60954,0.0121857
7.6175,4.70534,0.0124361
7.62,4.79831,0.0126816
7.6225,4.89524,0.0129402
7.625,5.00218,0.0132278
7.6275,5.12244,0.0135525
7.63,5.25564,0.013912
7.6325,5.39789,0.0142948
7.635,5.54287,0.0146828
7.6375,5.68306,0.0150552
7.64,5.81097,0.0153921
7.6425,5.92025,0.0156774
7.645,6.00676,0.0159015
7.6475,6.06944,0.016063
7.65,6.11063,0.0161696
7.6525,6.13571,0.0162363
7.655,6.152,0.0162831
7.6575,6.16739,0.0163308
7.66,6.18883,0.0163967
7.6625,6.22154,0.0164934
7.665,6.26866,0.0166276
7.6675,6.33118,0.0168006
7.67,6.40789,0.0170084
7.6725,6.49493,0.0172403
7.675,6.58574,0.0174791
7.6775,6.67181,0.017703
7.68,6.74473,0.0178911
7.6825,6.79885,0.0180301
7.685,6.8335,0.0181195
7.6875,6.85337,0.0181724
7.69,6.86706,0.0182113
7.6925,6.88447,0.0182617
7.695,6.91427,0.0183456
7.6975,6.96205,0.0184766
7.7,7.02921,0.0186572
7.7025,7.1126,0.0188784
7.705,7.20474,0.0191201
7.7075,7.29504,0.0193547
7.71,7.37206,0.0195531
7.7125,7.42609,0.0196912
7.715,7.45123,0.0197547
7.7175,7.4464,0.0197418
7.72,7.41517,0.0196621
7.7225,7.36451,0.0195337
7.725,7.30319,0.0193787
7.7275,7.24038,0.0192198
7.73,7.1846,0.0190786
7.7325,7.14297,0.018973
7.735,7.12013,0.018915
7.7375,7.11694,0.0189071
7.74,7.12962,0.0189395
7.7425,7.14996,0.0189914
7.745,7.16727,0.0190354
7.7475,7.17152,0.0190459
7.75,7.15623,0.0190064
7.7525,7.12004,0.0189132
7.755,7.06693,0.0187762
7.7575,7.00521,0.0186163
7.76,6.94538,0.0184601
7.7625,6.89777,0.0183342
7.765,6.87033,0.0182593
7.7675,6.86695,0.0182461
7.77,6.88627,0.0182912
7.7725,6.92158,0.0183777
7.775,6.96227,0.0184785
7.7775,6.99666,0.0185641
7.78,7.01487,0.0186094
7.7825,7.01049,0.018598
7.785,6.98082,0.0185223
7.7875,6.92656,0.0183832
7.79,6.85148,0.0181893
7.7925,6.76179,0.0179556
7.795,6.66533,0.017702
7.7975,6.57067,0.0174505
7.8,6.48587,0.017223
7.8025,6.41689,0.0170358
7.805,6.36581,0.0168955
7.8075,6.33006,0.0167965
7.81,6.30322,0.0167228
7.8125,6.27712,0.0166535
7.815,6.24401,0.0165682
7.8175,6.19831,0.0164515
7.82,6.13759,0.0162958
7.8225,6.06315,0.0161032
7.825,5.97999,0.0158856
7.8275,5.89591,0.0156625
7.83,5.81968,0.015457
7.8325,5.75886,0.0152894
7.835,5.71794,0.0151725
7.8375,5.69728,0.0151083
7.84,5.69308,0.015088
7.8425,5.69873,0.0150954
7.845,5.70672,0.0151118
7.8475,5.7102,0.0151193
7.85,5.70362,0.0151031
7.8525,5.68286,0.0150512
7.855,5.64525,0.0149554
7.8575,5.58979,0.0148116
7.86,5.51749,0.0146213
7.8625,5.43142,0.014392
7.865,5.33649,0.0141364
7.8675,5.23863,0.013871
7.87,5.14359,0.0136119
7.8725,5.05562,0.0133717
7.875,4.97654,0.0131565
7.8775,4.90561,0.0129655
7.88,4.8401,0.0127916
7.8825,4.77618,0.0126246
7.885,4.70973,0.0124528
7.8875,4.63704,0.0122654
7.89,4.5557,0.0120547
7.8925,4.46525,0.0118182
7.895,4.36757,0.01156
7.8975,4.26661,0.0112903
7.9,4.16745,0.0110227
7.9025,4.07493,0.0107709
7.905,3.99238,0.0105448
7.9075,3.9209,0.0103484
7.91,3.85956,0.0101803
7.9125,3.80613,0.0100352
7.915,3.75798,0.00990637
7.9175,3.71248,0.00978677
7.92,3.66705,0.00966892
7.9225,3.61894,0.00954463
7.925,3.56506,0.00940476
7.9275,3.50219,0.00923992
7.93,3.42751,0.00904206
7.9325,3.33915,0.00880615
7.935,3.23677,0.00853163
7.9375,3.12171,0.00822277
7.94,2.9967,0.00788771
7.9425,2.86529,0.00753665
7.945,2.73115,0.00717993
7.9475,2.59752,0.00682638
7.95,2.46682,0.00648231
7.9525,2.34044,0.00615102
7.955,2.21858,0.00583245
7.9575,2.10019,0.00552317
7.96,1.98319,0.00521709
7.9625,1.86493,0.00490679
7.965,1.74284,0.00458528
7.9675,1.61508,0.00424786
7.97,1.4811,0.00389337
7.9725,1.34168,0.00352438
7.975,1.19876,0.00314645
7.9775,1.05481,0.00276646
7.98,0.912207,0.00239091
7.9825,0.77284,0.00202473
7.985,0.637919,0.0016709
7.9875,0.508094,0.00133087
7.99,0.383655,0.00100511
7.9925,0.264683,0.000693604
7.995,0.151104,0.000396063
7.9975,0.0426448,0.000111791
8,-0.0612626,-0.000160582
