time,angle_water_deg,uy_water_m
0,0,0
0.0025,-1.90028e-06,-4.97491e-09
0.005,-5.40354e-07,-1.41464e-09
0.0075,4.03872e-06,1.05733e-08
0.01,-5.20599e-06,-1.36293e-08
0.0125,-4.76474e-05,-1.24741e-07
0.015,-0.000133816,-3.50332e-07
0.0175,-0.000258988,-6.78038e-07
0.02,-0.00040526,-1.06099e-06
0.0225,-0.000572227,-1.49813e-06
0.025,-0.00079592,-2.08379e-06
0.0275,-0.00112413,-2.9431e-06
0.03,-0.00158105,-4.13946e-06
0.0325,-0.00215382,-5.63919e-06
0.035,-0.0028166,-7.37465e-06
0.0375,-0.00356786,-9.34189e-06
0.04,-0.00444122,-1.1629e-05
0.0425,-0.00548114,-1.43523e-05
0.045,-0.0067088,-1.75674e-05
0.0475,-0.00811382,-2.12472e-05
0.05,-0.00968155,-2.53533e-05
0.0525,-0.0114162,-2.98967e-05
0.055,-0.0133445,-3.49476e-05
0.0575,-0.0155008,-4.05959e-05
0.06,-0.0179043,-4.68918e-05
0.0625,-0.0205549,-5.38354e-05
0.065,-0.0234513,-6.14232e-05
0.0675,-0.0266019,-6.96772e-05
0.07,-0.0300321,-7.86644e-05
0.0725,-0.0337691,-8.84558e-05
0.075,-0.037854,-9.91594e-05
0.0775,-0.0422939,-0.000110794
0.08,-0.0470663,-0.000123301
0.0825,-0.0521696,-0.000136676
0.085,-0.0576232,-0.00015097
0.0875,-0.0634519,-0.000166249
0.09,-0.0696756,-0.000182565
0.0925,-0.0762989,-0.000199929
0.095,-0.0833066,-0.000218304
0.0975,-0.090687,-0.000237656
0.1,-0.0984459,-0.000258003
0.1025,-0.106601,-0.00027939
0.105,-0.115171,-0.000301868
0.1075,-0.124164,-0.000325455
0.11,-0.133571,-0.000350132
0.1125,-0.143383,-0.000375871
0.115,-0.1536,-0.000402673
0.1175,-0.164233,-0.00043057
0.12,-0.175297,-0.0004596
0.1225,-0.186801,-0.000489785
0.125,-0.198738,-0.000521112
0.1275,-0.211097,-0.000553545
0.13,-0.223862,-0.000587051
0.1325,-0.237031,-0.00062162
0.135,-0.250602,-0.000657247
0.1375,-0.264569,-0.000693917
0.14,-0.278915,-0.000731589
0.1425,-0.293614,-0.000770191
0.145,-0.308637,-0.000809648
0.1475,-0.323964,-0.000849909
0.15,-0.339578,-0.000890931
0.1525,-0.355459,-0.000932654
0.155,-0.371577,-0.000975006
0.1575,-0.3879,-0.0010179
0.16,-0.4044,-0.00106126
0.1625,-0.421058,-0.00110504
0.165,-0.437853,-0.00114918
0.1675,-0.454763,-0.00119363
0.17,-0.471762,-0.00123831
0.1725,-0.488824,-0.00128317
0.175,-0.505928,-0.00132814
0.1775,-0.523054,-0.00137317
0.18,-0.54018,-0.00141821
0.1825,-0.557279,-0.00146318
0.185,-0.574322,-0.00150801
0.1875,-0.591286,-0.00155264
0.19,-0.608146,-0.001597
0.1925,-0.624883,-0.00164105
0.195,-0.641478,-0.00168473
0.1975,-0.657902,-0.00172797
0.2,-0.674131,-0.0017707
0.2025,-0.690146,-0.00181288
0.205,-0.705939,-0.00185447
0.2075,-0.721506,-0.00189548
0.21,-0.736843,-0.00193588
0.2125,-0.75194,-0.00197566
0.215,-0.766784,-0.00201477
0.2175,-0.781372,-0.00205321
0.22,-0.795712,-0.00209099
0.2225,-0.809816,-0.00212816
0.225,-0.823693,-0.00216473
0.2275,-0.837342,-0.00220071
0.23,-0.850753,-0.00223606
0.2325,-0.863924,-0.00227078
0.235,-0.876867,-0.00230491
0.2375,-0.889599,-0.00233849
0.24,-0.902141,-0.00237157
0.2425,-0.914495,-0.00240416
0.245,-0.926653,-0.00243625
0.2475,-0.938611,-0.00246781
0.25,-0.950382,-0.00249888
0.2525,-0.961994,-0.00252954
0.255,-0.973481,-0.00255987
0.2575,-0.984865,-0.00258993
0.26,-0.996147,-0.00261972
0.2625,-1.00733,-0.00264924
0.265,-1.01843,-0.00267855
0.2675,-1.02951,-0.00270778
0.27,-1.0406,-0.00273707
0.2725,-1.05176,-0.0027665
0.275,-1.06297,-0.00279609
0.2775,-1.07426,-0.00282586
0.28,-1.08563,-0.00285586
0.2825,-1.09714,-0.00288621
0.285,-1.10884,-0.00291704
0.2875,-1.12075,-0.00294845
0.29,-1.13289,-0.00298046
0.2925,-1.14526,-0.00301307
0.295,-1.15786,-0.0030463
0.2975,-1.17073,-0.00308023
0.3,-1.18392,-0.00311497
0.3025,-1.19745,-0.00315065
0.305,-1.21135,-0.00318728
0.3075,-1.22561,-0.00322484
0.31,-1.24021,-0.0032633
0.3125,-1.25517,-0.0033027
0.315,-1.27052,-0.00334313
0.3175,-1.2863,-0.00338467
0.32,-1.30252,-0.00342734
0.3225,-1.31913,-0.00347105
0.325,-1.3361,-0.0035157
0.3275,-1.35342,-0.00356123
0.33,-1.3711,-0.00360771
0.3325,-1.38917,-0.00365519
0.335,-1.40761,-0.00370364
0.3375,-1.42637,-0.00375292
0.34,-1.44539,-0.0038029
0.3425,-1.46465,-0.00385349
0.345,-1.48415,-0.00390468
0.3475,-1.50388,-0.00395649
0.35,-1.52383,-0.00400888
0.3525,-1.54396,-0.00406173
0.355,-1.56422,-0.00411489
0.3575,-1.58454,-0.00416824
0.36,-1.60492,-0.00422171
0.3625,-1.62535,-0.00427531
0.365,-1.64582,-0.00432899
0.3675,-1.66629,-0.00438265
0.37,-1.6867,-0.00443613
0.3725,-1.70698,-0.00448925
0.375,-1.72709,-0.00454191
0.3775,-1.74702,-0.00459407
0.38,-1.76677,-0.00464571
0.3825,-1.78629,-0.00469676
0.385,-1.80552,-0.00474701
0.3875,-1.82436,-0.00479625
0.39,-1.84279,-0.00484436
0.3925,-1.86078,-0.00489132
0.395,-1.87835,-0.00493714
0.3975,-1.89544,-0.00498173
0.4,-1.91201,-0.00502491
0.4025,-1.92797,-0.00506649
0.405,-1.94328,-0.00510635
0.4075,-1.95794,-0.00514448
0.41,-1.97192,-0.00518085
0.4125,-1.98522,-0.00521539
0.415,-1.99778,-0.00524797
0.4175,-2.00953,-0.00527843
0.42,-2.02044,-0.00530664
0.4225,-2.03048,-0.00533257
0.425,-2.03965,-0.00535618
0.4275,-2.04793,-0.00537747
0.43,-2.05532,-0.00539637
0.4325,-2.06175,-0.00541274
0.435,-2.06718,-0.00542648
0.4375,-2.0716,-0.00543755
0.44,-2.07502,-0.00544598
0.4425,-2.07745,-0.00545181
0.445,-2.07889,-0.00545503
0.4475,-2.0793,-0.00545554
0.45,-2.07864,-0.00545325
0.4525,-2.07691,-0.00544815
0.455,-2.07413,-0.00544031
0.4575,-2.07034,-0.0054298
0.46,-2.06553,-0.00541663
0.4625,-2.05968,-0.00540073
0.465,-2.05276,-0.00538201
0.4675,-2.04476,-0.00536047
0.47,-2.03572,-0.00533619
0.4725,-2.02565,-0.00530922
0.475,-2.01455,-0.00527953
0.4775,-2.00239,-0.00524706
0.48,-1.98915,-0.00521175
0.4825,-1.97482,-0.00517358
0.485,-1.9594,-0.00513255
0.4875,-1.94289,-0.00508869
0.49,-1.92531,-0.00504199
0.4925,-1.90662,-0.00499241
0.495,-1.8868,-0.00493985
0.4975,-1.8658,-0.00488424
0.5,-1.84362,-0.00482555
0.5025,-1.82026,-0.00476376
0.505,-1.79571,-0.00469889
0.5075,-1.76994,-0.00463093
0.51,-1.74295,-0.00455995
0.5125,-1.7147,-0.00448593
0.515,-1.68527,-0.00440918
0.5175,-1.65483,-0.00433022
0.52,-1.62355,-0.00424949
0.5225,-1.59158,-0.00416741
0.525,-1.55911,-0.00408443
0.5275,-1.52631,-0.00400086
0.53,-1.4933,-0.00391687
0.5325,-1.46022,-0.00383257
0.535,-1.42715,-0.00374799
0.5375,-1.39411,-0.00366303
0.54,-1.36111,-0.00357754
0.5425,-1.32814,-0.00349146
0.545,-1.29524,-0.00340493
0.5475,-1.26252,-0.00331832
0.55,-1.23007,-0.00323201
0.5525,-1.19787,-0.00314621
0.555,-1.16585,-0.00306091
0.5575,-1.13387,-0.00297591
0.56,-1.10167,-0.00289069
0.5625,-1.06892,-0.0028045
0.565,-1.03534,-0.00271658
0.5675,-1.00068,-0.00262624
0.57,-0.964772,-0.00253298
0.5725,-0.927576,-0.00243652
0.575,-0.889142,-0.00233688
0.5775,-0.849671,-0.00223445
0.58,-0.809486,-0.00212999
0.5825,-0.768942,-0.00202437
0.585,-0.72842,-0.00191855
0.5875,-0.688309,-0.00181356
0.59,-0.648995,-0.00171046
0.5925,-0.610802,-0.00161011
0.595,-0.57403,-0.00151336
0.5975,-0.538975,-0.00142102
0.6,-0.505861,-0.0013337
0.6025,-0.474785,-0.00125169
0.605,-0.445682,-0.00117483
0.6075,-0.418311,-0.00110252
0.61,-0.392252,-0.00103366
0.6125,-0.36695,-0.000966829
0.615,-0.341778,-0.000900383
0.6175,-0.316127,-0.000832749
0.62,-0.289468,-0.000762538
0.6225,-0.261541,-0.000689067
0.625,-0.231801,-0.000610882
0.6275,-0.200058,-0.000527446
0.63,-0.166525,-0.000439273
0.6325,-0.131276,-0.00034651
0.635,-0.09451,-0.000249633
0.6375,-0.0566027,-0.000149607
0.64,-0.0179755,-4.75398e-05
0.6425,0.0210358,5.56603e-05
0.645,0.0601802,0.000159289
0.6475,0.0993505,0.00026301
0.65,0.138602,0.000366918
0.6525,0.178163,0.000471571
0.655,0.218482,0.000578136
0.6575,0.260204,0.000688312
0.66,0.304037,0.000803999
0.6625,0.35062,0.00092692
0.665,0.400466,0.00105849
0.6675,0.453924,0.0011997
0.67,0.511129,0.00135095
0.6725,0.572105,0.00151239
0.675,0.636712,0.00168366
0.6775,0.704595,0.00186386
0.68,0.775247,0.00205164
0.6825,0.848053,0.00224535
0.685,0.922348,0.00244317
0.6875,0.997531,0.00264348
0.69,1.07313,0.00284496
0.6925,1.14883,0.0030467
0.695,1.22445,0.00324816
0.6975,1.3,0.00344929
0.7,1.37565,0.00365048
0.7025,1.45178,0.00385262
0.705,1.52893,0.0040571
0.7075,1.60771,0.00426546
0.71,1.68868,0.00447921
0.7125,1.77234,0.00469967
0.715,1.85901,0.00492779
0.7175,1.94891,0.00516434
0.72,2.04211,0.00540967
0.7225,2.13845,0.00566367
0.725,2.23759,0.00592566
0.7275,2.33898,0.00619438
0.73,2.44195,0.0064682
0.7325,2.54587,0.00674552
0.735,2.65021,0.00702482
0.7375,2.75456,0.00730476
0.74,2.85859,0.00758415
0.7425,2.96197,0.00786167
0.745,3.06434,0.00813596
0.7475,3.16546,0.00840601
0.75,3.2652,0.00867121
0.7525,3.36354,0.00893136
0.755,3.46039,0.0091863
0.7575,3.55559,0.00943574
0.76,3.64891,0.00967937
0.7625,3.7402,0.00991717
0.765,3.82949,0.0101496
0.7675,3.91694,0.0103774
0.77,4.00274,0.0106014
0.7725,4.08708,0.0108224
0.775,4.17012,0.0110408
0.7775,4.25202,0.0112571
0.78,4.33308,0.0114721
0.7825,4.41358,0.0116865
0.785,4.4938,0.0119009
0.7875,4.5739,0.0121156
0.79,4.65385,0.0123303
0.7925,4.73347,0.0125443
0.795,4.81253,0.0127569
0.7975,4.89082,0.012967
0.8,4.96807,0.0131738
0.8025,5.04392,0.0133757
0.805,5.11788,0.0135714
0.8075,5.18944,0.013759
0.81,5.25828,0.0139377
0.8125,5.32438,0.0141076
0.815,5.38801,0.0142697
0.8175,5.44959,0.0144255
0.82,5.50959,0.0145769
0.8225,5.56846,0.0147258
0.825,5.62655,0.0148736
0.8275,5.6843,0.0150222
0.83,5.74208,0.0151728
0.8325,5.8001,0.0153262
0.835,5.85831,0.0154819
0.8375,5.91643,0.015639
0.84,5.97403,0.0157957
0.8425,6.03076,0.0159503
0.845,6.08641,0.0161017
0.8475,6.14083,0.0162488
0.85,6.19394,0.0163909
0.8525,6.24573,0.0165276
0.855,6.29628,0.0166589
0.8575,6.34591,0.0167859
0.86,6.39507,0.0169099
0.8625,6.4443,0.0170328
0.865,6.49408,0.0171562
0.8675,6.5447,0.0172813
0.87,6.59627,0.0174088
0.8725,6.64877,0.017539
0.875,6.70205,0.0176719
0.8775,6.75595,0.0178072
0.88,6.8102,0.0179446
0.8825,6.86437,0.018083
0.885,6.91787,0.0182211
0.8875,6.97016,0.0183573
0.89,7.02079,0.0184905
0.8925,7.06951,0.0186198
0.895,7.11624,0.0187446
0.8975,7.16091,0.0188644
0.9,7.20352,0.0189784
0.9025,7.24413,0.0190862
0.905,7.28294,0.0191878
0.9075,7.32024,0.0192834
0.91,7.35636,0.0193735
0.9125,7.39152,0.0194587
0.915,7.42583,0.0195394
0.9175,7.45926,0.0196159
0.92,7.49155,0.0196882
0.9225,7.52236,0.0197562
0.925,7.55121,0.0198196
0.9275,7.57761,0.0198778
0.93,7.60112,0.0199303
0.9325,7.62134,0.0199765
0.935,7.63796,0.0200158
0.9375,7.65087,0.0200477
0.94,7.6601,0.020072
0.9425,7.66581,0.0200884
0.945,7.66824,0.020097
0.9475,7.66762,0.0200977
0.95,7.66419,0.0200903
0.9525,7.65824,0.0200752
0.955,7.65004,0.0200528
0.9575,7.63982,0.0200234
0.96,7.62773,0.0199874
0.9625,7.61376,0.019945
0.965,7.59776,0.0198958
0.9675,7.57949,0.0198397
0.97,7.55856,0.0197759
0.9725,7.53453,0.0197037
0.975,7.50688,0.019622
0.9775,7.47505,0.0195299
0.98,7.43851,0.0194262
0.9825,7.39679,0.0193101
0.985,7.34963,0.0191812
0.9875,7.29689,0.0190394
0.99,7.23864,0.0188848
0.9925,7.17504,0.018718
0.995,7.10632,0.0185392
0.9975,7.03278,0.018349
1,6.9548,0.018148
1.0025,6.87267,0.0179363
1.005,6.78672,0.0177145
1.0075,6.69726,0.0174833
1.01,6.60468,0.017244
1.0125,6.50953,0.0169982
1.015,6.41238,0.0167479
1.0175,6.31393,0.0164955
1.02,6.21491,0.0162434
1.0225,6.11604,0.015994
1.025,6.01804,0.015749
1.0275,5.9215,0.0155099
1.03,5.82679,0.0152768
1.0325,5.73403,0.015049
1.035,5.64301,0.0148249
1.0375,5.55336,0.0146021
1.04,5.46454,0.0143784
1.0425,5.37605,0.0141517
1.045,5.28767,0.0139212
1.0475,5.19945,0.0136876
1.05,5.11155,0.013452
1.0525,5.0241,0.013216
1.055,4.93699,0.0129806
1.0575,4.84975,0.0127458
1.06,4.76154,0.0125106
1.0625,4.67136,0.0122729
1.065,4.57818,0.0120304
1.0675,4.48112,0.0117805
1.07,4.37971,0.0115213
1.0725,4.2739,0.011252
1.075,4.16395,0.0109721
1.0775,4.05049,0.0106826
1.08,3.93436,0.010385
1.0825,3.81672,0.0100818
1.085,3.699,0.00977665
1.0875,3.58287,0.00947415
1.09,3.47019,0.00917944
1.0925,3.36292,0.00889802
1.095,3.26289,0.0086351
1.0975,3.17174,0.00839521
1.1,3.09036,0.00818085
1.1025,3.01901,0.00799268
1.105,2.9571,0.00782916
1.1075,2.90293,0.00768571
1.11,2.854,0.00755575
1.1125,2.80738,0.00743164
1.115,2.75996,0.00730535
1.1175,2.70881,0.00716942
1.12,2.65148,0.00701771
1.1225,2.58608,0.00684558
1.125,2.51159,0.00665047
1.1275,2.42786,0.00643207
1.13,2.33547,0.00619166
1.1325,2.23557,0.00593196
1.135,2.12973,0.00565659
1.1375,2.01957,0.00536931
1.14,1.90629,0.00507279
1.1425,1.79065,0.00476871
1.145,1.67292,0.00445759
1.1475,1.55276,0.00413858
1.15,1.42965,0.00381052
1.1525,1.30278,0.00347163
1.155,1.1711,0.00311952
1.1575,1.0336,0.00275193
1.16,0.889412,0.0023669
1.1625,0.738017,0.00196321
1.165,0.579373,0.00154078
1.1675,0.413895,0.00110059
1.17,0.242397,0.000644609
1.1725,0.0659614,0.000175455
1.175,-0.114111,-0.000303645
1.1775,-0.296406,-0.000789096
1.18,-0.479473,-0.00127711
1.1825,-0.662039,-0.00176429
1.185,-0.843307,-0.00224846
1.1875,-1.02313,-0.00272913
1.19,-1.20194,-0.00320738
1.1925,-1.38149,-0.00368776
1.195,-1.5632,-0.00417396
1.1975,-1.74816,-0.00466878
1.2,-1.93795,-0.00517621
1.2025,-2.13383,-0.00569937
1.205,-2.33637,-0.00623952
1.2075,-2.54546,-0.00679602
1.21,-2.76032,-0.00736651
1.2125,-2.9797,-0.00794748
1.215,-3.20216,-0.00853523
1.2175,-3.42639,-0.00912652
1.22,-3.65122,-0.00971882
1.2225,-3.87562,-0.0103102
1.225,-4.09871,-0.010899
1.2275,-4.31978,-0.0114842
1.23,-4.53818,-0.0120645
1.2325,-4.75337,-0.0126387
1.235,-4.96494,-0.0132054
1.2375,-5.1725,-0.013763
1.24,-5.37549,-0.014309
1.2425,-5.57305,-0.01484
1.245,-5.76412,-0.015352
1.2475,-5.94761,-0.0158411
1.25,-6.12263,-0.0163046
1.2525,-6.28855,-0.0167406
1.255,-6.4448,-0.017148
1.2575,-6.59111,-0.0175267
1.26,-6.72776,-0.0178783
1.2625,-6.8556,-0.0182063
1.265,-6.97611,-0.0185152
1.2675,-7.09129,-0.0188112
1.27,-7.2033,-0.0191003
1.2725,-7.31415,-0.0193879
1.275,-7.42558,-0.0196787
1.2775,-7.53895,-0.0199762
1.28,-7.6551,-0.0202826
1.2825,-7.77436,-0.0205986
1.285,-7.89633,-0.0209233
1.2875,-8.01993,-0.0212537
1.29,-8.14365,-0.0215857
1.2925,-8.26567,-0.0219143
1.295,-8.38423,-0.0222343
1.2975,-8.49785,-0.022541
1.3,-8.60541,-0.0228307
1.3025,-8.70623,-0.0231003
1.305,-8.80008,-0.0233482
1.3075,-8.88716,-0.0235743
1.31,-8.96821,-0.0237801
1.3125,-9.04454,-0.0239693
1.315,-9.11759,-0.0241466
1.3175,-9.18867,-0.0243167
1.32,-9.25879,-0.0244838
1.3225,-9.3286,-0.0246514
1.325,-9.39837,-0.0248217
1.3275,-9.4682,-0.0249963
1.33,-9.53808,-0.0251757
1.3325,-9.6079,-0.0253597
1.335,-9.6774,-0.0255468
1.3375,-9.74638,-0.0257354
1.34,-9.81487,-0.025924
1.3425,-9.88332,-0.0261123
1.345,-9.95258,-0.0263008
1.3475,-10.0238,-0.0264915
1.35,-10.0984,-0.0266871
1.3525,-10.1777,-0.0268908
1.355,-10.2627,-0.0271056
1.3575,-10.3541,-0.0273332
1.36,-10.4518,-0.0275744
1.3625,-10.5551,-0.0278281
1.365,-10.6627,-0.0280913
1.3675,-10.7727,-0.0283597
1.37,-10.8828,-0.0286278
1.3725,-10.9904,-0.0288894
1.375,-11.0933,-0.0291393
1.3775,-11.1897,-0.0293732
1.38,-11.2781,-0.0295883
1.3825,-11.3579,-0.0297834
1.385,-11.4289,-0.0299588
1.3875,-11.4915,-0.0301156
1.39,-11.5465,-0.0302561
1.3925,-11.5952,-0.0303834
1.395,-11.6389,-0.0305004
1.3975,-11.6792,-0.0306096
1.4,-11.7173,-0.0307127
1.4025,-11.7542,-0.0308106
1.405,-11.7903,-0.0309033
1.4075,-11.826,-0.0309902
1.41,-11.8614,-0.0310709
1.4125,-11.8961,-0.0311442
1.415,-11.9293,-0.0312089
1.4175,-11.9601,-0.0312637
1.42,-11.9873,-0.0313077
1.4225,-12.01,-0.0313399
1.425,-12.0271,-0.03136
1.4275,-12.0382,-0.0313682
1.43,-12.0428,-0.0313649
1.4325,-12.0411,-0.0313509
1.435,-12.0334,-0.0313267
1.4375,-12.0201,-0.0312928
1.44,-12.0019,-0.0312496
1.4425,-11.9792,-0.0311973
1.445,-11.9526,-0.0311356
1.4475,-11.9224,-0.0310639
1.45,-11.8886,-0.0309815
1.4525,-11.8513,-0.0308875
1.455,-11.81,-0.030781
1.4575,-11.7645,-0.0306609
1.46,-11.7143,-0.0305259
1.4625,-11.6587,-0.0303751
1.465,-11.5972,-0.0302073
1.4675,-11.5295,-0.0300219
1.47,-11.4553,-0.0298186
1.4725,-11.3747,-0.0295979
1.475,-11.2878,-0.0293607
1.4775,-11.1951,-0.0291086
1.48,-11.0968,-0.0288431
1.4825,-10.9937,-0.0285664
1.485,-10.8861,-0.0282803
1.4875,-10.7745,-0.0279865
1.49,-10.6594,-0.0276867
1.4925,-10.5414,-0.0273826
1.495,-10.421,-0.0270751
1.4975,-10.2988,-0.026765
1.5,-10.1751,-0.0264527
1.5025,-10.0502,-0.0261376
1.505,-9.9244,-0.0258194
1.5075,-9.79769,-0.0254979
1.51,-9.67012,-0.0251731
1.5125,-9.5418,-0.0248456
1.515,-9.41296,-0.0245165
1.5175,-9.28398,-0.0241879
1.52,-9.15527,-0.0238618
1.5225,-9.02741,-0.0235406
1.525,-8.90119,-0.0232268
1.5275,-8.77735,-0.0229224
1.53,-8.65646,-0.0226282
1.5325,-8.53882,-0.0223437
1.535,-8.42452,-0.0220675
1.5375,-8.31336,-0.0217972
1.54,-8.20497,-0.0215302
1.5425,-8.09897,-0.0212643
1.545,-7.99509,-0.0209981
1.5475,-7.8933,-0.0207318
1.55,-7.79362,-0.0204665
1.5525,-7.6959,-0.0202032
1.555,-7.59951,-0.0199422
1.5575,-7.50313,-0.0196822
1.56,-7.40487,-0.0194199
1.5625,-7.3026,-0.019151
1.565,-7.19446,-0.0188713
1.5675,-7.07924,-0.0185775
1.57,-6.95649,-0.0182676
1.5725,-6.82651,-0.0179411
1.575,-6.69028,-0.017599
1.5775,-6.54937,-0.0172441
1.58,-6.40581,-0.0168804
1.5825,-6.26194,-0.0165135
1.585,-6.12034,-0.0161498
1.5875,-5.98375,-0.0157967
1.59,-5.85482,-0.0154619
1.5925,-5.73577,-0.0151517
1.595,-5.6281,-0.014871
1.5975,-5.53253,-0.014622
1.6,-5.44887,-0.0144043
1.6025,-5.37585,-0.0142147
1.605,-5.31126,-0.014047
1.6075,-5.25212,-0.013893
1.61,-5.19491,-0.0137433
1.6125,-5.13595,-0.0135879
1.615,-5.07167,-0.0134178
1.6175,-4.99891,-0.0132248
1.62,-4.9153,-0.0130035
1.6225,-4.81927,-0.0127503
1.625,-4.7101,-0.012464
1.6275,-4.58804,-0.0121457
1.63,-4.45429,-0.0117986
1.6325,-4.3106,-0.0114268
1.635,-4.15895,-0.0110349
1.6375,-4.00109,-0.0106267
1.64,-3.83829,-0.0102043
1.6425,-3.67102,-0.00976815
1.645,-3.49916,-0.00931734
1.6475,-3.32223,-0.00885025
1.65,-3.1396,-0.00836535
1.6525,-2.95071,-0.00786157
1.655,-2.75517,-0.00733866
1.6575,-2.55284,-0.00679713
1.66,-2.34399,-0.00623841
1.6625,-2.1293,-0.00566489
1.665,-1.9098,-0.00507959
1.6675,-1.6867,-0.00448578
1.67,-1.46134,-0.00388673
1.6725,-1.23484,-0.00328514
1.675,-1.00801,-0.00268272
1.6775,-0.781538,-0.00208097
1.68,-0.555611,-0.00148015
1.6825,-0.330059,-0.000879714
1.685,-0.104466,-0.000278561
1.6875,0.122231,0.00032606
1.69,0.351619,0.000938286
1.6925,0.585386,0.00156253
1.695,0.82494,0.00220246
1.6975,1.0712,0.00286046
1.7,1.32454,0.00353742
1.7025,1.5848,0.00423272
1.705,1.85117,0.00494393
1.7075,2.12215,0.00566663
1.71,2.3957,0.00639497
1.7125,2.66964,0.00712275
1.715,2.94201,0.00784461
1.7175,3.21141,0.00855686
1.72,3.47707,0.00925787
1.7225,3.73869,0.00994753
1.725,3.99612,0.0106262
1.7275,4.24928,0.0112947
1.73,4.49809,0.0119535
1.7325,4.74239,0.0126027
1.735,4.98181,0.0132414
1.7375,5.21578,0.0138677
1.74,5.44333,0.0144783
1.7425,5.66322,0.0150687
1.745,5.8741,0.0156341
1.7475,6.07471,0.0161701
1.75,6.26424,0.0166737
1.7525,6.44247,0.0171441
1.755,6.60971,0.0175821
1.7575,6.76682,0.0179907
1.76,6.91519,0.0183745
1.7625,7.05674,0.0187395
1.765,7.19387,0.0190929
1.7675,7.32916,0.0194424
1.77,7.46495,0.0197945
1.7725,7.60305,0.0201541
1.775,7.74471,0.0205243
1.7775,7.89043,0.0209065
1.78,8.04001,0.0212998
1.7825,8.19266,0.0217021
1.785,8.34709,0.02211
1.7875,8.50157,0.0225191
1.79,8.65412,0.0229242
1.7925,8.8028,0.0233204
1.795,8.946,0.0237031
1.7975,9.0827,0.0240693
1.8,9.21245,0.0244171
1.8025,9.33529,0.0247454
1.805,9.45177,0.0250544
1.8075,9.56289,0.0253456
1.81,9.66995,0.0256216
1.8125,9.77446,0.0258862
1.815,9.87785,0.0261435
1.8175,9.98123,0.0263974
1.82,10.0851,0.0266506
1.8225,10.1896,0.0269053
1.825,10.2946,0.0271629
1.8275,10.3998,0.0274245
1.83,10.505,0.0276907
1.8325,10.6101,0.0279615
1.835,10.7151,0.0282364
1.8375,10.8199,0.0285147
1.84,10.925,0.0287957
1.8425,11.0309,0.0290797
1.845,11.1389,0.0293674
1.8475,11.25,0.0296606
1.85,11.3654,0.0299612
1.8525,11.486,0.0302707
1.855,11.612,0.0305899
1.8575,11.7432,0.0309182
1.86,11.8785,0.0312539
1.8625,12.0165,0.0315938
1.865,12.1551,0.0319334
1.8675,12.2918,0.0322669
1.87,12.4241,0.0325881
1.8725,12.5493,0.032891
1.875,12.6654,0.0331705
1.8775,12.771,0.0334233
1.88,12.8651,0.0336481
1.8825,12.948,0.0338458
1.885,13.0201,0.0340187
1.8875,13.0827,0.0341699
1.89,13.1371,0.0343039
1.8925,13.1852,0.0344252
1.895,13.2287,0.034538
1.8975,13.2692,0.0346453
1.9,13.3076,0.0347482
1.9025,13.3445,0.0348464
1.905,13.38,0.0349386
1.9075,13.4138,0.0350227
1.91,13.4456,0.0350965
1.9125,13.4748,0.0351579
1.915,13.5006,0.0352054
1.9175,13.5222,0.0352379
1.92,13.5389,0.0352548
1.9225,13.5497,0.035256
1.925,13.5541,0.0352424
1.9275,13.552,0.0352153
1.93,13.5432,0.035176
1.9325,13.528,0.0351258
1.935,13.5066,0.0350654
1.9375,13.4792,0.0349952
1.94,13.4462,0.0349147
1.9425,13.4077,0.0348231
1.945,13.3639,0.034719
1.9475,13.3146,0.0346011
1.95,13.2598,0.0344676
1.9525,13.1992,0.0343172
1.955,13.1324,0.0341487
1.9575,13.0591,0.033961
1.96,12.979,0.0337533
1.9625,12.892,0.0335259
1.965,12.7982,0.0332794
1.9675,12.698,0.0330146
1.97,12.5917,0.032733
1.9725,12.4802,0.0324368
1.975,12.3643,0.0321283
1.9775,12.2449,0.0318102
1.98,12.1227,0.0314848
1.9825,11.9983,0.031154
1.985,11.8719,0.0308192
1.9875,11.7435,0.0304813
1.99,11.6133,0.0301411
1.9925,11.4814,0.0297992
1.995,11.3477,0.0294556
1.9975,11.2122,0.0291101
2,11.0749,0.0287619
2.0025,10.9357,0.0284099
2.005,10.7947,0.0280535
2.0075,10.6521,0.0276925
2.01,10.508,0.0273274
2.0125,10.3629,0.0269594
2.015,10.2175,0.0265906
2.0175,10.0726,0.0262238
2.02,9.92877,0.0258615
2.0225,9.78694,0.0255067
2.025,9.64797,0.0251622
2.0275,9.51272,0.0248303
2.03,9.38181,0.024512
2.0325,9.25557,0.0242069
2.035,9.13415,0.0239137
2.0375,9.01752,0.0236306
2.04,8.90551,0.0233554
2.0425,8.79798,0.0230862
2.045,8.69475,0.022822
2.0475,8.59557,0.0225621
2.05,8.50008,0.0223067
2.0525,8.40748,0.0220552
2.055,8.31633,0.0218061
2.0575,8.22453,0.0215561
2.06,8.12964,0.021301
2.0625,8.02939,0.0210365
2.065,7.92215,0.0207591
2.0675,7.80734,0.0204675
2.07,7.68558,0.0201625
2.0725,7.55822,0.0198461
2.075,7.42703,0.0195213
2.0775,7.29411,0.0191917
2.08,7.16167,0.0188618
2.0825,7.03184,0.0185359
2.085,6.9067,0.018219
2.0875,6.78828,0.0179165
2.09,6.67842,0.0176336
2.0925,6.57865,0.0173753
2.095,6.49003,0.017145
2.0975,6.41289,0.0169444
2.1,6.34669,0.0167723
2.1025,6.28978,0.0166245
2.105,6.23938,0.0164936
2.1075,6.19182,0.0163696
2.11,6.14283,0.016241
2.1125,6.08789,0.0160958
2.115,6.02278,0.0159231
2.1175,5.9441,0.0157145
2.12,5.84974,0.015465
2.1225,5.73882,0.0151732
2.125,5.61165,0.0148407
2.1275,5.46944,0.0144709
2.13,5.31414,0.0140693
2.1325,5.14823,0.0136416
2.135,4.9741,0.0131936
2.1375,4.79365,0.0127288
2.14,4.6079,0.0122488
2.1425,4.41703,0.0117528
2.145,4.22072,0.0112392
2.1475,4.01853,0.0107062
2.15,3.8102,0.0101533
2.1525,3.59562,0.00958082
2.155,3.37488,0.00898989
2.1575,3.14821,0.0083823
2.16,2.91598,0.00776008
2.1625,2.67872,0.00712543
2.165,2.43713,0.00648071
2.1675,2.19199,0.00582807
2.17,1.94409,0.00516935
2.1725,1.69425,0.00450631
2.175,1.44332,0.00384063
2.1775,1.19196,0.00317357
2.18,0.940608,0.00250587
2.1825,0.689492,0.00183797
2.185,0.438341,0.00116911
2.1875,0.186255,0.00049699
2.19,-0.0681024,-0.000181786
2.1925,-0.32622,-0.000871017
2.195,-0.589278,-0.00157369
2.1975,-0.857761,-0.00229094
2.2,-1.13128,-0.00302159
2.2025,-1.40813,-0.00376087
2.205,-1.68705,-0.00450514
2.2075,-1.96559,-0.00524748
2.21,-2.24035,-0.00597848
2.2125,-2.50919,-0.0066921
2.215,-2.7707,-0.00738449
2.2175,-3.02417,-0.00805389
2.22,-3.26973,-0.00870108
2.2225,-3.50807,-0.00932864
2.225,-3.73997,-0.0099395
2.2275,-3.96604,-0.0105362
2.23,-4.18659,-0.0111204
2.2325,-4.4016,-0.0116925
2.235,-4.61088,-0.0122522
2.2375,-4.81397,-0.0127978
2.24,-5.01009,-0.0133266
2.2425,-5.1981,-0.0138342
2.245,-5.37673,-0.014316
2.2475,-5.54495,-0.0147681
2.25,-5.70211,-0.015188
2.2525,-5.84807,-0.0155747
2.255,-5.98322,-0.0159294
2.2575,-6.10848,-0.0162551
2.26,-6.22545,-0.0165569
2.2625,-6.33642,-0.0168419
2.265,-6.44423,-0.0171186
2.2675,-6.55192,-0.017396
2.27,-6.66227,-0.0176817
2.2725,-6.77729,-0.0179815
2.275,-6.8981,-0.0182983
2.2775,-7.02494,-0.0186325
2.28,-7.15714,-0.0189822
2.2825,-7.29334,-0.0193437
2.285,-7.43164,-0.0197117
2.2875,-7.56979,-0.0200803
2.29,-7.70557,-0.0204436
2.2925,-7.83709,-0.0207966
2.295,-7.96309,-0.0211358
2.2975,-8.08319,-0.0214596
2.3,-8.19778,-0.0217684
2.3025,-8.30784,-0.0220636
2.305,-8.41458,-0.0223475
2.3075,-8.51947,-0.0226228
2.31,-8.62405,-0.0228928
2.3125,-8.72978,-0.0231612
2.315,-8.8379,-0.0234317
2.3175,-8.94922,-0.023707
2.32,-9.06395,-0.0239893
2.3225,-9.18176,-0.0242793
2.325,-9.30202,-0.0245773
2.3275,-9.42404,-0.0248832
2.33,-9.54717,-0.0251964
2.3325,-9.67089,-0.0255163
2.335,-9.79481,-0.0258415
2.3375,-9.91881,-0.0261709
2.34,-10.043,-0.0265034
2.3425,-10.1679,-0.0268386
2.345,-10.2945,-0.0271768
2.3475,-10.4238,-0.0275192
2.35,-10.5566,-0.0278668
2.3525,-10.6935,-0.02822
2.355,-10.8342,-0.0285781
2.3575,-10.978,-0.0289393
2.36,-11.1234,-0.0293005
2.3625,-11.2684,-0.0296574
2.365,-11.4104,-0.0300046
2.3675,-11.5468,-0.0303361
2.37,-11.6751,-0.0306462
2.3725,-11.7932,-0.0309303
2.375,-11.8997,-0.0311854
2.3775,-11.9939,-0.0314104
2.38,-12.076,-0.0316062
2.3825,-12.1467,-0.0317753
2.385,-12.2073,-0.0319212
2.3875,-12.2593,-0.0320484
2.39,-12.3045,-0.0321618
2.3925,-12.3446,-0.0322656
2.395,-12.3812,-0.0323636
2.3975,-12.4156,-0.0324579
2.4,-12.4483,-0.0325487
2.4025,-12.4795,-0.0326346
2.405,-12.5087,-0.032713
2.4075,-12.5353,-0.0327806
2.41,-12.5585,-0.0328342
2.4125,-12.5771,-0.0328705
2.415,-12.5902,-0.0328872
2.4175,-12.5969,-0.0328829
2.42,-12.5963,-0.0328573
2.4225,-12.588,-0.0328112
2.425,-12.5717,-0.0327461
2.4275,-12.5475,-0.0326644
2.43,-12.5159,-0.0325684
2.4325,-12.4773,-0.0324606
2.435,-12.4323,-0.0323423
2.4375,-12.3814,-0.0322143
2.44,-12.325,-0.0320768
2.4425,-12.2635,-0.031929
2.445,-12.1972,-0.0317699
2.4475,-12.1258,-0.0315976
2.45,-12.049,-0.0314098
2.4525,-11.9666,-0.0312046
2.455,-11.8781,-0.0309808
2.4575,-11.7833,-0.0307375
2.46,-11.6823,-0.0304749
2.4625,-11.5755,-0.0301944
2.465,-11.4634,-0.029898
2.4675,-11.3472,-0.0295887
2.47,-11.2279,-0.02927
2.4725,-11.1067,-0.0289453
2.475,-10.9847,-0.0286176
2.4775,-10.8625,-0.0282894
2.48,-10.7406,-0.0279622
2.4825,-10.6192,-0.027637
2.485,-10.4979,-0.027314
2.4875,-10.3766,-0.0269927
2.49,-10.2546,-0.0266724
2.4925,-10.1318,-0.0263528
2.495,-10.008,-0.0260332
2.4975,-9.88284,-0.0257126
2.5,-9.75639,-0.0253904
2.5025,-9.62852,-0.0250652
2.505,-9.49913,-0.0247361
2.5075,-9.36818,-0.0244027
2.51,-9.23574,-0.0240649
2.5125,-9.10202,-0.0237233
2.515,-8.96746,-0.0233795
2.5175,-8.83259,-0.0230356
2.52,-8.69811,-0.022694
2.5225,-8.56506,-0.0223581
2.525,-8.43472,-0.0220317
2.5275,-8.30847,-0.0217183
2.53,-8.18743,-0.0214205
2.5325,-8.07235,-0.0211389
2.535,-7.96349,-0.0208732
2.5375,-7.86088,-0.0206217
2.54,-7.76413,-0.0203822
2.5425,-7.67257,-0.0201518
2.545,-7.58545,-0.0199281
2.5475,-7.50202,-0.0197092
2.55,-7.42145,-0.0194939
2.5525,-7.34271,-0.0192807
2.555,-7.26449,-0.0190679
2.5575,-7.18525,-0.0188534
2.56,-7.10351,-0.0186347
2.5625,-7.01806,-0.01841
2.565,-6.92827,-0.0181783
2.5675,-6.83417,-0.0179395
2.57,-6.73651,-0.017695
2.5725,-6.63677,-0.0174476
2.575,-6.5366,-0.0172002
2.5775,-6.43768,-0.0169559
2.58,-6.34161,-0.0167178
2.5825,-6.2498,-0.0164887
2.585,-6.16346,-0.0162715
2.5875,-6.0835,-0.0160686
2.59,-6.01052,-0.0158818
2.5925,-5.94461,-0.0157121
2.595,-5.88543,-0.015559
2.5975,-5.8321,-0.0154207
2.6,-5.78322,-0.0152938
2.6025,-5.73667,-0.0151727
2.605,-5.68994,-0.0150506
2.6075,-5.64024,-0.0149201
2.61,-5.58461,-0.0147732
2.6125,-5.52037,-0.0146029
2.615,-5.44537,-0.0144039
2.6175,-5.35809,-0.0141724
2.62,-5.25768,-0.0139071
2.6225,-5.14414,-0.0136083
2.625,-5.01805,-0.0132784
2.6275,-4.88039,-0.01292
2.63,-4.7326,-0.0125369
2.6325,-4.57638,-0.0121331
2.635,-4.41339,-0.011712
2.6375,-4.24473,-0.0112757
2.64,-4.07099,-0.0108246
2.6425,-3.89228,-0.0103582
2.645,-3.70841,-0.00987523
2.6475,-3.51933,-0.00937547
2.65,-3.32517,-0.00885942
2.6525,-3.12624,-0.00832854
2.655,-2.92302,-0.00778487
2.6575,-2.71594,-0.00723049
2.66,-2.50538,-0.00666714
2.6625,-2.29164,-0.00609621
2.665,-2.07504,-0.00551878
2.6675,-1.85588,-0.00493565
2.67,-1.63436,-0.00434707
2.6725,-1.41057,-0.00375296
2.675,-1.18456,-0.00315297
2.6775,-0.956315,-0.00254672
2.68,-0.72617,-0.00193484
2.6825,-0.49405,-0.00131701
2.685,-0.259803,-0.00069287
2.6875,-0.0234126,-6.24609e-05
2.69,0.215313,0.000574573
2.6925,0.456328,0.00121796
2.695,0.699065,0.00186605
2.6975,0.942493,0.00251596
2.7,1.18523,0.00316386
2.7025,1.42577,0.00380556
2.705,1.6626,0.00443682
2.7075,1.89423,0.00505342
2.71,2.11929,0.00565145
2.7125,2.33683,0.00622824
2.715,2.54657,0.00678301
2.7175,2.74886,0.00731698
2.72,2.94452,0.00783273
2.7225,3.13456,0.0083335
2.725,3.31987,0.00882235
2.7275,3.50099,0.00930133
2.73,3.67798,0.00977112
2.7325,3.85059,0.0102314
2.735,4.01839,0.0106809
2.7375,4.18066,0.0111175
2.74,4.33645,0.0115378
2.7425,4.48468,0.0119381
2.745,4.6243,0.0123147
2.7475,4.75459,0.0126648
2.75,4.87535,0.0129874
2.7525,4.98698,0.0132832
2.755,5.09028,0.0135546
2.7575,5.18644,0.0138051
2.76,5.27704,0.0140397
2.7625,5.36405,0.0142642
2.765,5.44963,0.0144852
2.7675,5.53594,0.0147089
2.77,5.62466,0.0149401
2.7725,5.71688,0.0151819
2.775,5.81307,0.0154354
2.7775,5.91311,0.0157002
2.78,6.01638,0.0159745
2.7825,6.12194,0.0162558
2.785,6.2287,0.0165411
2.7875,6.33539,0.016827
2.79,6.44071,0.0171099
2.7925,6.54358,0.0173871
2.795,6.64344,0.0176567
2.7975,6.7404,0.0179187
2.8,6.83507,0.018174
2.8025,6.92835,0.0184243
2.805,7.02117,0.0186712
2.8075,7.11443,0.0189164
2.81,7.20913,0.019162
2.8125,7.30627,0.0194106
2.815,7.40659,0.0196644
2.8175,7.51048,0.0199252
2.82,7.61798,0.0201942
2.8225,7.72881,0.020472
2.825,7.84254,0.0207588
2.8275,7.95872,0.0210546
2.83,8.07696,0.0213592
2.8325,8.19696,0.0216722
2.835,8.3184,0.0219925
2.8375,8.44108,0.0223188
2.84,8.56494,0.0226499
2.8425,8.69016,0.0229848
2.845,8.81704,0.0233228
2.8475,8.94588,0.0236637
2.85,9.07685,0.0240067
2.8525,9.20985,0.0243511
2.855,9.34435,0.0246955
2.8575,9.47953,0.0250379
2.86,9.61424,0.025376
2.8625,9.74706,0.0257069
2.865,9.8764,0.0260272
2.8675,10.0006,0.0263333
2.87,10.1182,0.0266218
2.8725,10.2279,0.0268902
2.875,10.3291,0.0271371
2.8775,10.4215,0.0273623
2.88,10.5053,0.027567
2.8825,10.5813,0.0277532
2.885,10.6501,0.0279232
2.8875,10.7128,0.0280799
2.89,10.7703,0.0282263
2.8925,10.8238,0.0283648
2.895,10.8741,0.0284973
2.8975,10.9216,0.0286241
2.9,10.9665,0.0287444
2.9025,11.0083,0.028856
2.905,11.0467,0.0289563
2.9075,11.0809,0.0290425
2.91,11.1103,0.0291119
2.9125,11.134,0.0291623
2.915,11.1514,0.0291922
2.9175,11.1618,0.0292008
2.92,11.1648,0.0291883
2.9225,11.1601,0.0291559
2.925,11.1479,0.0291055
2.9275,11.1286,0.0290397
2.93,11.1025,0.0289607
2.9325,11.0703,0.0288705
2.935,11.0323,0.0287703
2.9375,10.9891,0.0286606
2.94,10.9409,0.0285414
2.9425,10.888,0.0284121
2.945,10.8304,0.0282714
2.9475,10.7679,0.0281178
2.95,10.7004,0.0279497
2.9525,10.6277,0.0277658
2.955,10.5495,0.0275652
2.9575,10.4658,0.0273479
2.96,10.3767,0.0271141
2.9625,10.2827,0.026865
2.965,10.1841,0.0266025
2.9675,10.0818,0.0263289
2.97,9.97657,0.0260465
2.9725,9.86908,0.0257575
2.975,9.76,0.025464
2.9775,9.64973,0.0251675
2.98,9.53844,0.0248688
2.9825,9.42604,0.0245681
2.985,9.31218,0.0242651
2.9875,9.19656,0.0239593
2.99,9.0789,0.0236504
2.9925,8.95901,0.0233378
2.995,8.83685,0.0230215
2.9975,8.7124,0.022701
3,8.58567,0.0223757
3.0025,8.45665,0.0220449
3.005,8.32539,0.021708
3.0075,8.19199,0.021365
3.01,8.05663,0.0210165
3.0125,7.91968,0.0206636
3.015,7.78172,0.0203082
3.0175,7.64366,0.0199535
3.02,7.5065,0.0196026
3.0225,7.37136,0.019259
3.025,7.23955,0.0189265
3.0275,7.11226,0.0186081
3.03,6.99046,0.0183057
3.0325,6.87472,0.0180199
3.035,6.7652,0.0177497
3.0375,6.66178,0.0174936
3.04,6.56412,0.0172495
3.0425,6.47174,0.0170151
3.045,6.38422,0.016789
3.0475,6.30117,0.0165704
3.05,6.22213,0.0163589
3.0525,6.14641,0.0161537
3.055,6.07287,0.0159535
3.0575,5.99987,0.0157555
3.06,5.92573,0.0155566
3.0625,5.84902,0.015354
3.065,5.76875,0.0151458
3.0675,5.68456,0.014931
3.07,5.5968,0.0147098
3.0725,5.50641,0.0144838
3.075,5.4147,0.0142554
3.0775,5.32309,0.0140272
3.08,5.23294,0.0138019
3.0825,5.1455,0.013582
3.085,5.06198,0.0133706
3.0875,4.98348,0.0131704
3.09,4.91086,0.012984
3.0925,4.84462,0.0128132
3.095,4.78487,0.0126586
3.0975,4.73128,0.0125196
3.1,4.68286,0.0123938
3.1025,4.63801,0.0122769
3.105,4.59453,0.0121631
3.1075,4.54972,0.012045
3.11,4.50058,0.0119147
3.1125,4.4441,0.0117644
3.115,4.37754,0.011587
3.1175,4.29876,0.0113775
3.12,4.20644,0.0111329
3.1225,4.1001,0.0108525
3.125,3.98008,0.0105376
3.1275,3.84739,0.010191
3.13,3.70349,0.0098164
3.1325,3.55007,0.00941778
3.135,3.38871,0.00899854
3.1375,3.22073,0.00856127
3.14,3.04694,0.00810728
3.1425,2.86769,0.00763683
3.145,2.68311,0.00714989
3.1475,2.4933,0.00664661
3.15,2.29844,0.00612783
3.1525,2.09897,0.00559521
3.155,1.8953,0.00505059
3.1575,1.6878,0.00449562
3.16,1.47685,0.00393186
3.1625,1.26292,0.00336089
3.165,1.04648,0.0027841
3.1675,0.827937,0.00220238
3.17,0.607707,0.00161662
3.1725,0.386273,0.00102778
3.175,0.16412,0.00043683
3.1775,-0.0582364,-0.000155069
3.18,-0.280214,-0.000746475
3.1825,-0.501377,-0.00133622
3.185,-0.721521,-0.00192368
3.1875,-0.940812,-0.00250918
3.19,-1.15909,-0.00309218
3.1925,-1.37743,-0.0036754
3.195,-1.59618,-0.00425973
3.1975,-1.81444,-0.0048426
3.2,-2.03167,-0.00542243
3.2025,-2.24704,-0.00599679
3.205,-2.45923,-0.00656186
3.2075,-2.66681,-0.00711358
3.21,-2.86846,-0.00764815
3.2125,-3.06308,-0.00816252
3.215,-3.25015,-0.00865546
3.2175,-3.42981,-0.00912764
3.22,-3.6026,-0.00958115
3.2225,-3.76934,-0.0100189
3.225,-3.93082,-0.0104437
3.2275,-4.08749,-0.0108576
3.23,-4.23959,-0.0112617
3.2325,-4.38708,-0.011656
3.235,-4.52979,-0.01204
3.2375,-4.66738,-0.0124123
3.24,-4.79926,-0.0127704
3.2425,-4.92465,-0.0131111
3.245,-5.04274,-0.0134313
3.2475,-5.15294,-0.0137286
3.25,-5.25505,-0.0140018
3.2525,-5.34928,-0.0142513
3.255,-5.43616,-0.0144789
3.2575,-5.51657,-0.0146872
3.26,-5.5918,-0.0148804
3.2625,-5.66352,-0.0150638
3.265,-5.73378,-0.0152435
3.2675,-5.8047,-0.0154257
3.27,-5.87812,-0.0156156
3.2725,-5.95537,-0.0158169
3.275,-6.03714,-0.0160314
3.2775,-6.12353,-0.0162593
3.28,-6.21415,-0.0164996
3.2825,-6.30813,-0.0167498
3.285,-6.40426,-0.0170067
3.2875,-6.50116,-0.0172668
3.29,-6.59734,-0.0175259
3.2925,-6.69152,-0.0177807
3.295,-6.78292,-0.0180285
3.2975,-6.87129,-0.0182683
3.3,-6.95682,-0.0184998
3.3025,-7.04001,-0.0187235
3.305,-7.1215,-0.0189402
3.3075,-7.20205,-0.0191511
3.31,-7.28251,-0.0193582
3.3125,-7.36371,-0.0195636
3.315,-7.44642,-0.0197699
3.3175,-7.53111,-0.0199792
3.32,-7.61792,-0.0201929
3.3225,-7.70666,-0.0204122
3.325,-7.79704,-0.0206375
3.3275,-7.88873,-0.0208691
3.33,-7.98145,-0.021107
3.3325,-8.07494,-0.0213509
3.335,-8.16888,-0.0215995
3.3375,-8.26301,-0.0218514
3.34,-8.35722,-0.0221051
3.3425,-8.45166,-0.0223597
3.345,-8.54676,-0.022615
3.3475,-8.64298,-0.0228711
3.35,-8.74062,-0.0231278
3.3525,-8.83976,-0.023385
3.355,-8.94008,-0.0236417
3.3575,-9.0409,-0.0238965
3.36,-9.1412,-0.0241471
3.3625,-9.2397,-0.0243909
3.365,-9.33492,-0.0246246
3.3675,-9.42521,-0.0248445
3.37,-9.509,-0.0250471
3.3725,-9.5851,-0.0252299
3.375,-9.65282,-0.0253916
3.3775,-9.712,-0.0255323
3.38,-9.76296,-0.0256534
3.3825,-9.80636,-0.0257569
3.385,-9.84302,-0.0258456
3.3875,-9.8739,-0.0259221
3.39,-9.90004,-0.0259894
3.3925,-9.92258,-0.0260501
3.395,-9.94249,-0.0261062
3.3975,-9.96045,-0.0261584
3.4,-9.97681,-0.0262066
3.4025,-9.99157,-0.0262494
3.405,-10.0046,-0.0262851
3.4075,-10.0155,-0.0263119
3.41,-10.0241,-0.0263282
3.4125,-10.0297,-0.0263326
3.415,-10.0319,-0.0263239
3.4175,-10.0301,-0.0263016
3.42,-10.0238,-0.0262662
3.4225,-10.013,-0.0262187
3.425,-9.9975,-0.0261604
3.4275,-9.97757,-0.0260934
3.43,-9.95345,-0.0260191
3.4325,-9.92541,-0.0259389
3.435,-9.89377,-0.0258536
3.4375,-9.85886,-0.0257635
3.44,-9.82095,-0.0256686
3.4425,-9.78026,-0.0255683
3.445,-9.73689,-0.0254618
3.4475,-9.69089,-0.0253482
3.45,-9.64215,-0.0252263
3.4525,-9.59053,-0.025095
3.455,-9.5359,-0.0249538
3.4575,-9.47825,-0.0248024
3.46,-9.41763,-0.0246409
3.4625,-9.35431,-0.0244703
3.465,-9.28874,-0.024292
3.4675,-9.22142,-0.0241076
3.47,-9.15293,-0.0239188
3.4725,-9.08383,-0.0237276
3.475,-9.01453,-0.0235353
3.4775,-8.9452,-0.0233429
3.48,-8.8758,-0.0231509
3.4825,-8.80613,-0.0229592
3.485,-8.73584,-0.0227677
3.4875,-8.66456,-0.0225757
3.49,-8.59201,-0.0223829
3.4925,-8.51798,-0.0221889
3.495,-8.44228,-0.0219929
3.4975,-8.36483,-0.0217944
3.5,-8.28559,-0.0215927
3.5025,-8.2046,-0.0213869
3.505,-8.12184,-0.0211764
3.5075,-8.0374,-0.0209611
3.51,-7.95147,-0.0207413
3.5125,-7.86435,-0.020518
3.515,-7.77655,-0.0202932
3.5175,-7.68878,-0.0200694
3.52,-7.6018,-0.0198493
3.5225,-7.51642,-0.0196357
3.525,-7.43358,-0.0194314
3.5275,-7.3542,-0.0192388
3.53,-7.27893,-0.019059
3.5325,-7.2081,-0.0188917
3.535,-7.1418,-0.0187358
3.5375,-7.07985,-0.0185893
3.54,-7.02186,-0.0184498
3.5425,-6.96735,-0.018315
3.545,-6.91576,-0.0181831
3.5475,-6.86663,-0.0180529
3.55,-6.81934,-0.0179238
3.5525,-6.77301,-0.0177949
3.555,-6.72649,-0.0176648
3.5575,-6.67845,-0.0175319
3.56,-6.62749,-0.0173939
3.5625,-6.57246,-0.017249
3.565,-6.51256,-0.0170955
3.5675,-6.44748,-0.0169326
3.57,-6.37753,-0.0167602
3.5725,-6.30366,-0.0165797
3.575,-6.22708,-0.016393
3.5775,-6.14921,-0.0162025
3.58,-6.07148,-0.0160108
3.5825,-5.99528,-0.015821
3.585,-5.92191,-0.0156361
3.5875,-5.85264,-0.0154598
3.59,-5.78858,-0.0152953
3.5925,-5.73063,-0.0151456
3.595,-5.67939,-0.0150128
3.5975,-5.63495,-0.0148977
3.6,-5.59693,-0.0147993
3.6025,-5.56436,-0.0147152
3.605,-5.53559,-0.0146407
3.6075,-5.50842,-0.0145699
3.61,-5.48039,-0.014496
3.6125,-5.44892,-0.0144124
3.615,-5.41162,-0.0143129
3.6175,-5.36663,-0.0141932
3.62,-5.31269,-0.0140506
3.6225,-5.24916,-0.013884
3.625,-5.17593,-0.0136939
3.6275,-5.09354,-0.0134819
3.63,-5.00301,-0.0132506
3.6325,-4.90556,-0.013003
3.635,-4.80248,-0.0127415
3.6375,-4.69478,-0.0124678
3.64,-4.58307,-0.0121823
3.6425,-4.46753,-0.0118847
3.645,-4.34817,-0.0115741
3.6475,-4.22502,-0.0112503
3.65,-4.0983,-0.0109139
3.6525,-3.96837,-0.0105665
3.655,-3.83558,-0.0102097
3.6575,-3.70011,-0.00984508
3.66,-3.56213,-0.00947395
3.6625,-3.42169,-0.00909723
3.665,-3.27883,-0.00871551
3.6675,-3.13368,-0.00832928
3.67,-2.98645,-0.00793899
3.6725,-2.83732,-0.00754481
3.675,-2.68655,-0.00714696
3.6775,-2.53454,-0.00674602
3.68,-2.38185,-0.00634304
3.6825,-2.22906,-0.00593926
3.685,-2.07656,-0.00553558
3.6875,-1.92434,-0.00513198
3.69,-1.77207,-0.00472762
3.6925,-1.6193,-0.00432139
3.695,-1.4657,-0.00391251
3.6975,-1.31119,-0.00350081
3.7,-1.15582,-0.0030865
3.7025,-0.999992,-0.00267063
3.705,-0.843714,-0.0022533
3.7075,-0.687154,-0.001835
3.71,-0.530805,-0.00141717
3.7125,-0.374799,-0.00100031
3.715,-0.218921,-0.000584025
3.7175,-0.0627022,-0.000167189
3.72,0.0944598,0.00025174
3.7225,0.25311,0.000674249
3.725,0.413484,0.0011011
3.7275,0.57538,0.00153199
3.73,0.738172,0.00196552
3.7325,0.90088,0.00239933
3.735,1.06245,0.00283078
3.7375,1.22188,0.00325728
3.74,1.37815,0.00367592
3.7425,1.53016,0.00408355
3.745,1.67691,0.00447704
3.7475,1.81754,0.00485375
3.75,1.95171,0.00521239
3.7525,2.07956,0.00555313
3.755,2.20149,0.005877
3.7575,2.31812,0.00618571
3.76,2.43049,0.00648233
3.7625,2.54018,0.00677139
3.765,2.64913,0.00705834
3.7675,2.75937,0.00734893
3.77,2.87278,0.00764831
3.7725,2.99072,0.00796015
3.775,3.11406,0.0082868
3.7775,3.24315,0.00862918
3.78,3.37787,0.00898689
3.7825,3.51769,0.00935852
3.785,3.66169,0.00974163
3.7875,3.80856,0.0101328
3.79,3.95682,0.0105281
3.7925,4.105,0.0109237
3.795,4.25178,0.0113161
3.7975,4.39616,0.0117023
3.8,4.53739,0.0120801
3.8025,4.67489,0.0124473
3.805,4.80812,0.0128019
3.8075,4.9367,0.0131423
3.81,5.06062,0.0134682
3.8125,5.18038,0.0137804
3.815,5.29679,0.0140814
3.8175,5.41082,0.0143742
3.82,5.52341,0.014662
3.8225,5.63537,0.014948
3.825,5.74737,0.0152348
3.8275,5.86001,0.0155251
3.83,5.97369,0.0158207
3.8325,6.08864,0.0161224
3.835,6.20482,0.0164301
3.8375,6.3221,0.016743
3.84,6.44044,0.0170602
3.8425,6.55999,0.017381
3.845,6.68102,0.0177052
3.8475,6.80386,0.0180326
3.85,6.92871,0.0183631
3.8525,7.0556,0.0186962
3.855,7.18431,0.0190313
3.8575,7.31447,0.0193675
3.86,7.4455,0.0197038
3.8625,7.5767,0.0200386
3.865,7.7071,0.02037
3.8675,7.83556,0.0206955
3.87,7.96099,0.0210125
3.8725,8.08246,0.021319
3.875,8.1993,0.0216135
3.8775,8.31104,0.0218951
3.88,8.41755,0.0221638
3.8825,8.51887,0.0224201
3.885,8.61501,0.0226646
3.8875,8.7062,0.0228983
3.89,8.79286,0.0231224
3.8925,8.87556,0.0233386
3.895,8.95494,0.0235482
3.8975,9.03159,0.0237521
3.9,9.10599,0.0239506
3.9025,9.17851,0.0241437
3.905,9.24949,0.0243308
3.9075,9.31917,0.0245115
3.91,9.38774,0.0246854
3.9125,9.45522,0.0248521
3.915,9.52143,0.0250113
3.9175,9.58604,0.0251627
3.92,9.64866,0.0253065
3.9225,9.70892,0.0254431
3.925,9.76652,0.0255733
3.9275,9.82117,0.0256978
3.93,9.87268,0.0258173
3.9325,9.92082,0.0259319
3.935,9.96536,0.0260413
3.9375,10.0061,0.0261446
3.94,10.0428,0.0262407
3.9425,10.0754,0.0263283
3.945,10.1037,0.0264057
3.9475,10.1275,0.0264713
3.95,10.1466,0.0265237
3.9525,10.1608,0.0265617
3.955,10.1699,0.0265845
3.9575,10.1738,0.0265916
3.96,10.1724,0.0265832
3.9625,10.166,0.0265594
3.965,10.1545,0.026521
3.9675,10.1382,0.0264689
3.97,10.1173,0.0264037
3.9725,10.092,0.0263261
3.975,10.0624,0.0262367
3.9775,10.0283,0.0261359
3.98,9.98985,0.0260236
3.9825,9.9466,0.0258998
3.985,9.89841,0.0257646
3.9875,9.84518,0.0256183
3.99,9.7869,0.0254613
3.9925,9.72368,0.0252943
3.995,9.65581,0.025118
3.9975,9.58358,0.0249329
4,9.50726,0.0247391
4.0025,9.42707,0.0245363
4.005,9.34315,0.0243242
4.0075,9.25566,0.0241028
4.01,9.16478,0.0238723
4.0125,9.07095,0.0236341
4.015,8.97484,0.0233902
4.0175,8.87721,0.0231434
4.02,8.77903,0.0228968
4.0225,8.68147,0.0226542
4.025,8.5857,0.022419
4.0275,8.4928,0.0221939
4.03,8.40362,0.0219806
4.0325,8.3186,0.0217792
4.035,8.23782,0.0215882
4.0375,8.16106,0.0214057
4.04,8.0879,0.0212288
4.0425,8.01776,0.0210549
4.045,7.95002,0.0208818
4.0475,7.8843,0.0207087
4.05,7.82019,0.0205354
4.0525,7.75693,0.0203614
4.055,7.69329,0.0201853
4.0575,7.62771,0.020005
4.06,7.55851,0.0198181
4.0625,7.48416,0.0196218
4.065,7.40367,0.0194142
4.0675,7.31664,0.0191943
4.07,7.22331,0.018962
4.0725,7.12451,0.0187183
4.075,7.02161,0.0184651
4.0775,6.91635,0.0182055
4.08,6.81071,0.0179434
4.0825,6.70683,0.0176835
4.085,6.60699,0.0174313
4.0875,6.51357,0.0171933
4.09,6.42883,0.0169757
4.0925,6.35466,0.0167842
4.095,6.29235,0.0166231
4.0975,6.24249,0.0164943
4.1,6.20469,0.0163972
4.1025,6.17742,0.0163279
4.105,6.15817,0.0162794
4.1075,6.14364,0.0162428
4.11,6.13007,0.016208
4.1125,6.11347,0.0161644
4.115,6.09,0.016102
4.1175,6.05635,0.0160124
4.12,6.01016,0.0158903
4.1225,5.9501,0.0157328
4.125,5.87585,0.01554
4.1275,5.78802,0.0153139
4.13,5.68794,0.0150582
4.1325,5.57748,0.0147775
4.135,5.4587,0.0144765
4.1375,5.33341,0.0141587
4.14,5.20283,0.013826
4.1425,5.06753,0.0134788
4.145,4.9277,0.0131165
4.1475,4.78327,0.0127383
4.15,4.63415,0.0123438
4.1525,4.48012,0.0119329
4.155,4.32094,0.0115058
4.1575,4.15642,0.0110631
4.16,3.98653,0.0106061
4.1625,3.81144,0.010136
4.165,3.63141,0.00965438
4.1675,3.447,0.00916304
4.17,3.25895,0.00866392
4.1725,3.06804,0.00815876
4.175,2.87517,0.00764936
4.1775,2.68116,0.0071373
4.18,2.48667,0.00662376
4.1825,2.29224,0.00610973
4.185,2.09809,0.00559558
4.1875,1.90394,0.0050805
4.19,1.70902,0.00456246
4.1925,1.51232,0.00403886
4.195,1.31297,0.00350755
4.1975,1.11048,0.00296734
4.2,0.904839,0.00241827
4.2025,0.696426,0.00186145
4.205,0.486059,0.00129918
4.2075,0.27507,0.00073515
4.21,0.065073,0.000173873
4.2125,-0.142324,-0.000380143
4.215,-0.345831,-0.000923257
4.2175,-0.544753,-0.00145349
4.22,-0.73886,-0.00197024
4.2225,-0.928206,-0.0024738
4.225,-1.11215,-0.00296277
4.2275,-1.29152,-0.0034397
4.23,-1.46683,-0.00390637
4.2325,-1.63737,-0.00436126
4.235,-1.80313,-0.00480454
4.2375,-1.96415,-0.00523628
4.24,-2.1199,-0.00565488
4.2425,-2.26955,-0.00605765
4.245,-2.41218,-0.00644162
4.2475,-2.54688,-0.00680375
4.25,-2.67302,-0.00714188
4.2525,-2.79031,-0.00745491
4.255,-2.89869,-0.00774258
4.2575,-2.99868,-0.00800643
4.26,-3.09143,-0.00824987
4.2625,-3.17871,-0.00847811
4.265,-3.26292,-0.00869797
4.2675,-3.34669,-0.00891692
4.27,-3.43247,-0.0091418
4.2725,-3.52221,-0.00937795
4.275,-3.61721,-0.00962886
4.2775,-3.71801,-0.00989603
4.28,-3.82442,-0.0101788
4.2825,-3.93556,-0.0104749
4.285,-4.05007,-0.0107806
4.2875,-4.16612,-0.0110911
4.29,-4.28154,-0.0114004
4.2925,-4.39418,-0.011703
4.295,-4.50235,-0.0119941
4.2975,-4.60492,-0.0122705
4.3,-4.70149,-0.0125308
4.3025,-4.79217,-0.0127747
4.305,-4.87737,-0.0130027
4.3075,-4.95789,-0.0132164
4.31,-5.03488,-0.0134184
4.3125,-5.10964,-0.0136119
4.315,-5.18349,-0.0138007
4.3175,-5.25762,-0.0139884
4.32,-5.33287,-0.0141778
4.3225,-5.40971,-0.0143712
4.325,-5.48836,-0.01457
4.3275,-5.56887,-0.0147754
4.33,-5.65124,-0.0149881
4.3325,-5.73541,-0.0152083
4.335,-5.82127,-0.0154358
4.3375,-5.90879,-0.01567
4.34,-5.998,-0.0159106
4.3425,-6.08929,-0.0161574
4.345,-6.18328,-0.0164112
4.3475,-6.28064,-0.0166728
4.35,-6.38194,-0.0169429
4.3525,-6.48755,-0.0172217
4.355,-6.59747,-0.0175092
4.3575,-6.71133,-0.0178042
4.36,-6.82837,-0.0181051
4.3625,-6.94745,-0.0184091
4.365,-7.06715,-0.0187131
4.3675,-7.1858,-0.0190131
4.37,-7.30165,-0.019305
4.3725,-7.41326,-0.0195855
4.375,-7.5195,-0.0198521
4.3775,-7.61972,-0.0201036
4.38,-7.71384,-0.02034
4.3825,-7.80195,-0.020562
4.385,-7.88439,-0.0207708
4.3875,-7.96174,-0.0209684
4.39,-8.03484,-0.021157
4.3925,-8.10474,-0.0213393
4.395,-8.17251,-0.0215179
4.3975,-8.23906,-0.0216945
4.4,-8.30497,-0.0218698
4.4025,-8.37057,-0.0220437
4.405,-8.43596,-0.0222154
4.4075,-8.50102,-0.0223836
4.41,-8.56549,-0.0225468
4.4125,-8.62884,-0.0227033
4.415,-8.69028,-0.0228509
4.4175,-8.74891,-0.0229879
4.42,-8.80386,-0.0231129
4.4225,-8.85432,-0.023225
4.425,-8.89971,-0.0233243
4.4275,-8.93965,-0.0234109
4.43,-8.97397,-0.0234858
4.4325,-9.00256,-0.0235494
4.435,-9.02545,-0.0236022
4.4375,-9.04285,-0.0236446
4.44,-9.05504,-0.0236769
4.4425,-9.06221,-0.0236987
4.445,-9.06444,-0.0237093
4.4475,-9.0616,-0.0237071
4.45,-9.05345,-0.0236906
4.4525,-9.0397,-0.0236583
4.455,-9.02006,-0.0236088
4.4575,-8.99428,-0.0235411
4.46,-8.96219,-0.0234547
4.4625,-8.9237,-0.0233496
4.465,-8.87893,-0.0232263
4.4675,-8.82822,-0.023086
4.47,-8.77215,-0.0229305
4.4725,-8.71137,-0.0227619
4.475,-8.64654,-0.0225824
4.4775,-8.57829,-0.0223939
4.48,-8.50717,-0.0221985
4.4825,-8.43364,-0.0219977
4.485,-8.35802,-0.0217928
4.4875,-8.28051,-0.0215849
4.49,-8.20122,-0.0213745
4.4925,-8.12025,-0.021162
4.495,-8.03777,-0.0209478
4.4975,-7.95396,-0.0207321
4.5,-7.86892,-0.0205147
4.5025,-7.78262,-0.0202948
4.505,-7.69504,-0.0200716
4.5075,-7.60612,-0.019845
4.51,-7.51592,-0.0196147
4.5125,-7.42452,-0.0193811
4.515,-7.33211,-0.0191452
4.5175,-7.23918,-0.0189085
4.52,-7.14616,-0.018673
4.5225,-7.05368,-0.0184406
4.525,-6.96257,-0.0182139
4.5275,-6.8736,-0.0179948
4.53,-6.78738,-0.0177843
4.5325,-6.70441,-0.0175827
4.535,-6.62499,-0.0173898
4.5375,-6.5492,-0.0172044
4.54,-6.47697,-0.0170252
4.5425,-6.40808,-0.0168509
4.545,-6.34221,-0.0166802
4.5475,-6.27909,-0.0165127
4.55,-6.21829,-0.0163481
4.5525,-6.15907,-0.0161856
4.555,-6.10032,-0.016024
4.5575,-6.04069,-0.0158611
4.56,-5.97873,-0.0156946
4.5625,-5.91321,-0.0155221
4.565,-5.84333,-0.0153419
4.5675,-5.7689,-0.0151534
4.57,-5.69046,-0.0149573
4.5725,-5.60919,-0.0147558
4.575,-5.52675,-0.0145519
4.5775,-5.44496,-0.0143493
4.58,-5.36567,-0.014152
4.5825,-5.2907,-0.0139641
4.585,-5.22177,-0.0137899
4.5875,-5.16044,-0.0136337
4.59,-5.10793,-0.0134992
4.5925,-5.06504,-0.0133888
4.595,-5.03205,-0.0133039
4.5975,-5.0086,-0.0132439
4.6,-4.99363,-0.0132062
4.6025,-4.98538,-0.0131861
4.605,-4.98135,-0.0131769
4.6075,-4.97858,-0.0131706
4.61,-4.9739,-0.0131587
4.6125,-4.96413,-0.0131327
4.615,-4.94647,-0.0130856
4.6175,-4.91878,-0.013012
4.62,-4.8797,-0.0129089
4.6225,-4.82865,-0.0127754
4.625,-4.76585,-0.0126126
4.6275,-4.69207,-0.0124229
4.63,-4.60853,-0.0122094
4.6325,-4.51689,-0.011976
4.635,-4.41881,-0.0117265
4.6375,-4.31551,-0.0114632
4.64,-4.20768,-0.0111868
4.6425,-4.09547,-0.0108968
4.645,-3.97868,-0.0105921
4.6475,-3.85698,-0.0102714
4.65,-3.73004,-0.00993408
4.6525,-3.59767,-0.00958
4.655,-3.45973,-0.00920965
4.6575,-3.31617,-0.00882381
4.66,-3.16703,-0.00842344
4.6625,-3.01252,-0.0080098
4.665,-2.85302,-0.00758427
4.6675,-2.68906,-0.00714836
4.67,-2.5213,-0.00670363
4.6725,-2.35026,-0.00625113
4.675,-2.17631,-0.00579132
4.6775,-1.99971,-0.00532445
4.68,-1.82062,-0.0048505
4.6825,-1.63903,-0.00436923
4.685,-1.45462,-0.00387964
4.6875,-1.26666,-0.00337984
4.69,-1.07431,-0.00286766
4.6925,-0.876815,-0.00234118
4.695,-0.67375,-0.00179939
4.6975,-0.46519,-0.0012426
4.7,-0.251717,-0.000672442
4.7025,-0.0343313,-9.17147e-05
4.705,0.185678,0.000495992
4.7075,0.406787,0.00108641
4.71,0.62732,0.00167484
4.7125,0.84579,0.0022571
4.715,1.06129,0.00283064
4.7175,1.27345,0.00339445
4.72,1.48235,0.00394893
4.7225,1.68829,0.00449519
4.725,1.89148,0.00503419
4.7275,2.09192,0.00556642
4.73,2.28938,0.00609168
4.7325,2.48338,0.006609
4.735,2.67334,0.00711688
4.7375,2.85854,0.00761325
4.74,3.03808,0.0080952
4.7425,3.21079,0.00855903
4.745,3.37548,0.00900082
4.7475,3.53115,0.0094173
4.75,3.67727,0.0098066
4.7525,3.81386,0.0101686
4.755,3.9414,0.0105047
4.7575,4.06075,0.0108176
4.76,4.17321,0.0111111
4.7625,4.28052,0.0113907
4.765,4.38483,0.0116625
4.7675,4.48838,0.011933
4.77,4.59318,0.0122077
4.7725,4.70067,0.0124905
4.775,4.81162,0.0127835
4.7775,4.92619,0.013087
4.78,5.04395,0.0133997
4.7825,5.16405,0.0137193
4.785,5.28528,0.0140425
4.7875,5.40614,0.0143654
4.79,5.52494,0.0146835
4.7925,5.64016,0.0149928
4.795,5.75069,0.0152901
4.7975,5.85595,0.0155736
4.8,5.95589,0.0158426
4.8025,6.0508,0.0160972
4.805,6.14137,0.0163385
4.8075,6.22853,0.0165684
4.81,6.31346,0.0167894
4.8125,6.39765,0.0170056
4.815,6.48259,0.0172211
4.8175,6.56956,0.01744
4.82,6.65949,0.0176657
4.8225,6.75283,0.0179006
4.825,6.8497,0.0181461
4.8275,6.95004,0.0184033
4.83,7.05369,0.0186722
4.8325,7.16037,0.0189524
4.835,7.26981,0.0192429
4.8375,7.38183,0.0195425
4.84,7.49644,0.0198504
4.8425,7.61395,0.0201659
4.845,7.73494,0.0204895
4.8475,7.86012,0.0208219
4.85,7.99006,0.0211638
4.8525,8.12499,0.0215154
4.855,8.26481,0.0218764
4.8575,8.40906,0.0222458
4.86,8.55693,0.0226219
4.8625,8.70723,0.0230024
4.865,8.85843,0.0233836
4.8675,9.00873,0.0237615
4.87,9.15632,0.0241317
4.8725,9.29954,0.0244904
4.875,9.43717,0.0248348
4.8775,9.56845,0.0251632
4.88,9.69315,0.0254754
4.8825,9.81137,0.0257722
4.885,9.92351,0.026055
4.8875,10.0302,0.0263259
4.89,10.1323,0.0265874
4.8925,10.231,0.0268424
4.895,10.3273,0.0270931
4.8975,10.422,0.0273409
4.9,10.5155,0.0275857
4.9025,10.608,0.0278265
4.905,10.6992,0.0280617
4.9075,10.7889,0.028289
4.91,10.8763,0.0285061
4.9125,10.9607,0.0287107
4.915,11.0413,0.0289008
4.9175,11.1171,0.029075
4.92,11.1873,0.0292327
4.9225,11.2514,0.0293742
4.925,11.3091,0.0295008
4.9275,11.3603,0.0296139
4.93,11.4053,0.0297149
4.9325,11.444,0.0298049
4.935,11.4766,0.0298841
4.9375,11.5033,0.0299525
4.94,11.5242,0.0300095
4.9425,11.5394,0.0300542
4.945,11.5489,0.0300851
4.9475,11.5525,0.0301003
4.95,11.5498,0.0300981
4.9525,11.5407,0.0300772
4.955,11.5247,0.0300363
4.9575,11.5017,0.0299749
4.96,11.4715,0.0298926
4.9625,11.4342,0.02979
4.965,11.39,0.0296682
4.9675,11.3395,0.0295285
4.97,11.2829,0.0293724
4.9725,11.2208,0.0292014
4.975,11.1539,0.0290175
4.9775,11.0826,0.0288224
4.98,11.0074,0.0286178
4.9825,10.9287,0.0284052
4.985,10.8466,0.0281856
4.9875,10.7614,0.02796
4.99,10.6732,0.0277293
4.9925,10.5822,0.027494
4.995,10.4887,0.0272547
4.9975,10.3927,0.0270113
5,10.2944,0.0267634
5.0025,10.1938,0.0265097
5.005,10.0906,0.0262493
5.0075,9.98486,0.0259816
5.01,9.87642,0.0257063
5.0125,9.76537,0.0254238
5.015,9.65208,0.0251357
5.0175,9.53725,0.0248446
5.02,9.42174,0.0245538
5.0225,9.30656,0.0242665
5.025,9.19301,0.0239865
5.0275,9.0824,0.0237174
5.03,8.97576,0.023461
5.0325,8.8738,0.0232179
5.035,8.77685,0.0229874
5.0375,8.68493,0.0227677
5.04,8.59784,0.0225567
5.0425,8.51528,0.0223521
5.045,8.43697,0.0221527
5.0475,8.36263,0.021958
5.05,8.29206,0.0217682
5.0525,8.22484,0.0215838
5.055,8.16016,0.0214048
5.0575,8.09667,0.0212296
5.06,8.03264,0.0210557
5.0625,7.96621,0.0208796
5.065,7.89581,0.0206981
5.0675,7.82041,0.0205086
5.07,7.73985,0.02031
5.0725,7.65482,0.0201029
5.075,7.56665,0.0198892
5.0775,7.47704,0.0196718
5.08,7.38798,0.0194546
5.0825,7.3017,0.0192426
5.085,7.22045,0.0190411
5.0875,7.14639,0.0188557
5.09,7.0813,0.0186917
5.0925,7.02648,0.018553
5.095,6.98266,0.0184422
5.0975,6.94991,0.0183599
5.1,6.92749,0.0183044
5.1025,6.91385,0.0182716
5.105,6.90658,0.0182547
5.1075,6.9025,0.0182451
5.11,6.89789,0.0182327
5.1125,6.88872,0.018207
5.115,6.87107,0.0181579
5.1175,6.84161,0.0180773
5.12,6.798,0.0179601
5.1225,6.73896,0.0178039
5.125,6.66436,0.0176096
5.1275,6.57506,0.01738
5.13,6.4725,0.017119
5.1325,6.35861,0.0168313
5.135,6.2356,0.0165216
5.1375,6.10527,0.0161934
5.14,5.96871,0.0158478
5.1425,5.82629,0.0154845
5.145,5.67779,0.0151015
5.1475,5.52268,0.0146967
5.15,5.3604,0.0142685
5.1525,5.19051,0.0138163
5.155,5.01284,0.0133406
5.1575,4.82748,0.012843
5.16,4.63477,0.0123257
5.1625,4.4353,0.0117914
5.165,4.22976,0.0112427
5.1675,4.01897,0.0106822
5.17,3.80372,0.0101117
5.1725,3.5847,0.00953284
5.175,3.36239,0.00894612
5.1775,3.13716,0.00835188
5.18,2.90937,0.00775044
5.1825,2.6793,0.00714211
5.185,2.447,0.00652682
5.1875,2.21218,0.0059037
5.19,1.97413,0.00527094
5.1925,1.73206,0.00462654
5.195,1.48543,0.00396917
5.1975,1.23418,0.00329876
5.2,0.978813,0.00261678
5.2025,0.720409,0.0019262
5.205,0.460572,0.00123147
5.2075,0.201392,0.000538408
5.21,-0.0548049,-0.000146475
5.2125,-0.305874,-0.000817132
5.215,-0.550178,-0.00146893
5.2175,-0.786701,-0.00209904
5.22,-1.01512,-0.00270666
5.2225,-1.23468,-0.00329002
5.225,-1.44659,-0.00385278
5.2275,-1.65174,-0.00439774
5.23,-1.84961,-0.0049241
5.2325,-2.04059,-0.00543323
5.235,-2.22503,-0.00592632
5.2375,-2.40279,-0.00640292
5.24,-2.57345,-0.00686158
5.2425,-2.73636,-0.00730005
5.245,-2.89054,-0.00771505
5.2475,-3.03506,-0.00810348
5.25,-3.16934,-0.00846326
5.2525,-3.29306,-0.0087932
5.255,-3.40626,-0.00909341
5.2575,-3.50941,-0.00936536
5.26,-3.60355,-0.00961219
5.2625,-3.69041,-0.00983901
5.265,-3.77233,-0.0100526
5.2675,-3.85201,-0.0102605
5.27,-3.93208,-0.0104701
5.2725,-4.01461,-0.010687
5.275,-4.10104,-0.010915
5.2775,-4.1921,-0.0111561
5.28,-4.28785,-0.0114103
5.2825,-4.38768,-0.0116761
5.285,-4.49036,-0.0119503
5.2875,-4.59419,-0.0122283
5.29,-4.69729,-0.0125051
5.2925,-4.79787,-0.012776
5.295,-4.89463,-0.0130375
5.2975,-4.98703,-0.0132877
5.3,-5.07529,-0.0135268
5.3025,-5.16023,-0.0137562
5.305,-5.24311,-0.0139785
5.3075,-5.32555,-0.0141975
5.31,-5.40937,-0.0144173
5.3125,-5.4964,-0.0146427
5.315,-5.58827,-0.0148782
5.3175,-5.68622,-0.0151276
5.32,-5.79085,-0.0153933
5.3225,-5.90208,-0.0156761
5.325,-6.01935,-0.0159757
5.3275,-6.14185,-0.0162908
5.33,-6.26871,-0.0166201
5.3325,-6.39902,-0.0169614
5.335,-6.53198,-0.0173128
5.3375,-6.66696,-0.0176719
5.34,-6.80357,-0.0180371
5.3425,-6.94185,-0.0184073
5.345,-7.08228,-0.0187826
5.3475,-7.22551,-0.0191638
5.35,-7.37213,-0.0195514
5.3525,-7.52246,-0.0199458
5.355,-7.67648,-0.0203466
5.3575,-7.83371,-0.0207526
5.36,-7.99321,-0.0211618
5.3625,-8.15349,-0.0215704
5.365,-8.31259,-0.0219739
5.3675,-8.46817,-0.0223667
5.37,-8.6179,-0.022743
5.3725,-8.75967,-0.0230977
5.375,-8.89187,-0.0234273
5.3775,-9.01358,-0.0237297
5.38,-9.12466,-0.0240052
5.3825,-9.22547,-0.0242554
5.385,-9.31669,-0.0244826
5.3875,-9.39937,-0.0246902
5.39,-9.47495,-0.0248823
5.3925,-9.54495,-0.0250629
5.395,-9.61079,-0.0252354
5.3975,-9.6736,-0.0254019
5.4,-9.73403,-0.0255632
5.4025,-9.79221,-0.0257183
5.405,-9.84776,-0.0258649
5.4075,-9.89997,-0.0259997
5.41,-9.94783,-0.0261194
5.4125,-9.99015,-0.0262202
5.415,-10.0257,-0.0262992
5.4175,-10.0533,-0.0263542
5.42,-10.072,-0.0263838
5.4225,-10.0812,-0.0263882
5.425,-10.0809,-0.0263691
5.4275,-10.0715,-0.0263287
5.43,-10.0536,-0.0262701
5.4325,-10.028,-0.0261957
5.435,-9.99539,-0.0261078
5.4375,-9.95662,-0.026008
5.44,-9.91238,-0.0258972
5.4425,-9.86317,-0.0257758
5.445,-9.80927,-0.0256433
5.4475,-9.75076,-0.0254988
5.45,-9.68748,-0.025341
5.4525,-9.61917,-0.0251685
5.455,-9.54556,-0.0249803
5.4575,-9.46635,-0.0247753
5.46,-9.3814,-0.0245532
5.4625,-9.29076,-0.0243143
5.465,-9.19474,-0.0240595
5.4675,-9.09395,-0.0237907
5.47,-8.98928,-0.0235102
5.4725,-8.88184,-0.0232213
5.475,-8.77285,-0.0229274
5.4775,-8.66343,-0.0226319
5.48,-8.55444,-0.0223374
5.4825,-8.44646,-0.0220461
5.485,-8.33979,-0.0217592
5.4875,-8.23441,-0.0214774
5.49,-8.13019,-0.0212007
5.4925,-8.02689,-0.0209287
5.495,-7.92417,-0.0206606
5.4975,-7.82162,-0.020395
5.5,-7.71884,-0.0201304
5.5025,-7.61543,-0.0198649
5.505,-7.51102,-0.0195969
5.5075,-7.40523,-0.0193252
5.51,-7.2978,-0.0190488
5.5125,-7.1888,-0.018768
5.515,-7.07865,-0.0184843
5.5175,-6.96786,-0.0181995
5.52,-6.85705,-0.0179159
5.5225,-6.74713,-0.0176363
5.525,-6.63932,-0.0173643
5.5275,-6.53491,-0.0171033
5.53,-6.4351,-0.0168558
5.5325,-6.34091,-0.0166237
5.535,-6.25324,-0.0164083
5.5375,-6.17282,-0.0162101
5.54,-6.10012,-0.0160293
5.5425,-6.03541,-0.0158659
5.545,-5.97874,-0.0157194
5.5475,-5.92995,-0.0155898
5.55,-5.88852,-0.0154764
5.5525,-5.85345,-0.0153776
5.555,-5.82311,-0.0152905
5.5575,-5.79537,-0.0152112
5.56,-5.76802,-0.0151352
5.5625,-5.73901,-0.0150581
5.565,-5.70691,-0.0149767
5.5675,-5.67109,-0.0148894
5.57,-5.63191,-0.0147967
5.5725,-5.59054,-0.0147005
5.575,-5.5487,-0.0146043
5.5775,-5.5083,-0.0145119
5.58,-5.47119,-0.0144271
5.5825,-5.43906,-0.0143536
5.585,-5.41328,-0.0142947
5.5875,-5.3948,-0.014253
5.59,-5.38406,-0.0142297
5.5925,-5.38093,-0.014225
5.595,-5.38473,-0.0142377
5.5975,-5.39424,-0.0142649
5.6,-5.40775,-0.0143023
5.6025,-5.42295,-0.0143437
5.605,-5.43705,-0.0143818
5.6075,-5.44691,-0.0144079
5.61,-5.44935,-0.0144137
5.6125,-5.44145,-0.0143915
5.615,-5.42091,-0.0143356
5.6175,-5.38633,-0.0142428
5.62,-5.33729,-0.0141127
5.6225,-5.27417,-0.013947
5.625,-5.19823,-0.0137497
5.6275,-5.11133,-0.013526
5.63,-5.01549,-0.0132811
5.6325,-4.91279,-0.0130201
5.635,-4.80491,-0.0127464
5.6375,-4.69285,-0.0124617
5.64,-4.57677,-0.0121653
5.6425,-4.45603,-0.0118543
5.645,-4.32954,-0.0115251
5.6475,-4.19618,-0.0111743
5.65,-4.05519,-0.0108001
5.6525,-3.9063,-0.0104022
5.655,-3.74963,-0.00998193
5.6575,-3.58558,-0.00954133
5.66,-3.41482,-0.00908314
5.6625,-3.23822,-0.00861045
5.665,-3.05662,-0.00812593
5.6675,-2.87065,-0.00763133
5.67,-2.68074,-0.00712763
5.6725,-2.4871,-0.00661497
5.675,-2.2898,-0.00609306
5.6775,-2.08883,-0.00556131
5.68,-1.88408,-0.00501907
5.6825,-1.67546,-0.00446579
5.685,-1.46277,-0.00390082
5.6875,-1.24561,-0.00332315
5.69,-1.02359,-0.00273178
5.6925,-0.796565,-0.0021265
5.695,-0.564972,-0.00150855
5.6975,-0.329892,-0.000880973
5.7,-0.0929362,-0.000248197
5.7025,0.144005,0.000384564
5.705,0.379034,0.00101205
5.7075,0.610314,0.00162913
5.71,0.836237,0.00223127
5.7125,1.05575,0.00281547
5.715,1.26855,0.00338085
5.7175,1.47527,0.00392915
5.72,1.67723,0.00446414
5.7225,1.87598,0.00499033
5.725,2.07294,0.00551194
5.7275,2.2691,0.00603213
5.73,2.46498,0.00655273
5.7325,2.66058,0.00707396
5.735,2.85535,0.00759449
5.7375,3.04833,0.00811152
5.74,3.23815,0.00862094
5.7425,3.42313,0.00911755
5.745,3.6015,0.00959594
5.7475,3.7718,0.0100515
5.75,3.93305,0.0104811
5.7525,4.08501,0.010884
5.755,4.22798,0.0112609
5.7575,4.36274,0.0116144
5.76,4.49061,0.0119485
5.7625,4.61346,0.0122687
5.765,4.7335,0.0125817
5.7675,4.85306,0.012894
5.77,4.9742,0.0132114
5.7725,5.09836,0.0135378
5.775,5.22624,0.0138751
5.7775,5.3578,0.0142232
5.78,5.49241,0.0145803
5.7825,5.62897,0.0149434
5.785,5.76599,0.0153086
5.7875,5.90178,0.0156716
5.79,6.03469,0.0160278
5.7925,6.16333,0.0163736
5.795,6.287,0.0167069
5.7975,6.40576,0.0170274
5.8,6.52039,0.0173366
5.8025,6.63213,0.0176367
5.805,6.74237,0.0179307
5.8075,6.85255,0.0182215
5.81,6.9641,0.0185123
5.8125,7.07838,0.0188067
5.815,7.19657,0.0191081
5.8175,7.31941,0.0194191
5.82,7.44715,0.0197417
5.8225,7.57958,0.0200767
5.825,7.71618,0.020424
5.8275,7.85625,0.0207831
5.83,7.99916,0.0211533
5.8325,8.1444,0.0215334
5.835,8.2916,0.0219224
5.8375,8.44057,0.0223189
5.84,8.59142,0.022722
5.8425,8.7446,0.0231314
5.845,8.90091,0.0235478
5.8475,9.06126,0.0239722
5.85,9.22646,0.0244058
5.8525,9.39707,0.0248494
5.855,9.57319,0.0253031
5.8575,9.75437,0.0257659
5.86,9.93968,0.0262359
5.8625,10.1277,0.0267101
5.865,10.3167,0.0271845
5.8675,10.5047,0.0276547
5.87,10.6897,0.0281159
5.8725,10.8701,0.0285645
5.875,11.0446,0.0289978
5.8775,11.2126,0.0294148
5.88,11.3741,0.029816
5.8825,11.5295,0.0302028
5.885,11.6793,0.0305774
5.8875,11.8244,0.0309427
5.89,11.9659,0.0313017
5.8925,12.1049,0.0316571
5.895,12.2422,0.0320107
5.8975,12.3783,0.0323626
5.9,12.5131,0.0327115
5.9025,12.6464,0.033055
5.905,12.7776,0.0333898
5.9075,12.9058,0.0337124
5.91,13.0301,0.0340196
5.9125,13.1497,0.0343083
5.915,13.2634,0.0345764
5.9175,13.3704,0.0348224
5.92,13.4697,0.0350459
5.9225,13.5606,0.0352476
5.925,13.6431,0.0354292
5.9275,13.7171,0.0355929
5.93,13.783,0.0357411
5.9325,13.841,0.0358756
5.935,13.8915,0.0359972
5.9375,13.935,0.0361066
5.94,13.9716,0.0362034
5.9425,14.0017,0.0362868
5.945,14.0254,0.0363552
5.9475,14.0426,0.0364071
5.95,14.053,0.0364403
5.9525,14.0562,0.036453
5.955,14.0521,0.0364441
5.9575,14.0403,0.0364127
5.96,14.0209,0.0363589
5.9625,13.9938,0.0362832
5.965,13.9594,0.0361867
5.9675,13.9182,0.036071
5.97,13.8707,0.0359378
5.9725,13.8174,0.0357889
5.975,13.7589,0.0356262
5.9775,13.6955,0.035451
5.98,13.6274,0.0352642
5.9825,13.5544,0.0350665
5.985,13.4765,0.0348582
5.9875,13.3934,0.0346397
5.99,13.3052,0.0344113
5.9925,13.2118,0.0341733
5.995,13.1135,0.0339261
5.9975,13.0105,0.0336696
6,12.9028,0.0334033
6.0025,12.7906,0.0331259
6.005,12.6737,0.0328366
6.0075,12.5523,0.032535
6.01,12.4265,0.0322212
6.0125,12.2966,0.0318965
6.015,12.1635,0.0315632
6.0175,12.028,0.0312248
6.02,11.8913,0.0308853
6.0225,11.7547,0.0305489
6.025,11.6199,0.0302205
6.0275,11.4884,0.0299044
6.03,11.3619,0.0296037
6.0325,11.2413,0.0293201
6.035,11.1275,0.0290532
6.0375,11.0205,0.0288016
6.04,10.9203,0.0285629
6.0425,10.8266,0.0283349
6.045,10.7391,0.0281156
6.0475,10.6573,0.0279044
6.05,10.581,0.027701
6.0525,10.5092,0.0275053
6.055,10.4408,0.0273162
6.0575,10.374,0.0271317
6.06,10.3067,0.0269486
6.0625,10.2365,0.026763
6.065,10.1616,0.0265711
6.0675,10.0808,0.0263701
6.07,9.99389,0.0261588
6.0725,9.90149,0.0259375
6.075,9.80487,0.0257077
6.0775,9.70567,0.0254716
6.08,9.60585,0.0252327
6.0825,9.50762,0.0249954
6.085,9.41341,0.0247654
6.0875,9.32562,0.0245487
6.09,9.24649,0.0243516
6.0925,9.17796,0.02418
6.095,9.12137,0.0240381
6.0975,9.07732,0.0239282
6.1,9.04549,0.0238498
6.1025,9.02436,0.0237989
6.105,9.01127,0.023768
6.1075,9.00261,0.0237473
6.11,8.99406,0.023725
6.1125,8.98083,0.0236885
6.115,8.95813,0.0236255
6.1175,8.92178,0.0235259
6.12,8.86866,0.0233827
6.1225,8.79718,0.0231933
6.125,8.70708,0.0229582
6.1275,8.59927,0.0226811
6.13,8.47547,0.0223668
6.1325,8.33785,0.0220207
6.135,8.18875,0.0216479
6.1375,8.03026,0.0212521
6.14,7.86364,0.0208347
6.1425,7.68927,0.0203946
6.145,7.50684,0.0199292
6.1475,7.31588,0.0194359
6.15,7.11594,0.0189133
6.1525,6.90677,0.0183607
6.155,6.68835,0.0177794
6.1575,6.46094,0.0171716
6.16,6.22515,0.0165406
6.1625,5.98179,0.0158901
6.165,5.73186,0.0152239
6.1675,5.4765,0.0145458
6.17,5.21687,0.0138588
6.1725,4.95404,0.0131655
6.175,4.68895,0.0124676
6.1775,4.42253,0.0117667
6.18,4.1556,0.0110642
6.1825,3.88879,0.0103611
6.185,3.6224,0.00965787
6.1875,3.35628,0.00895385
6.19,3.0897,0.00824721
6.1925,2.82168,0.00753543
6.195,2.55129,0.0068162
6.1975,2.27805,0.00608836
6.2,2.00194,0.00535198
6.2025,1.72373,0.00460914
6.205,1.44505,0.00386434
6.2075,1.16809,0.00312356
6.21,0.89535,0.00239377
6.2125,0.629257,0.00168174
6.215,0.3717,0.000992895
6.2175,0.123617,0.000330006
6.22,-0.115116,-0.000307109
6.2225,-0.345168,-0.000920269
6.225,-0.567419,-0.00151203
6.2275,-0.782869,-0.00208542
6.23,-0.992392,-0.0026432
6.2325,-1.19633,-0.00318674
6.235,-1.39582,-0.00371937
6.2375,-1.59115,-0.00424202
6.24,-1.7816,-0.00475272
6.2425,-1.96678,-0.00525003
6.245,-2.14598,-0.00573164
6.2475,-2.31831,-0.00619454
6.25,-2.48294,-0.00663598
6.2525,-2.63936,-0.0070542
6.255,-2.78741,-0.00744852
6.2575,-2.92717,-0.00781922
6.26,-3.05928,-0.00816823
6.2625,-3.18532,-0.00850012
6.265,-3.30767,-0.00882174
6.2675,-3.42922,-0.00914121
6.27,-3.55289,-0.00946662
6.2725,-3.68112,-0.00980462
6.275,-3.8156,-0.0101598
6.2775,-3.95728,-0.0105348
6.28,-4.10618,-0.0109296
6.2825,-4.26144,-0.0113419
6.285,-4.42135,-0.0117672
6.2875,-4.58374,-0.0121998
6.29,-4.74629,-0.0126337
6.2925,-4.90673,-0.0130627
6.295,-5.06338,-0.0134825
6.2975,-5.21537,-0.0138904
6.3,-5.36271,-0.0142861
6.3025,-5.5061,-0.0146706
6.305,-5.64667,-0.0150462
6.3075,-5.78576,-0.0154156
6.31,-5.92477,-0.0157818
6.3125,-6.06516,-0.0161483
6.315,-6.20817,-0.0165182
6.3175,-6.35458,-0.0168941
6.32,-6.50461,-0.0172772
6.3225,-6.65791,-0.0176678
6.325,-6.81383,-0.0180654
6.3275,-6.97153,-0.0184693
6.33,-7.13001,-0.0188777
6.3325,-7.28824,-0.019289
6.335,-7.44529,-0.0197006
6.3375,-7.60044,-0.0201106
6.34,-7.75324,-0.0205168
6.3425,-7.90359,-0.020918
6.345,-8.05198,-0.021314
6.3475,-8.19922,-0.0217058
6.35,-8.3462,-0.0220944
6.3525,-8.49362,-0.022481
6.355,-8.64184,-0.0228659
6.3575,-8.79078,-0.0232492
6.36,-8.93985,-0.0236294
6.3625,-9.08787,-0.024004
6.365,-9.23308,-0.0243691
6.3675,-9.37341,-0.0247198
6.37,-9.50674,-0.0250513
6.3725,-9.63124,-0.0253593
6.375,-9.74563,-0.0256409
6.3775,-9.84922,-0.025895
6.38,-9.94204,-0.0261222
6.3825,-10.0247,-0.0263248
6.385,-10.0982,-0.0265058
6.3875,-10.1638,-0.0266691
6.39,-10.2231,-0.0268192
6.3925,-10.2775,-0.0269601
6.395,-10.3286,-0.0270954
6.3975,-10.3775,-0.0272274
6.4,-10.4247,-0.0273565
6.4025,-10.4706,-0.027482
6.405,-10.5149,-0.027602
6.4075,-10.5573,-0.027714
6.41,-10.5969,-0.027815
6.4125,-10.6331,-0.027902
6.415,-10.6648,-0.0279725
6.4175,-10.6911,-0.0280247
6.42,-10.7112,-0.0280576
6.4225,-10.7247,-0.0280715
6.425,-10.7313,-0.0280674
6.4275,-10.7309,-0.0280472
6.43,-10.7239,-0.0280132
6.4325,-10.7108,-0.0279677
6.435,-10.6922,-0.0279127
6.4375,-10.6687,-0.0278494
6.44,-10.6408,-0.027779
6.4425,-10.6091,-0.0277016
6.445,-10.5738,-0.027617
6.4475,-10.5353,-0.0275244
6.45,-10.4935,-0.0274227
6.4525,-10.4483,-0.0273106
6.455,-10.3996,-0.0271875
6.4575,-10.3473,-0.0270525
6.46,-10.2914,-0.0269055
6.4625,-10.232,-0.0267469
6.465,-10.1694,-0.0265779
6.4675,-10.1043,-0.0264004
6.47,-10.0375,-0.0262167
6.4725,-9.96975,-0.0260293
6.475,-9.90188,-0.0258405
6.4775,-9.83452,-0.0256524
6.48,-9.76802,-0.0254665
6.4825,-9.70242,-0.0252835
6.485,-9.63749,-0.0251032
6.4875,-9.5728,-0.0249254
6.49,-9.50779,-0.0247489
6.4925,-9.4419,-0.0245729
6.495,-9.37466,-0.0243962
6.4975,-9.30569,-0.0242177
6.5,-9.23472,-0.0240363
6.5025,-9.16154,-0.0238507
6.505,-9.08595,-0.0236598
6.5075,-9.00789,-0.023463
6.51,-8.92729,-0.0232599
6.5125,-8.84435,-0.0230509
6.515,-8.75953,-0.0228376
6.5175,-8.67341,-0.0226217
6.52,-8.58666,-0.0224057
6.5225,-8.50006,-0.0221921
6.525,-8.41467,-0.0219837
6.5275,-8.33161,-0.0217836
6.53,-8.25192,-0.0215939
6.5325,-8.17642,-0.0214157
6.535,-8.10581,-0.0212494
6.5375,-8.04059,-0.0210949
6.54,-7.98101,-0.0209515
6.5425,-7.92711,-0.0208182
6.545,-7.87868,-0.020694
6.5475,-7.83535,-0.0205782
6.55,-7.79637,-0.0204697
6.5525,-7.76041,-0.0203665
6.555,-7.72559,-0.0202656
6.5575,-7.68974,-0.0201633
6.56,-7.65065,-0.0200555
6.5625,-7.60645,-0.0199388
6.565,-7.55607,-0.0198111
6.5675,-7.49932,-0.0196719
6.57,-7.43691,-0.0195222
6.5725,-7.37021,-0.0193643
6.575,-7.30107,-0.0192015
6.5775,-7.23132,-0.0190369
6.58,-7.16265,-0.0188734
6.5825,-7.0965,-0.0187139
6.585,-7.03409,-0.018561
6.5875,-6.97642,-0.0184174
6.59,-6.9241,-0.0182849
6.5925,-6.87757,-0.0181655
6.595,-6.83689,-0.01806
6.5975,-6.80168,-0.0179682
6.6,-6.77098,-0.0178878
6.6025,-6.7432,-0.0178149
6.605,-6.71613,-0.0177437
6.6075,-6.68702,-0.0176668
6.61,-6.65287,-0.0175763
6.6125,-6.61076,-0.0174646
6.615,-6.5582,-0.0173254
6.6175,-6.49356,-0.0171548
6.62,-6.4162,-0.0169519
6.6225,-6.32626,-0.0167175
6.625,-6.22479,-0.0164552
6.6275,-6.11348,-0.0161694
6.63,-5.99429,-0.0158654
6.6325,-5.86922,-0.0155478
6.635,-5.7399,-0.0152199
6.6375,-5.60729,-0.0148831
6.64,-5.47156,-0.0145367
6.6425,-5.33215,-0.0141779
6.645,-5.18822,-0.0138037
6.6475,-5.03908,-0.0134118
6.65,-4.88432,-0.0130012
6.6525,-4.72387,-0.0125724
6.655,-4.55786,-0.0121268
6.6575,-4.38652,-0.011666
6.66,-4.21008,-0.011192
6.6625,-4.02875,-0.0107062
6.665,-3.8427,-0.0102098
6.6675,-3.65221,-0.00970349
6.67,-3.45762,-0.00918824
6.6725,-3.25927,-0.00866442
6.675,-3.05755,-0.00813245
6.6775,-2.85294,-0.00759297
6.68,-2.64606,-0.00704698
6.6825,-2.43751,-0.0064957
6.685,-2.2277,-0.00594
6.6875,-2.01666,-0.0053799
6.69,-1.80412,-0.00481481
6.6925,-1.58989,-0.00424435
6.695,-1.37394,-0.00366864
6.6975,-1.15686,-0.00308942
6.7,-0.940039,-0.00251054
6.7025,-0.724488,-0.00193483
6.705,-0.511266,-0.00136524
6.7075,-0.301749,-0.000805588
6.71,-0.0969109,-0.000258642
6.7125,0.102825,0.000274308
6.715,0.297666,0.00079369
6.7175,0.48849,0.00130179
6.72,0.676604,0.00180216
6.7225,0.863296,0.00229838
6.725,1.04952,0.00279329
6.7275,1.23574,0.00328843
6.73,1.42183,0.00378384
6.7325,1.60721,0.00427826
6.735,1.791,0.00476953
6.7375,1.9722,0.00525492
6.74,2.14964,0.00573105
6.7425,2.32197,0.00619383
6.745,2.48775,0.00663888
6.7475,2.64576,0.00706234
6.75,2.7953,0.00746191
6.7525,2.9363,0.00783711
6.755,3.06905,0.00818869
6.7575,3.1942,0.00851859
6.76,3.31304,0.0088306
6.7625,3.42735,0.00913006
6.765,3.53935,0.00942335
6.7675,3.6514,0.0097172
6.77,3.76562,0.0100176
6.7725,3.88357,0.0103288
6.775,4.0061,0.0106531
6.7775,4.13332,0.0109909
6.78,4.2648,0.0113408
6.7825,4.39958,0.0117002
6.785,4.53644,0.0120658
6.7875,4.67392,0.0124336
6.79,4.81054,0.0127996
6.7925,4.94512,0.0131606
6.795,5.07706,0.0135149
6.7975,5.20632,0.0138619
6.8,5.33334,0.0142025
6.8025,5.45877,0.0145376
6.805,5.58328,0.0148685
6.8075,5.70765,0.0151967
6.81,5.83273,0.0155239
6.8125,5.95937,0.0158523
6.815,6.0883,0.0161841
6.8175,6.22001,0.0165211
6.82,6.35465,0.0168646
6.8225,6.49202,0.0172152
6.825,6.63178,0.0175732
6.8275,6.77353,0.0179387
6.83,6.91682,0.0183112
6.8325,7.06125,0.0186901
6.835,7.20641,0.0190743
6.8375,7.35202,0.0194623
6.84,7.49806,0.0198531
6.8425,7.64478,0.0202461
6.845,7.79278,0.0206415
6.8475,7.94279,0.02104
6.85,8.09544,0.0214422
6.8525,8.25119,0.0218487
6.855,8.41002,0.0222593
6.8575,8.57152,0.022673
6.86,8.73486,0.0230882
6.8625,8.89885,0.0235026
6.865,9.062,0.0239129
6.8675,9.22265,0.0243156
6.87,9.37927,0.0247073
6.8725,9.53057,0.0250853
6.875,9.67567,0.0254478
6.8775,9.81414,0.0257941
6.88,9.94594,0.0261245
6.8825,10.0714,0.0264402
6.885,10.1908,0.0267427
6.8875,10.3048,0.0270336
6.89,10.4141,0.027315
6.8925,10.5196,0.0275887
6.895,10.6217,0.0278559
6.8975,10.721,0.028117
6.9,10.8176,0.0283711
6.9025,10.9114,0.0286168
6.905,11.0022,0.0288519
6.9075,11.0895,0.0290743
6.91,11.1729,0.0292818
6.9125,11.2518,0.0294726
6.915,11.3256,0.0296456
6.9175,11.3937,0.0298003
6.92,11.4558,0.0299369
6.9225,11.5114,0.0300562
6.925,11.5603,0.0301597
6.9275,11.6026,0.0302492
6.93,11.6384,0.0303267
6.9325,11.6683,0.0303938
6.935,11.6924,0.0304517
6.9375,11.7112,0.0305007
6.94,11.7249,0.0305406
6.9425,11.7338,0.0305708
6.945,11.7378,0.0305897
6.9475,11.737,0.0305956
6.95,11.7311,0.0305868
6.9525,11.7199,0.030562
6.955,11.7033,0.0305201
6.9575,11.681,0.0304606
6.96,11.6532,0.0303838
6.9625,11.6201,0.0302905
6.965,11.5819,0.0301821
6.9675,11.5391,0.0300603
6.97,11.4924,0.029927
6.9725,11.4421,0.029784
6.975,11.3887,0.0296327
6.9775,11.3322,0.0294739
6.98,11.2727,0.029308
6.9825,11.2099,0.029135
6.985,11.1434,0.0289544
6.9875,11.0729,0.028766
6.99,10.9983,0.0285697
6.9925,10.9196,0.0283656
6.995,10.8369,0.0281539
6.9975,10.7503,0.0279344
7,10.6599,0.0277067
7.0025,10.566,0.0274703
7.005,10.4686,0.0272248
7.0075,10.3679,0.0269703
7.01,10.2642,0.0267076
7.0125,10.1581,0.0264381
7.015,10.0503,0.0261645
7.0175,9.94176,0.0258898
7.02,9.83355,0.0256178
7.0225,9.72687,0.0253524
7.025,9.62309,0.0250976
7.0275,9.52369,0.0248572
7.03,9.42985,0.0246338
7.0325,9.3423,0.0244281
7.035,9.26144,0.0242396
7.0375,9.1873,0.0240666
7.04,9.11955,0.0239067
7.0425,9.05766,0.0237571
7.045,9.00098,0.0236154
7.0475,8.94885,0.02348
7.05,8.90062,0.0233498
7.0525,8.85562,0.0232246
7.055,8.8129,0.0231037
7.0575,8.77114,0.0229858
7.06,8.72878,0.0228687
7.0625,8.68422,0.0227498
7.065,8.63599,0.0226263
7.0675,8.58321,0.0224959
7.07,8.52584,0.0223582
7.0725,8.46446,0.0222134
7.075,8.40007,0.0220629
7.0775,8.33398,0.0219083
7.08,8.26766,0.0217523
7.0825,8.20273,0.0215979
7.085,8.14084,0.0214488
7.0875,8.08362,0.0213092
7.09,8.03268,0.0211837
7.0925,7.98934,0.0210762
7.095,7.95458,0.0209899
7.0975,7.92883,0.0209265
7.1,7.91179,0.0208855
7.1025,7.90233,0.0208638
7.105,7.89841,0.0208558
7.1075,7.89718,0.0208538
7.11,7.89515,0.0208483
7.1125,7.88843,0.020829
7.115,7.87301,0.0207858
7.1175,7.8454,0.0207103
7.12,7.80316,0.0205969
7.1225,7.74496,0.0204435
7.125,7.67049,0.0202502
7.1275,7.58044,0.0200197
7.13,7.47612,0.0197555
7.1325,7.35921,0.0194618
7.135,7.23166,0.0191425
7.1375,7.09519,0.0188008
7.14,6.95094,0.0184379
7.1425,6.79957,0.018054
7.145,6.64157,0.0176487
7.1475,6.47722,0.017222
7.15,6.30673,0.0167742
7.1525,6.13036,0.0163064
7.155,5.9483,0.0158201
7.1575,5.76061,0.0153168
7.16,5.56741,0.0147984
7.1625,5.36883,0.0142665
7.165,5.16499,0.0137224
7.1675,4.95619,0.0131673
7.17,4.74291,0.0126025
7.1725,4.52567,0.0120292
7.175,4.3051,0.0114482
7.1775,4.082,0.0108611
7.18,3.85727,0.0102694
7.1825,3.63179,0.00967497
7.185,3.40612,0.00907901
7.1875,3.18039,0.00848174
7.19,2.95428,0.00788236
7.1925,2.72724,0.00727951
7.195,2.49869,0.0066718
7.1975,2.26835,0.00605852
7.2,2.0362,0.00543972
7.2025,1.80265,0.00481656
7.205,1.56863,0.0041915
7.2075,1.3353,0.00356781
7.21,1.10411,0.00294948
7.2125,0.876528,0.00234073
7.215,0.653658,0.00174474
7.2175,0.435993,0.0011631
7.22,0.223598,0.000596142
7.2225,0.0163421,4.35464e-05
7.225,-0.186038,-0.000495511
7.2275,-0.383762,-0.00102186
7.23,-0.576854,-0.00153589
7.2325,-0.765278,-0.00203784
7.235,-0.948953,-0.00252777
7.2375,-1.12763,-0.00300516
7.24,-1.30039,-0.00346751
7.2425,-1.46734,-0.0039149
7.245,-1.62764,-0.0043447
7.2475,-1.77963,-0.00475209
7.25,-1.9228,-0.00513532
7.2525,-2.05682,-0.00549322
7.255,-2.18126,-0.00582449
7.2575,-2.29607,-0.00612908
7.26,-2.40193,-0.00640895
7.2625,-2.50021,-0.00666809
7.265,-2.59314,-0.00691274
7.2675,-2.68346,-0.00715054
7.27,-2.77395,-0.00738901
7.2725,-2.86699,-0.00763472
7.275,-2.96442,-0.00789256
7.2775,-3.06737,-0.00816551
7.28,-3.17623,-0.00845467
7.2825,-3.29063,-0.00875905
7.285,-3.40947,-0.00907574
7.2875,-3.53106,-0.00940031
7.29,-3.65343,-0.0097276
7.2925,-3.77459,-0.0100523
7.295,-3.89282,-0.0103698
7.2975,-4.007,-0.010677
7.3,-4.1166,-0.0109721
7.3025,-4.22147,-0.0112542
7.305,-4.32187,-0.0115233
7.3075,-4.41846,-0.0117807
7.31,-4.51233,-0.0120287
7.3125,-4.60493,-0.0122711
7.315,-4.69786,-0.012512
7.3175,-4.79249,-0.0127554
7.32,-4.88992,-0.0130048
7.3225,-4.99082,-0.0132628
7.325,-5.09547,-0.013531
7.3275,-5.20381,-0.0138103
7.33,-5.31553,-0.0141005
7.3325,-5.43015,-0.0144008
7.335,-5.54706,-0.0147096
7.3375,-5.66568,-0.0150252
7.34,-5.78572,-0.0153462
7.3425,-5.90719,-0.0156719
7.345,-6.03052,-0.0160024
7.3475,-6.15639,-0.0163387
7.35,-6.28553,-0.0166819
7.3525,-6.41845,-0.0170327
7.355,-6.5554,-0.0173916
7.3575,-6.69627,-0.0177582
7.36,-6.84044,-0.0181311
7.3625,-6.98683,-0.0185076
7.365,-7.13389,-0.0188842
7.3675,-7.27967,-0.019256
7.37,-7.42215,-0.019618
7.3725,-7.55943,-0.0199656
7.375,-7.69004,-0.0202954
7.3775,-7.81299,-0.0206051
7.38,-7.92783,-0.0208941
7.3825,-8.03451,-0.0211626
7.385,-8.13324,-0.0214119
7.3875,-8.22458,-0.0216439
7.39,-8.30937,-0.0218612
7.3925,-8.38869,-0.0220667
7.395,-8.46366,-0.0222631
7.3975,-8.5353,-0.0224528
7.4,-8.60434,-0.0226366
7.4025,-8.67119,-0.0228147
7.405,-8.73601,-0.0229861
7.4075,-8.79869,-0.0231496
7.41,-8.85884,-0.023303
7.4125,-8.91581,-0.0234442
7.415,-8.96876,-0.0235709
7.4175,-9.01679,-0.0236813
7.42,-9.05903,-0.0237739
7.4225,-9.09483,-0.0238485
7.425,-9.12377,-0.0239054
7.4275,-9.14566,-0.0239457
7.43,-9.16063,-0.0239707
7.4325,-9.16899,-0.0239821
7.435,-9.17117,-0.0239815
7.4375,-9.16757,-0.0239696
7.44,-9.15859,-0.0239471
7.4425,-9.14451,-0.0239137
7.445,-9.12545,-0.0238689
7.4475,-9.10138,-0.0238115
7.45,-9.07211,-0.0237402
7.4525,-9.0373,-0.0236534
7.455,-8.99663,-0.0235498
7.4575,-8.94977,-0.0234283
7.46,-8.89646,-0.0232882
7.4625,-8.83662,-0.0231292
7.465,-8.77031,-0.0229518
7.4675,-8.69779,-0.0227567
7.47,-8.61952,-0.0225454
7.4725,-8.53609,-0.0223195
7.475,-8.44815,-0.022081
7.4775,-8.35636,-0.021832
7.48,-8.2613,-0.0215743
7.4825,-8.16341,-0.0213098
7.485,-8.06299,-0.0210396
7.4875,-7.96028,-0.020765
7.49,-7.85539,-0.0204866
7.4925,-7.74844,-0.0202051
7.495,-7.63956,-0.0199207
7.4975,-7.52877,-0.0196335
7.5,-7.41608,-0.0193428
7.5025,-7.30148,-0.0190481
7.505,-7.18495,-0.0187487
7.5075,-7.06646,-0.0184441
7.51,-6.94608,-0.0181344
7.5125,-6.82396,-0.01782
7.515,-6.70049,-0.0175022
7.5175,-6.57622,-0.0171829
7.52,-6.45176,-0.0168641
7.5225,-6.32789,-0.0165483
7.525,-6.20559,-0.0162382
7.5275,-6.08586,-0.0159365
7.53,-5.96965,-0.0156452
7.5325,-5.85775,-0.0153654
7.535,-5.75093,-0.0150982
7.5375,-5.64977,-0.014844
7.54,-5.55456,-0.0146026
7.5425,-5.46552,-0.014374
7.545,-5.38263,-0.0141577
7.5475,-5.30564,-0.0139536
7.55,-5.23398,-0.0137607
7.5525,-5.16664,-0.0135775
7.555,-5.10202,-0.0134011
7.5575,-5.0381,-0.0132276
7.56,-4.97265,-0.0130522
7.5625,-4.90366,-0.0128704
7.565,-4.82966,-0.0126789
7.5675,-4.75001,-0.0124756
7.57,-4.66502,-0.012261
7.5725,-4.57582,-0.012037
7.575,-4.4842,-0.0118072
7.5775,-4.39224,-0.0115762
7.58,-4.30219,-0.0113489
7.5825,-4.21624,-0.0111308
7.585,-4.13642,-0.010927
7.5875,-4.06455,-0.0107422
7.59,-4.00204,-0.0105807
7.5925,-3.94972,-0.0104451
7.595,-3.90773,-0.0103361
7.5975,-3.87548,-0.0102526
7.6,-3.85153,-0.0101909
7.6025,-3.83352,-0.0101447
7.605,-3.81832,-0.0101058
7.6075,-3.80225,-0.0100643
7.61,-3.7814,-0.0100096
7.6125,-3.75208,-0.00993216
7.615,-3.7112,-0.00982388
7.6175,-3.65666,-0.00967955
7.62,-3.58742,-0.0094968
7.6225,-3.50344,-0.009276
7.625,-3.40566,-0.00901994
7.6275,-3.2957,-0.008733
7.63,-3.1756,-0.00842047
7.6325,-3.04765,-0.008088
7.635,-2.91391,-0.00774047
7.6375,-2.77591,-0.00738116
7.64,-2.63435,-0.00701129
7.6425,-2.48907,-0.0066299
7.645,-2.33942,-0.00623489
7.6475,-2.18466,-0.00582429
7.65,-2.02425,-0.0053969
7.6525,-1.85793,-0.00495249
7.655,-1.68573,-0.00449175
7.6575,-1.508,-0.00401623
7.66,-1.32545,-0.0035283
7.6625,-1.1389,-0.00303045
7.665,-0.949442,-0.00252563
7.6675,-0.758588,-0.00201775
7.67,-0.56737,-0.00150928
7.6725,-0.376664,-0.00100226
7.675,-0.187584,-0.000499346
7.6775,-0.000880728,-2.34565e-06
7.68,0.183093,0.000487893
7.6825,0.364263,0.000971162
7.685,0.543018,0.00144841
7.6875,0.720265,0.00192195
7.69,0.897226,0.00239491
7.6925,1.07506,0.0028703
7.695,1.25439,0.00334967
7.6975,1.43516,0.0038328
7.7,1.6167,0.00431773
7.7025,1.79773,0.00480093
7.705,1.97681,0.00527832
7.7075,2.1524,0.00574559
7.71,2.32297,0.00619848
7.7125,2.48733,0.00663373
7.715,2.64497,0.00705015
7.7175,2.79622,0.00744885
7.72,2.94197,0.00783275
7.7225,3.08338,0.00820549
7.725,3.22148,0.00857038
7.7275,3.35697,0.00892984
7.73,3.49009,0.00928489
7.7325,3.6208,0.00963549
7.735,3.74879,0.00998069
7.7375,3.8734,0.0103182
7.74,3.99367,0.0106448
7.7425,4.10839,0.0109564
7.745,4.21633,0.0112487
7.7475,4.31642,0.0115183
7.75,4.4081,0.0117633
7.7525,4.49137,0.0119835
7.755,4.56685,0.0121808
7.7575,4.63574,0.0123588
7.76,4.69964,0.0125225
7.7625,4.76062,0.0126781
7.765,4.82115,0.0128328
7.7675,4.88363,0.0129934
7.77,4.94999,0.0131655
7.7725,5.02151,0.0133525
7.775,5.09876,0.013556
7.7775,5.18149,0.0137752
7.78,5.2689,0.0140078
7.7825,5.35976,0.0142505
7.785,5.45247,0.014499
7.7875,5.54535,0.0147486
7.79,5.63664,0.0149946
7.7925,5.72487,0.0152329
7.795,5.80913,0.0154608
7.7975,5.88923,0.0156773
7.8,5.96549,0.0158829
7.8025,6.0386,0.0160786
7.805,6.10932,0.0162658
7.8075,6.17858,0.0164465
7.81,6.24734,0.0166231
7.8125,6.31662,0.0167983
7.815,6.38728,0.0169747
7.8175,6.45986,0.0171547
7.82,6.53455,0.0173397
7.8225,6.61122,0.0175305
7.825,6.6895,0.0177272
7.8275,6.76904,0.0179297
7.83,6.84963,0.0181383
7.8325,6.93123,0.0183527
7.835,7.01382,0.0185729
7.8375,7.09754,0.0187982
7.84,7.18264,0.0190285
7.8425,7.26964,0.0192638
7.845,7.35928,0.0195051
7.8475,7.45233,0.0197532
7.85,7.54941,0.0200091
7.8525,7.65078,0.0202729
7.855,7.75624,0.0205442
7.8575,7.86517,0.0208215
7.86,7.97657,0.0211027
7.8625,8.08906,0.0213847
7.865,8.20103,0.0216639
7.8675,8.31078,0.0219365
7.87,8.41664,0.0221988
7.8725,8.51723,0.0224477
7.875,8.61171,0.0226814
7.8775,8.69979,0.0228997
7.88,8.78169,0.0231034
7.8825,8.85779,0.023294
7.885,8.92856,0.0234728
7.8875,8.99481,0.0236422
7.89,9.05747,0.0238046
7.8925,9.11733,0.0239617
7.895,9.17514,0.024115
7.8975,9.23143,0.0242651
7.9,9.28633,0.0244112
7.9025,9.33968,0.0245518
7.905,9.3911,0.024685
7.9075,9.44008,0.0248084
7.91,9.48605,0.0249202
7.9125,9.52843,0.0250186
7.915,9.56659,0.0251024
7.9175,9.59998,0.0251711
7.92,9.62823,0.0252251
7.9225,9.6512,0.0252654
7.925,9.66894,0.0252936
7.9275,9.6817,0.0253118
7.93,9.68983,0.0253216
7.9325,9.69366,0.0253245
7.935,9.69342,0.025321
7.9375,9.68938,0.0253114
7.94,9.68168,0.0252951
7.9425,9.67031,0.0252712
7.945,9.65508,0.0252379
7.9475,9.6356,0.0251932
7.95,9.6114,0.0251349
7.9525,9.582,0.0250611
7.955,9.54692,0.0249703
7.9575,9.5058,0.0248614
7.96,9.45844,0.0247339
7.9625,9.40489,0.0245884
7.965,9.34539,0.0244256
7.9675,9.28039,0.0242473
7.97,9.21059,0.0240556
7.9725,9.13672,0.0238529
7.975,9.05943,0.0236412
7.9775,8.97923,0.0234223
7.98,8.89652,0.0231978
7.9825,8.81147,0.0229686
7.985,8.72416,0.0227353
7.9875,8.63458,0.0224982
7.99,8.54268,0.0222573
7.9925,8.44839,0.0220125
7.995,8.35169,0.0217634
7.9975,8.25256,0.0215096
8,8.15095,0.0212502
