time,max_nonortho_deg,max_skewness,min_volume_m3
0,32.2985,2.31084,3.125e-07
0.1,32.4932,2.3107,3.12271e-07
0.2,33.5013,2.30969,3.11182e-07
0.3,33.9348,2.30924,3.10644e-07
0.4,34.4289,2.30876,3.09919e-07
0.5,33.587,2.30948,3.11182e-07
0.6,31.4359,2.31183,3.114e-07
0.7,32.9049,2.31789,3.09576e-07
0.8,34.8113,2.37586,3.03047e-07
0.9,36.2128,2.39471,3.01438e-07
1,33.5801,2.362,3.0487e-07
1.1,37.0205,2.31033,3.12151e-07
1.2,36.0758,2.30945,3.0919e-07
1.3,41.2293,2.43544,2.22259e-07
1.4,43.8049,2.48033,1.9922e-07
1.5,38.2394,2.37449,2.47666e-07
1.6,33.8352,2.30968,3.1108e-07
1.7,33.063,2.32037,3.08931e-07
1.8,39.7899,2.45422,2.94161e-07
1.9,45.6003,2.59085,2.72596e-07
2,35.9064,2.39184,3.03083e-07
2.1,36.8397,2.31778,3.09775e-07
2.2,36.5618,2.31289,3.08508e-07
2.3,38.9643,2.39245,2.42953e-07
2.4,43.0715,2.46582,2.03204e-07
2.5,36.6828,2.33825,2.82317e-07
2.6,33.6256,2.30979,3.11164e-07
2.7,33.1192,2.31807,3.09493e-07
2.8,35.6865,2.3875,3.02052e-07
2.9,39.3102,2.44276,2.96258e-07
3,34.0103,2.35822,3.05601e-07
3.1,36.6984,2.31184,3.11656e-07
3.2,36.2782,2.31263,3.0852e-07
3.3,39.1069,2.39676,2.40512e-07
3.4,42.0217,2.44611,2.1155e-07
3.5,37.5052,2.35535,2.65238e-07
3.6,33.504,2.30981,3.11439e-07
3.7,32.9951,2.31941,3.09036e-07
3.8,38.4537,2.43143,2.97955e-07
3.9,44.3388,2.55468,2.78097e-07
4,36.2837,2.39748,3.02457e-07
4.1,37.0625,2.31868,3.09594e-07
4.2,36.6743,2.30942,3.09907e-07
4.3,38.4775,2.37787,2.52045e-07
4.4,42.0908,2.44728,2.12237e-07
4.5,36.4328,2.33357,2.87616e-07
4.6,33.58,2.30995,3.11167e-07
4.7,33.0892,2.31557,3.1019e-07
4.8,36.7641,2.40389,3.00447e-07
4.9,40.3121,2.46115,2.92748e-07
5,35.4812,2.38633,3.03033e-07
