s,x,y,x_theory,y_theory
0.000000000000000000e+00,0.000000000000000000e+00,0.000000000000000000e+00,0.000000000000000000e+00,0.000000000000000000e+00
4.000000000000000083e-03,4.000000002178065103e-03,-1.335538344459573862e-11,3.999926892220110296e-03,2.094375962785769571e-05
8.000000000000000167e-03,7.999780682474208829e-03,4.188705606888437215e-05,7.999415147381410199e-03,8.377274179218420686e-05
1.200000000000000025e-02,1.199890342097457985e-02,1.256566155779062261e-04,1.199802617652658346e-02,1.884800565870548776e-04
1.600000000000000033e-02,1.599692966989426160e-02,2.512994796196177513e-04,1.599532148689603375e-02,3.350542216754820012e-04
2.000000000000000042e-02,1.999342100166669883e-02,4.188018707635802226e-04,1.999086273001356162e-02,5.234791635485327695e-04
2.400000000000000050e-02,2.398793915702347387e-02,6.281454212294661135e-04,2.398421174975618950e-02,7.537342192879079722e-04
2.800000000000000058e-02,2.798004609305646331e-02,8.793071749010825111e-04,2.797493063040296102e-02,1.025794138832065647e-03
3.200000000000000067e-02,3.196930403124945835e-02,1.172259589825856707e-03,3.196258174465729102e-02,1.339629087744957951e-03
3.600000000000000422e-02,3.595527550549423162e-02,1.506970541262644134e-03,3.594672780163776782e-02,1.695204650487889099e-03
4.000000000000000083e-02,3.993752341004432049e-02,1.883403325176436849e-03,3.992693189483198513e-02,2.092481834193391215e-03
4.399999999999999745e-02,4.391561104747739031e-02,2.301516662278069170e-03,4.390275755000830338e-02,2.531417072941332010e-03
4.800000000000000100e-02,4.788910217655122092e-02,2.761264702547521280e-03,4.787376877308017337e-02,3.011962232536490470e-03
5.200000000000000455e-02,5.185756106007071570e-02,3.262597030255854572e-03,5.183953009791772426e-02,3.534064615786876307e-03
5.600000000000000117e-02,5.582055251265336665e-02,3.805458669506284024e-03,5.579960663410162697e-02,4.097666968282545098e-03
5.999999999999999778e-02,5.977764194845869294e-02,4.389790090247174502e-03,5.975356411461368866e-02,4.702707484674352283e-03
6.400000000000000133e-02,6.372839542884706221e-02,5.015527214809742569e-03,6.370096894345911309e-02,5.349119815451500864e-03
6.800000000000000488e-02,6.767237970995794438e-02,5.682601424931093582e-03,6.764138824321522248e-02,6.036833074217509004e-03
7.200000000000000844e-02,7.160916229023445156e-02,6.390939569275265811e-03,7.157438990250129807e-02,6.765771845463738367e-03
7.599999999999999811e-02,7.553831145783204692e-02,7.140463971459191407e-03,7.549954262336450173e-02,7.535856192839514821e-03
8.000000000000000167e-02,7.945939633797824420e-02,7.931092438570435874e-03,7.941641596857654251e-02,8.347001667918076476e-03
8.400000000000000522e-02,8.337198694021474843e-02,8.762738270177986705e-03,8.332458040883596040e-02,9.199119319457329039e-03
8.799999999999999489e-02,8.727565420555344344e-02,9.635310267837825932e-03,8.722360736987086471e-02,1.009211570315427485e-02
9.199999999999999845e-02,9.116997005352051042e-02,1.054871274509191527e-02,9.111306927943696454e-02,1.102589289189228293e-02
9.600000000000000200e-02,9.505450742911120132e-02,1.150284553797010188e-02,9.499253961420560388e-02,1.200034848647992154e-02
1.000000000000000056e-01,9.892884034961091366e-02,1.249760401596595148e-02,9.886159294653693030e-02,1.301537562688005571e-02
1.040000000000000091e-01,1.027925439513203976e-01,1.353287909350710770e-02,1.027198049911327848e-01,1.407086300392848890e-02
1.079999999999999988e-01,1.066451945361370224e-01,1.460855724192283711e-02,1.065667526515643310e-01,1.516669487154008802e-02
1.120000000000000023e-01,1.104863696180217875e-01,1.572452050189454553e-02,1.104020140666695099e-01,1.630275105940161284e-02
1.160000000000000059e-01,1.143156479693286653e-01,1.688064649638370066e-02,1.142251686568146463e-01,1.747890698614985167e-02
1.199999999999999956e-01,1.181326096669998715e-01,1.807680844406025361e-02,1.180357971700159159e-01,1.869503367303343433e-02
1.239999999999999991e-01,1.219368361386118371e-01,1.931287517319147870e-02,1.218334817279149718e-01,1.995099775805665027e-02
1.280000000000000027e-01,1.257279102082800859e-01,2.058871113604169439e-02,1.256178058716039825e-01,2.124666151060404518e-02
1.320000000000000062e-01,1.295054161424039063e-01,2.190417642372777599e-02,1.293883546072951973e-01,2.258188284654446751e-02
1.360000000000000098e-01,1.332689396952605743e-01,2.325912678155578339e-02,1.331447144518294878e-01,2.395651534381174411e-02
1.400000000000000133e-01,1.370180681544256318e-01,2.465341362485492030e-02,1.368864734780195769e-01,2.537040825846196418e-02
1.440000000000000169e-01,1.407523903860412595e-01,2.608688405525408718e-02,1.406132213598224601e-01,2.682340654120380155e-02
1.479999999999999927e-01,1.444714968798930521e-01,2.755938087746081719e-02,1.443245494173362176e-01,2.831535085440181274e-02
1.519999999999999962e-01,1.481749797943198721e-01,2.907074261649315872e-02,1.480200506616165534e-01,2.984607758954936976e-02
1.559999999999999998e-01,1.518624330009480938e-01,3.062080353538226135e-02,1.516993198393074838e-01,3.141541888521027365e-02
1.600000000000000033e-01,1.555334521292099093e-01,3.220939365335798860e-02,1.553619534770820931e-01,3.302320264542647765e-02
1.640000000000000069e-01,1.591876346107025941e-01,3.383633876447784267e-02,1.590075499258878089e-01,3.466925255859073379e-02
1.680000000000000104e-01,1.628245797233309200e-01,3.550146045673631401e-02,1.626357094049919738e-01,3.635338811678063414e-02
1.720000000000000140e-01,1.664438886352536395e-01,3.720457613163123678e-02,1.662460340458219998e-01,3.807542463555384921e-02
1.759999999999999898e-01,1.700451644486113689e-01,3.894549902417434456e-02,1.698381279355963558e-01,3.983517327420043469e-02
1.799999999999999933e-01,1.736280122430608197e-01,4.072403822339180912e-02,1.734115971607408657e-01,4.163244105645163423e-02
1.839999999999999969e-01,1.771920391190830446e-01,4.253999869323807359e-02,1.769660498500855994e-01,4.346703089164175721e-02
1.880000000000000004e-01,1.807368542410539292e-01,4.439318129400142421e-02,1.805010962178381639e-01,4.533874159632140383e-02
1.920000000000000040e-01,1.842620688801267226e-01,4.628338280413052397e-02,1.840163486063279841e-01,4.724736791631959504e-02
1.960000000000000075e-01,1.877672964568497804e-01,4.821039594251957938e-02,1.875114215285173247e-01,4.919270054925199698e-02
2.000000000000000111e-01,1.912521525835542691e-01,5.017400939124818521e-02,1.909859317102744203e-01,5.117452616747356769e-02
2.040000000000000147e-01,1.947162551065189928e-01,5.217400781873951510e-02,1.944394981324036875e-01,5.319262744147212202e-02
2.080000000000000182e-01,1.981592241478697114e-01,5.421017190338840719e-02,1.978717420724286913e-01,5.524678306370101738e-02
2.119999999999999940e-01,2.015806821472399257e-01,5.628227835760152981e-02,2.012822871461235896e-01,5.733676777284799075e-02
2.159999999999999976e-01,2.049802539031797266e-01,5.839009995228498784e-02,2.046707593487877286e-01,5.946235237853776667e-02
2.200000000000000011e-01,2.083575666142926386e-01,6.053340554176697696e-02,2.080367870962594179e-01,6.162330378646520973e-02
2.240000000000000047e-01,2.117122499201257724e-01,6.271196008913904052e-02,2.113800012656645577e-01,6.381938502395662072e-02
2.280000000000000082e-01,2.150439359417800067e-01,6.492552469203172194e-02,2.147000352358948150e-01,6.605035526595681716e-02
2.320000000000000118e-01,2.183522593222564367e-01,6.717385660881540488e-02,2.179965249278119077e-01,6.831596986143791128e-02
2.360000000000000153e-01,2.216368572665204373e-01,6.945670928522092169e-02,2.212691088441731124e-01,7.061598036022846692e-02
2.399999999999999911e-01,2.248973695812838403e-01,7.177383238136821053e-02,2.245174281092733870e-01,7.295013454025849053e-02
2.439999999999999947e-01,2.281334387145086684e-01,7.412497179922868107e-02,2.277411265083000014e-01,7.531817643521858396e-02
2.479999999999999982e-01,2.313447097946221276e-01,7.650986971047686602e-02,2.309398505263957624e-01,7.771984636262954660e-02
2.520000000000000018e-01,2.345308306694216249e-01,7.892826458477740503e-02,2.341132493874257259e-01,8.015488095231951271e-02
2.560000000000000053e-01,2.376914519446988172e-01,8.137989121845812246e-02,2.372609750924438154e-01,8.262301317530539035e-02
2.600000000000000089e-01,2.408262270225549617e-01,8.386448076359172277e-02,2.403826824578548793e-01,8.512397237307560427e-02
2.640000000000000124e-01,2.439348121394183944e-01,8.638176075748199567e-02,2.434780291532678276e-01,8.765748428727085373e-02
2.680000000000000160e-01,2.470168664037198925e-01,8.893145515253673972e-02,2.465466757390360752e-01,9.022327108975967958e-02
2.720000000000000195e-01,2.500720518333040543e-01,9.151328434654301680e-02,2.495882857034810998e-01,9.282105141310534324e-02
2.760000000000000231e-01,2.531000333924702250e-01,9.412696521332959698e-02,2.526025254997943392e-01,9.545054038142114505e-02
2.800000000000000266e-01,2.561004790287314536e-01,9.677221113380808648e-02,2.555890645826148222e-01,9.811144964160997683e-02
2.840000000000000302e-01,2.590730597092095189e-01,9.944873202741341678e-02,2.585475754442768115e-01,1.008034873949858190e-01
2.880000000000000338e-01,2.620174494567422130e-01,1.021562343839054060e-01,2.614777336507250749e-01,1.035263584292724914e-01
2.919999999999999818e-01,2.649333253856087089e-01,1.048944212955659483e-01,2.643792178770921764e-01,1.062797641509770075e-01
2.959999999999999853e-01,2.678203677369480618e-01,1.076629924897491292e-01,2.672517099429361220e-01,1.090634026181340616e-01
2.999999999999999889e-01,2.706782599138290446e-01,1.104616443618056804e-01,2.700948948471318389e-01,1.118769685734169461e-01
3.039999999999999925e-01,2.735066885159560535e-01,1.132900700083989964e-01,2.729084608024147096e-01,1.147201534776126353e-01
3.079999999999999960e-01,2.763053433740582654e-01,1.161479592611267542e-01,2.756920992695717776e-01,1.175926455434565948e-01
3.119999999999999996e-01,2.790739175838782282e-01,1.190349987205641530e-01,2.784455049912763491e-01,1.204941297698237518e-01
3.160000000000000031e-01,2.818121075398524189e-01,1.219508717906173240e-01,2.811683760255629938e-01,1.234242879762719736e-01
3.200000000000000067e-01,2.845196129683935649e-01,1.248952587132406977e-01,2.838604137789388360e-01,1.263827988379339906e-01
3.240000000000000102e-01,2.871961369608131975e-01,1.278678366035159719e-01,2.865213230391276955e-01,1.293693379207544458e-01
3.280000000000000138e-01,2.898413860059004254e-01,1.308682794850382358e-01,2.891508120074434696e-01,1.323835777170677130e-01
3.320000000000000173e-01,2.924550700220892585e-01,1.338962583256884109e-01,2.917485923307892026e-01,1.354251876815127376e-01
3.360000000000000209e-01,2.950369023892893128e-01,1.369514410736907550e-01,2.943143791332779591e-01,1.384938342672809852e-01
3.400000000000000244e-01,2.975865999802975170e-01,1.400334926940438873e-01,2.968478910474732224e-01,1.415891809626939335e-01
3.440000000000000280e-01,3.001038831918606542e-01,1.431420752052568746e-01,2.993488502452434363e-01,1.447108883281049974e-01
3.480000000000000315e-01,3.025884759753407205e-01,1.462768477164091974e-01,3.018169824682293001e-01,1.478586140331230869e-01
3.519999999999999796e-01,3.050401058669697241e-01,1.494374664645360118e-01,3.042520170579192662e-01,1.510320128941530227e-01
3.559999999999999831e-01,3.074585040177472139e-01,1.526235848523318228e-01,3.066536869853302427e-01,1.542307369122487559e-01
3.599999999999999867e-01,3.098434052229148694e-01,1.558348534861435097e-01,3.090217288802903361e-01,1.574544353112753980e-01
3.639999999999999902e-01,3.121945479510410126e-01,1.590709202143046341e-01,3.113558830603203598e-01,1.607027545763756449e-01
3.679999999999999938e-01,3.145116743727007780e-01,1.623314301657385328e-01,3.136558935591108876e-01,1.639753384927368773e-01
3.719999999999999973e-01,3.167945303887536590e-01,1.656160257888819598e-01,3.159215081545920234e-01,1.672718281846539978e-01
3.760000000000000009e-01,3.190428656582032785e-01,1.689243468908937229e-01,3.181524783965921643e-01,1.705918621548842551e-01
3.800000000000000044e-01,3.212564336256570896e-01,1.722560306771487304e-01,3.203485596340836516e-01,1.739350763242893672e-01
3.840000000000000080e-01,3.234349915483548665e-01,1.756107117910406523e-01,3.225095110420110323e-01,1.773011040717610842e-01
3.880000000000000115e-01,3.255783005228055083e-01,1.789880223540177839e-01,3.246350956477008776e-01,1.806895762744252232e-01
3.920000000000000151e-01,3.276861255109628224e-01,1.823875920059593037e-01,3.267250803568478856e-01,1.841001213481201770e-01
3.960000000000000187e-01,3.297582353660259979e-01,1.858090479457595035e-01,3.287792359790767116e-01,1.875323652881451808e-01
4.000000000000000222e-01,3.317944028577643478e-01,1.892520149722358158e-01,3.307973372530753076e-01,1.909859317102743925e-01
