E_factor,freq_Hz,U_m_s,U_BL_s,tip_amp_m,strouhal,theta_amp_rad,dp_amp_Pa,f_n_Hz
0.5,0.5,0.152045,0.380113,0.0286149,0.1882,0.692568,14160,1.88936
0.5,1.0,0.338843,0.847108,0.0265988,0.156998,0.63515,14635.7,1.88936
0.5,1.5,0.440077,1.10019,0.0216122,0.14733,0.545116,15123.2,1.88936
0.5,2.0,0.491233,1.22808,0.0179753,0.146369,0.509584,15400.1,1.88936
0.5,2.5,0.525845,1.31461,0.0158438,0.15065,0.482377,15543.2,1.88936
0.5,3.0,0.550765,1.37691,0.0141018,0.153624,0.465636,15267.5,1.88936
1.0,0.5,0.0759445,0.189861,0.0160411,0.211222,0.385258,15753.1,2.60389
1.0,1.0,0.23036,0.5759,0.0177577,0.154174,0.40068,15704.2,2.60389
1.0,1.5,0.371786,0.929465,0.0172022,0.138807,0.371736,15990,2.60389
1.0,2.0,0.440571,1.10143,0.0144246,0.130963,0.313842,16351.3,2.60389
1.0,2.5,0.46783,1.16958,0.0117368,0.125439,0.273005,16543.9,2.60389
1.0,3.0,0.472513,1.18128,0.00972531,0.123493,0.245874,16323.1,2.60389
2.0,0.5,0.0288071,0.0720179,0.00828655,0.287656,0.200982,16720,3.6365
2.0,1.0,0.100053,0.250131,0.00881508,0.176209,0.207352,16685.9,3.6365
2.0,1.5,0.202194,0.505485,0.00975338,0.144713,0.217,16645,3.6365
2.0,2.0,0.314948,0.787369,0.0103373,0.131289,0.217282,16699.1,3.6365
2.0,2.5,0.391101,0.977754,0.00964244,0.123273,0.197378,16880.2,3.6365
2.0,3.0,0.417938,1.04485,0.00832801,0.119558,0.168019,16691.4,3.6365
