time,dx,dy
0,0,0
0.01,0.00140142,3.80815e-06
0.02,0.00145126,8.78262e-05
0.03,0.00224504,0.000100929
0.04,0.00346531,0.000131598
0.05,0.0049033,0.000165676
0.06,0.00647263,0.000199348
0.07,0.00833096,0.000212954
0.08,0.0102938,0.000213954
0.09,0.012545,0.000188319
0.1,0.0151064,0.000154642
0.11,0.0178069,0.000105572
0.12,0.0210628,6.48166e-05
0.13,0.0243079,2.65316e-05
0.14,0.0280927,1.11168e-05
0.15,0.0318806,8.6015e-06
0.16,0.0358565,3.0381e-05
0.17,0.039983,6.10596e-05
0.18,0.0438658,0.000102902
0.19,0.0480002,0.000139188
0.2,0.0517076,0.0001677
0.21,0.0556147,0.000177764
0.22,0.0592345,0.00016885
0.23,0.0629238,0.000141822
0.24,0.0665788,0.000100348
0.25,0.0702129,5.65493e-05
0.26,0.0739582,1.42608e-05
0.27,0.0776251,-9.9201e-06
0.28,0.0814301,-1.99223e-05
0.29,0.0850475,-2.83108e-06
0.3,0.0888317,2.4945e-05
0.31,0.0922938,7.07564e-05
0.32,0.0959823,0.000109062
0.33,0.099359,0.000147219
0.34,0.102944,0.000159843
0.35,0.106477,0.000161472
0.36,0.110058,0.000134354
0.37,0.113947,0.000101792
0.38,0.1177,5.38574e-05
0.39,0.121919,1.68149e-05
0.4,0.125973,-1.69451e-05
0.41,0.130306,-2.68569e-05
0.42,0.134605,-2.35974e-05
0.43,0.138823,2.54738e-06
0.44,0.143111,3.68124e-05
0.45,0.14708,7.91227e-05
0.46,0.151051,0.00011514
0.47,0.154709,0.000140297
0.48,0.158209,0.000147991
0.49,0.161509,0.000134787
0.5,0.1646,0.000106777
0.51,0.167527,6.38773e-05
0.52,0.170348,2.24078e-05
0.53,0.172941,-1.70081e-05
0.54,0.175513,-3.69494e-05
0.55,0.177802,-4.17352e-05
0.56,0.179997,-2.16884e-05
0.57,0.181928,1.05823e-05
0.58,0.183623,5.56426e-05
0.59,0.185103,9.61356e-05
0.6,0.186348,0.000129662
0.61,0.187407,0.000143056
0.62,0.188421,0.000137873
0.63,0.189291,0.000112676
0.64,0.190288,7.41738e-05
0.65,0.191261,3.13841e-05
0.66,0.192302,-8.6869e-06
0.67,0.193463,-3.35953e-05
0.68,0.194468,-4.39388e-05
0.69,0.1956,-3.04408e-05
0.7,0.19645,-5.17807e-06
0.71,0.197217,3.70408e-05
0.72,0.197821,7.49973e-05
0.73,0.198046,0.000114641
0.74,0.198324,0.000132188
0.75,0.19808,0.000140661
0.76,0.197952,0.000120321
0.77,0.197402,9.39804e-05
0.78,0.196822,4.79448e-05
0.79,0.196015,1.13725e-05
0.8,0.194987,-2.70187e-05
0.81,0.193812,-3.99234e-05
0.82,0.192344,-4.23497e-05
0.83,0.19066,-1.64215e-05
0.84,0.18871,1.66585e-05
0.85,0.186482,6.41422e-05
0.86,0.184018,0.000102956
0.87,0.181345,0.000135527
0.88,0.178478,0.000145811
0.89,0.175535,0.000138672
0.9,0.172543,0.000110928
0.91,0.169511,7.21518e-05
0.92,0.166669,2.96348e-05
0.93,0.163702,-7.38107e-06
0.94,0.161065,-2.89103e-05
0.95,0.158232,-3.37987e-05
0.96,0.155607,-1.62449e-05
0.97,0.152856,1.39642e-05
0.98,0.150019,5.70841e-05
0.99,0.147191,9.68648e-05
1,0.144098,0.000132504
1.01,0.141045,0.000149445
1.02,0.137838,0.000151139
1.03,0.134536,0.000131365
1.04,0.131345,9.9347e-05
1.05,0.127888,5.82042e-05
1.06,0.124668,1.89638e-05
1.07,0.12113,-1.054e-05
1.08,0.117696,-2.45524e-05
1.09,0.114006,-1.7265e-05
1.1,0.1102,6.31256e-06
1.11,0.106205,4.68795e-05
1.12,0.102013,8.89968e-05
1.13,0.097673,0.000132158
1.14,0.0932362,0.000156933
1.15,0.0887434,0.000169647
1.16,0.0842855,0.000154495
1.17,0.0799483,0.00012963
1.18,0.0757034,8.50705e-05
1.19,0.071711,4.77862e-05
1.2,0.0678539,8.6141e-06
1.21,0.0641706,-5.51817e-06
1.22,0.0607501,-1.00212e-05
1.23,0.0572449,1.45048e-05
1.24,0.0541651,4.44771e-05
1.25,0.050808,9.10127e-05
1.26,0.0479052,0.000127621
1.27,0.0448044,0.000162292
1.28,0.0419836,0.00017387
1.29,0.0392465,0.00017285
1.3,0.0365548,0.000148739
1.31,0.0341583,0.000115849
1.32,0.0317085,7.38531e-05
1.33,0.0295152,3.69124e-05
1.34,0.0273277,9.55937e-06
1.35,0.0251873,-8.55183e-07
1.36,0.0231181,8.80023e-06
1.37,0.0209259,3.44179e-05
1.38,0.0187809,7.4917e-05
1.39,0.0164857,0.000116281
1.4,0.0142206,0.000156226
1.41,0.0118582,0.000178447
1.42,0.00965598,0.00018607
1.43,0.00740435,0.000169014
1.44,0.00553748,0.000139329
1.45,0.00367757,9.58815e-05
1.46,0.00229575,5.56753e-05
1.47,0.00103629,2.13168e-05
1.48,9.85656e-05,5.97242e-06
1.49,-0.000577603,8.17442e-06
1.5,-0.00117291,3.10429e-05
1.51,-0.0014577,6.64461e-05
1.52,-0.001714,0.000108267
1.53,-0.00174934,0.000147021
1.54,-0.0015664,0.000173493
1.55,-0.00129142,0.000184759
1.56,-0.000597483,0.000174563
1.57,0.00015743,0.000150843
1.58,0.001307,0.000111228
1.59,0.00258704,7.27463e-05
1.6,0.00404275,3.29699e-05
1.61,0.00565942,1.17099e-05
1.62,0.00726814,6.87143e-07
1.63,0.00892867,1.59845e-05
1.64,0.0105738,4.01717e-05
1.65,0.0121035,8.29795e-05
1.66,0.0137055,0.000120293
1.67,0.0151444,0.000158655
1.68,0.0166963,0.000175115
1.69,0.0182123,0.000179242
1.7,0.0198322,0.000157312
1.71,0.0215769,0.000125126
1.72,0.0234657,7.99832e-05
1.73,0.0255083,3.99289e-05
1.74,0.0277928,7.46345e-06
1.75,0.0301447,-5.83056e-06
1.76,0.0327639,-2.51667e-08
1.77,0.035419,2.41328e-05
1.78,0.03821,6.18332e-05
1.79,0.0411566,0.000101932
1.8,0.044066,0.000139763
1.81,0.0472885,0.000161495
1.82,0.0504642,0.000169573
1.83,0.0539556,0.000154288
1.84,0.0575868,0.00012786
1.85,0.0613446,8.62855e-05
1.86,0.0654175,4.78065e-05
1.87,0.0693921,1.03619e-05
1.88,0.073629,-8.68644e-06
1.89,0.0776697,-1.51728e-05
1.9,0.0817208,1.65064e-06
1.91,0.085605,2.91081e-05
1.92,0.0892882,7.00766e-05
1.93,0.0928552,0.000107609
1.94,0.0962151,0.000140693
1.95,0.0994894,0.000155516
1.96,0.10267,0.000153462
1.97,0.10583,0.000130846
1.98,0.108932,9.46285e-05
1.99,0.112132,5.16935e-05
2,0.115184,1.10162e-05
2.01,0.118403,-1.66789e-05
2.02,0.12141,-2.84443e-05
2.03,0.124499,-1.7507e-05
2.04,0.127476,7.73242e-06
2.05,0.130357,4.83171e-05
2.06,0.133316,8.69719e-05
2.07,0.136103,0.000124255
2.08,0.139058,0.000142259
2.09,0.141966,0.000147403
2.1,0.144955,0.000128751
2.11,0.148086,9.98733e-05
2.12,0.151153,5.82662e-05
2.13,0.154389,2.016e-05
2.14,0.157501,-1.31631e-05
2.15,0.160592,-2.95575e-05
2.16,0.163567,-3.00341e-05
2.17,0.166301,-1.13007e-05
2.18,0.168869,2.05713e-05
2.19,0.171159,5.98286e-05
2.2,0.173142,9.85367e-05
2.21,0.174992,0.0001264
2.22,0.176428,0.000140628
2.23,0.177878,0.000132666
2.24,0.178959,0.000110514
2.25,0.180065,7.09189e-05
2.26,0.180934,3.14009e-05
2.27,0.181747,-9.11662e-06
2.28,0.182377,-3.10983e-05
2.29,0.1829,-4.06443e-05
2.3,0.183182,-2.40865e-05
2.31,0.183363,2.93267e-06
2.32,0.183292,4.63145e-05
2.33,0.183114,8.46244e-05
2.34,0.182859,0.000120714
2.35,0.182446,0.000136604
2.36,0.182212,0.000138189
2.37,0.181814,0.000117158
2.38,0.181655,8.625e-05
2.39,0.181453,4.47753e-05
2.4,0.181225,8.12575e-06
2.41,0.181149,-2.14972e-05
2.42,0.18065,-3.36371e-05
2.43,0.180401,-2.89872e-05
2.44,0.179521,-6.53115e-06
2.45,0.178802,2.83571e-05
2.46,0.177551,6.80089e-05
2.47,0.176274,0.00010588
2.48,0.174701,0.000131052
2.49,0.172974,0.000141974
2.5,0.17111,0.00013143
2.51,0.169061,0.000106863
2.52,0.16692,6.77151e-05
2.53,0.16457,2.84339e-05
2.54,0.162158,-7.85964e-06
2.55,0.159471,-2.77028e-05
2.56,0.156761,-3.10674e-05
2.57,0.153759,-1.31083e-05
2.58,0.150696,1.94239e-05
2.59,0.147506,6.13383e-05
2.6,0.144107,0.000102754
2.61,0.140897,0.000134214
2.62,0.137357,0.000150736
2.63,0.134251,0.000146402
2.64,0.130885,0.000126122
2.65,0.127931,9.04996e-05
2.66,0.124942,5.22401e-05
2.67,0.122126,1.45431e-05
2.68,0.119427,-8.84115e-06
2.69,0.116673,-1.92568e-05
2.7,0.113962,-7.51514e-06
2.71,0.111161,1.61491e-05
2.72,0.1082,5.54487e-05
2.73,0.105259,9.3084e-05
2.74,0.102066,0.000131071
2.75,0.0989736,0.000151371
2.76,0.0957263,0.000160079
2.77,0.0925517,0.000144842
2.78,0.0893526,0.000119157
2.79,0.0861542,7.84193e-05
2.8,0.0829292,4.11492e-05
2.81,0.0796727,6.59162e-06
2.82,0.0762916,-8.9207e-06
2.83,0.0728765,-9.32925e-06
2.84,0.0693218,1.27281e-05
2.85,0.0657194,4.67988e-05
2.86,0.0621135,9.03566e-05
2.87,0.0584822,0.000130365
2.88,0.0549916,0.000160509
2.89,0.0516317,0.000173169
2.9,0.0483921,0.000165968
2.91,0.0455522,0.00014174
2.92,0.0426714,0.000104381
2.93,0.0403733,6.47711e-05
2.94,0.0379316,2.8555e-05
2.95,0.0359834,6.9354e-06
2.96,0.0339818,8.72923e-07
2.97,0.0321649,1.49839e-05
2.98,0.0304929,4.29407e-05
2.99,0.0287408,8.16224e-05
3,0.027249,0.000120717
3.01,0.0256529,0.000153674
3.02,0.0242736,0.000172831
3.03,0.0229398,0.000174265
3.04,0.0217139,0.000158303
3.05,0.0206397,0.000126556
3.06,0.0196044,8.81343e-05
3.07,0.0186854,4.79843e-05
3.08,0.0177621,1.87056e-05
3.09,0.0168854,2.30098e-06
3.1,0.015922,7.75732e-06
3.11,0.0150379,2.85292e-05
3.12,0.0139837,6.6371e-05
3.13,0.0131249,0.000106562
3.14,0.0121465,0.000147059
3.15,0.0114316,0.000171818
3.16,0.0108229,0.000182623
3.17,0.0104445,0.000169701
3.18,0.0104049,0.000143645
3.19,0.0105508,0.000102576
3.2,0.0110521,6.34849e-05
3.21,0.0117756,2.69171e-05
3.22,0.0126452,8.5951e-06
3.23,0.0138099,4.27658e-06
3.24,0.0149287,2.22097e-05
3.25,0.0163233,5.08452e-05
3.26,0.0177217,9.07588e-05
3.27,0.0192494,0.00012711
3.28,0.0210153,0.00015773
3.29,0.0227534,0.000171524
3.3,0.0248741,0.000169196
3.31,0.026931,0.000148404
3.32,0.0292509,0.000114909
3.33,0.0315848,7.47672e-05
3.34,0.033906,3.6137e-05
3.35,0.0363137,8.07129e-06
3.36,0.0385135,-4.93557e-06
3.37,0.0407993,2.19077e-06
3.38,0.0428579,2.55479e-05
3.39,0.0449919,6.29718e-05
3.4,0.0469682,0.000103292
3.41,0.0490789,0.000140375
3.42,0.0511044,0.000163082
3.43,0.0533473,0.000168556
3.44,0.0556161,0.00015341
3.45,0.0580703,0.000122485
3.46,0.0607459,8.15253e-05
3.47,0.063417,4.01627e-05
3.48,0.0664909,7.22079e-06
3.49,0.069367,-1.06991e-05
3.5,0.072635,-9.3015e-06
3.51,0.0757161,9.3081e-06
3.52,0.078955,4.25388e-05
3.53,0.0822411,8.05348e-05
3.54,0.0854226,0.000118014
3.55,0.0888942,0.000143564
3.56,0.0921866,0.000155694
3.57,0.0957906,0.00014758
3.58,0.099323,0.000125314
3.59,0.102957,8.85929e-05
3.6,0.106609,4.96223e-05
3.61,0.110115,1.15146e-05
3.62,0.113573,-1.2981e-05
3.63,0.116775,-2.35124e-05
3.64,0.119797,-1.26734e-05
3.65,0.122587,1.22092e-05
3.66,0.125178,5.12103e-05
3.67,0.127597,9.03194e-05
3.68,0.129936,0.000126367
3.69,0.132159,0.00014561
3.7,0.134406,0.000148918
3.71,0.136614,0.000130218
3.72,0.138819,9.83087e-05
3.73,0.141068,5.60184e-05
3.74,0.143227,1.63418e-05
3.75,0.145419,-1.48964e-05
3.76,0.147545,-2.90614e-05
3.77,0.149556,-2.44085e-05
3.78,0.151663,-2.35261e-06
3.79,0.153497,3.29188e-05
3.8,0.155549,7.17622e-05
3.81,0.15736,0.000108188
3.82,0.159301,0.000131828
3.83,0.161241,0.0001406
3.84,0.163052,0.000130192
3.85,0.165092,0.000104989
3.86,0.16678,6.8469e-05
3.87,0.168681,2.93363e-05
3.88,0.170195,-5.21357e-06
3.89,0.171656,-2.72952e-05
3.9,0.172842,-3.25519e-05
3.91,0.173688,-1.9412e-05
3.92,0.174388,9.53343e-06
3.93,0.174639,4.8113e-05
3.94,0.174839,8.83205e-05
3.95,0.174649,0.000120974
3.96,0.174499,0.000139086
3.97,0.174041,0.000138058
3.98,0.173701,0.000118453
3.99,0.173102,8.39458e-05
4,0.172584,4.33148e-05
4.01,0.171897,4.20386e-06
4.02,0.171087,-2.26929e-05
4.03,0.170293,-3.38665e-05
4.04,0.169142,-2.41622e-05
4.05,0.168183,7.9305e-07
4.06,0.166836,3.90193e-05
4.07,0.165696,7.82333e-05
4.08,0.164411,0.000114235
4.09,0.163166,0.000135281
4.1,0.162088,0.000141498
4.11,0.16085,0.000127589
4.12,0.159884,0.000100986
4.13,0.158671,6.31166e-05
4.14,0.157556,2.59937e-05
4.15,0.15622,-6.46021e-06
4.16,0.154738,-2.36709e-05
4.17,0.153058,-2.53329e-05
4.18,0.151143,-7.54028e-06
4.19,0.149006,2.33654e-05
4.2,0.146714,6.34707e-05
4.21,0.144202,0.000102435
4.22,0.141616,0.000133232
4.23,0.138903,0.000148283
4.24,0.136101,0.000144541
4.25,0.133286,0.000122776
4.26,0.130343,8.75872e-05
4.27,0.1274,4.745e-05
4.28,0.124372,1.07124e-05
4.29,0.121254,-1.33446e-05
4.3,0.118153,-2.03426e-05
4.31,0.114907,-7.52107e-06
4.32,0.111727,2.10236e-05
4.33,0.108508,6.03384e-05
4.34,0.105323,0.00010056
4.35,0.10229,0.00013453
4.36,0.0992897,0.000153885
4.37,0.0965131,0.000156243
4.38,0.093884,0.000140125
4.39,0.0913277,0.000110677
4.4,0.0890549,7.28776e-05
4.41,0.0866174,3.63079e-05
4.42,0.0844438,7.1344e-06
4.43,0.0820093,-6.86551e-06
4.44,0.0796342,-4.1072e-06
4.45,0.0771188,1.63387e-05
4.46,0.0744534,4.95032e-05
4.47,0.0718418,8.8965e-05
4.48,0.0690519,0.000126767
4.49,0.066399,0.000153832
4.5,0.063699,0.000166026
4.51,0.0610759,0.000158141
4.52,0.058517,0.000134898
4.53,0.0559399,9.777e-05
4.54,0.0534224,5.90375e-05
4.55,0.0508411,2.31539e-05
4.56,0.048301,2.63254e-06
4.57,0.0456821,-2.12324e-06
4.58,0.0432098,1.42267e-05
4.59,0.0406416,4.41536e-05
4.6,0.0384115,8.48656e-05
4.61,0.0361169,0.000123899
4.62,0.0342484,0.000156088
4.63,0.0324649,0.00017177
4.64,0.0309845,0.00017038
4.65,0.0297978,0.000150404
4.66,0.0286973,0.00011813
4.67,0.0279746,7.9169e-05
4.68,0.0272368,4.30678e-05
4.69,0.0267258,1.62334e-05
4.7,0.0262807,5.31168e-06
4.71,0.0257937,1.15285e-05
4.72,0.0255076,3.43726e-05
4.73,0.0250327,6.87395e-05
4.74,0.0247983,0.000107149
4.75,0.0244472,0.000142426
4.76,0.0242761,0.000165664
4.77,0.0241367,0.000173448
4.78,0.0241156,0.000161735
4.79,0.0241585,0.000135358
4.8,0.0243062,9.67615e-05
4.81,0.024424,5.78393e-05
4.82,0.0246358,2.3108e-05
4.83,0.0247584,4.73719e-06
4.84,0.0249355,2.19612e-06
4.85,0.0251028,2.09919e-05
4.86,0.0253265,5.20483e-05
4.87,0.0256706,9.32602e-05
4.88,0.0262004,0.000130795
4.89,0.0268799,0.000160648
4.9,0.0279482,0.0001724
4.91,0.0290845,0.000166993
4.92,0.0306971,0.000142989
4.93,0.0323233,0.000107852
4.94,0.0342751,6.77944e-05
4.95,0.0363047,3.19351e-05
4.96,0.038381,7.76256e-06
4.97,0.0406358,-7.14253e-07
4.98,0.0427807,9.34857e-06
4.99,0.0450931,3.37667e-05
5,0.0473875,6.9378e-05
