f,v,amp_L,amp_theta1,amp_fin,lag_tip,u_sat
0.5,0.055071238889304854,23.365972539280556,15.344901637403453,30.484184587526816,69.89742317209426,0.0
0.75,0.08457527032516522,24.940883666099165,28.54953216888768,27.36224839973215,82.34539019968611,0.0
1.0,0.11946594469749751,26.618211243090528,16.938951351080053,27.156228094259475,66.0307764762224,0.0
1.25,0.17854824109542836,32.86716032829451,25.38526956587168,39.88771755920809,32.288114868203095,0.4755244755244755
1.5,0.2363864080156154,24.663203295587493,15.493170063135022,46.04305105457761,51.717413084190724,0.6203796203796204
1.75,0.23580388402194943,20.640909273968933,10.522365643908595,41.329414679389366,72.26258908404702,0.6853146853146853
2.0,0.2214013637178802,17.77037963757694,7.943544909612557,35.70330525941339,94.85176009984728,0.7202797202797203
2.25,0.2018431999966182,16.125234405019963,6.8039222223684925,30.961792122711806,117.7624904268587,0.7502497502497503
2.5,0.18032722709207716,15.65545515613054,6.560403343665413,27.33800813455471,139.33996064114322,0.7502497502497503
2.75,0.15723961567256536,16.334434189190606,7.001329089870391,24.40688324056762,160.51873639800797,0.7802197802197802
3.0,0.13353983874339798,18.36940442309344,8.111800553571067,20.798996727507333,-174.20884633513683,0.8001998001998002
