t,tilt_deg,pitch_deg,com_z
0.0,29.999999999999993,0.0,-1.0
0.01,29.90503514380264,-0.00016133345646910535,-0.9999999996436868
0.020000000000000004,29.577972958701597,-0.0007069117753637139,-0.9999999963392829
0.030000000000000013,29.03486322658376,-0.001572923858015482,-0.9999999864294006
0.04000000000000002,28.299819007541732,-0.0026583810198102754,-0.9999999665801894
0.05000000000000003,27.401642204630335,-0.0038395924665189174,-0.9999999345715859
0.06000000000000004,26.37058207731425,-0.004986037963124987,-0.9999998898548601
0.07000000000000005,25.235807499247507,-0.0059749436600857525,-0.9999998337648023
0.08000000000000006,24.02379355249135,-0.006702866348145377,-0.9999997693633489
0.09000000000000007,22.757538699819435,-0.007093579000964932,-0.9999997009690176
0.10000000000000007,21.45639531629007,-0.0071022562433554395,-0.9999996334809549
0.11000000000000008,20.1362807207289,-0.006716352332167053,-0.9999995716350563
0.12000000000000009,18.81008046599965,-0.0059537288804592985,-0.9999995193364722
0.1300000000000001,17.488115923851986,-0.004858605275699253,-0.9999994792222601
0.1400000000000001,16.178600940241232,-0.0034958175000216764,-0.9999994526957418
0.1500000000000001,14.888050144327941,-0.0019452875472457103,-0.9999994395978639
0.16000000000000011,13.621625388161569,-0.00029685129174650314,-0.9999994373339307
0.17000000000000012,12.383420214502843,0.0013582247157636518,-0.9999994425485185
0.18000000000000013,11.176688293858058,0.0029347973601941057,-0.9999994522375633
0.19000000000000014,10.004024281165147,0.004359228091299933,-0.9999994636689841
0.20000000000000015,8.867505811257296,0.005573404260401283,-0.9999994742768227
0.21000000000000016,7.768804477343356,0.006537272660449672,-0.9999994816270199
0.22000000000000017,6.709272432718308,0.007229838111557877,-0.9999994834660909
0.23000000000000018,5.6900100117035795,0.007648697455213409,-0.999999477835061
0.24000000000000019,4.711918636009821,0.007808280064185336,-0.999999463212071
0.25000000000000017,3.7757423191834194,0.007737044812485855,-0.9999994386412826
0.2600000000000002,2.882100324236404,0.007473937024122869,-0.9999994038115766
0.2700000000000002,2.0315130041936644,0.007064435227032873,-0.999999359061563
0.2800000000000002,1.2244229184336348,0.006556518695847272,-0.9999993053056784
0.2900000000000002,0.4612209009402419,0.005996861745632914,-0.9999992438922614
0.3000000000000002,0.2579004757011827,0.005427526731152663,-0.9999991764285371
0.3100000000000002,0.932398541008128,0.004883355602958728,-0.9999991045956192
0.32000000000000023,1.5622010051189161,0.0043901974459514236,-0.9999990299774104
0.33000000000000024,2.1470524814023073,0.003964025549749296,-0.9999989539184003
0.34000000000000025,2.686752675361911,0.0036112105090640332,-0.9999988776580463
0.35000000000000026,3.181124326813368,0.00332932790693672,-0.9999988023181248
0.36000000000000026,3.6300088152667507,0.003108368704040514,-0.9999987286675224
0.3700000000000003,4.0332635431280135,0.0029327473556085876,-0.9999986571065813
0.3800000000000003,4.39075979161159,0.0027836491965140464,-0.9999985876968646
0.3900000000000003,4.702380758553795,0.002641458448174444,-0.999998520218624
0.4000000000000003,4.968019653809637,0.002488041268052117,-0.9999984542516994
0.4100000000000003,5.1875777826677485,0.002308683315021904,-0.9999983892679772
0.4200000000000003,5.360962572219413,0.0020935206185122663,-0.9999983247171894
0.4300000000000003,5.48808550575492,0.0018383610081320766,-0.9999982601052374
0.44000000000000034,5.5688599341151654,0.0015448582632969893,-0.9999981950680128
0.45000000000000034,5.603198751022605,0.0012200451427397015,-0.9999981294162786
0.46000000000000035,5.591026656383442,0.0008753753351705125,-0.9999980631594491
0.47000000000000036,5.53257732884082,0.0005253602653496559,-0.9999979965052029
0.48000000000000037,5.428803787035519,0.000185337658494912,-0.9999979298307808
0.4900000000000004,5.28138305880568,-0.0001304193416757787,-0.9999978636248241
0.5000000000000003,5.092646632893368,-0.00041052446930487876,-0.9999977984121274
0.5100000000000003,4.865490209804403,-0.0006479036147502975,-0.9999977346745107
0.5200000000000004,4.603269424515664,-0.0008406268574488822,-0.9999976727806862
0.5300000000000004,4.309689075875665,-0.0009920558785611578,-0.9999976129379085
0.5400000000000004,3.9886928650836553,-0.0011103156242193012,-0.999997555174801
0.5500000000000004,3.644359488560194,-0.0012071941449155361,-0.9999974993421378
0.5600000000000004,3.2808094182120193,-0.0012966252679461982,-0.9999974451308371
0.5700000000000004,2.9021250965557974,-0.001392965786991599,-0.9999973921031894
0.5800000000000004,2.512285786389632,-0.0015092832161715374,-0.999997339738995
0.5900000000000004,2.1151170796973964,-0.0016558556240289597,-0.999997287493312
0.6000000000000004,1.7142541514231127,-0.001839047663925993,-0.9999972348597078
0.6100000000000004,1.3131172507982827,-0.0020606736632767008,-0.9999971814311754
0.6200000000000004,0.9148976638436185,-0.0023178975236020872,-0.9999971269503214
0.6300000000000004,0.5225527983934062,-0.002603657565952824,-0.9999970713414351
0.6400000000000005,0.13882236085649396,-0.00290754868556519,-0.9999970147196242
0.6500000000000005,0.2338979846924181,-0.0032170483843388825,-0.999996957376616
0.6600000000000005,0.5931950113282163,-0.0035189514611008547,-0.9999968997406476
0.6700000000000005,0.9370789965489774,-0.0038008558733087596,-0.9999968423211356
0.6800000000000005,1.2636772772026874,-0.004052507099155521,-0.9999967856738035
0.6900000000000005,1.5713092776535855,-0.004266900364874867,-0.99999673035386
0.7000000000000005,1.858468977611629,-0.0044410213329628585,-0.9999966768645845
0.7100000000000005,2.123813106463931,-0.004576152965113152,-0.9999966256077573
0.7200000000000005,2.3661505397100244,-0.004677722735198873,-0.9999965768427692
0.7300000000000005,2.5844326573945318,-0.00475471058643278,-0.9999965306611966
0.7400000000000005,2.777744646638917,-0.004818681080876724,-0.9999964869821157
0.7500000000000006,2.9452977378930822,-0.004882539342097119,-0.9999964455704173
0.7600000000000006,3.086422359009047,-0.00495913374474819,-0.9999964060781203
0.7700000000000006,3.200562191727416,-0.005059877470548873,-0.9999963680630555
0.7800000000000006,3.2872691179263835,-0.005193511479625253,-0.999996330983113
0.7900000000000006,3.3461990450806507,-0.005365054555918795,-0.9999962942621762
0.8000000000000006,3.3771086073209275,-0.005575157043675136,-0.9999962573323008
0.8100000000000006,3.379853516834405,-0.005819883985603579,-0.9999962196783526
0.8200000000000006,3.3544436452791144,-0.006090867922225503,-0.9999961808945155
0.8300000000000006,3.3012162200070927,-0.006376138239348203,-0.9999961407383161
0.8400000000000006,3.220879859902405,-0.006661359610252202,-0.9999960991659179
0.8500000000000006,3.1144927710937833,-0.0069313386451842615,-0.9999960563380981
0.8600000000000007,2.9834319698439753,-0.007171675929645205,-0.99999601259352
0.8700000000000007,2.8293553616830973,-0.007370344812184838,-0.9999959683917169
0.8800000000000007,2.654158832839227,-0.0075190138931159785,-0.9999959242346457
0.8900000000000007,2.4599305720979214,-0.007613964442523454,-0.9999958805804796
0.9000000000000007,2.248904729061961,-0.007656504217776554,-0.9999958377655703
0.9100000000000007,2.02341626560002,-0.00765282565189036,-0.9999957959602829
0.9200000000000007,1.7858585177274295,-0.007613432934812414,-0.9999957551105841
0.9300000000000007,1.538644618842303,-0.007552194207749766,-0.9999957148765699
0.9400000000000007,1.2841735870592783,-0.007484736427235979,-0.9999956747899438
0.9500000000000007,1.024801567354366,-0.007426833009744799,-0.9999956342836865
0.9600000000000007,0.7628186788897627,-0.007392833204472352,-0.9999955927131305
0.9700000000000008,0.5004330809039038,-0.0073942695653645245,-0.9999955493931568
0.9800000000000008,0.2397786774570618,-0.007438779556804967,-0.9999955036511599
0.9900000000000008,0.018932757413778572,-0.007529439604694154,-0.9999954548899213
1.0000000000000007,0.2689590292644246,-0.0076645639457724795,-0.9999954026506138
1.0100000000000007,0.5130773901168199,-0.007837972254021395,-0.9999953466644732
1.0200000000000007,0.7482829379539064,-0.00803968420135926,-0.9999952868827697
1.0300000000000007,0.9730364783737555,-0.008256959970892075,-0.999995223478452
1.0400000000000007,1.185935041476111,-0.008475576398308088,-0.9999951568182958
1.0500000000000007,1.385693102742809,-0.008681210782010599,-0.9999950874100921
1.0600000000000007,1.5711368251086184,-0.008860799171932164,-0.9999950158350611
1.0700000000000007,1.7412001317820933,-0.00900374374766191,-0.9999949426838339
1.0800000000000007,1.8949215143979146,-0.00910281140140469,-0.9999948685716702
1.0900000000000007,2.0314414679335187,-0.00915471395683975,-0.9999947941622023
1.1000000000000008,2.150000557737194,-0.009160383613484448,-0.9999947200802694
1.1100000000000008,2.2499380993561644,-0.009124783447054684,-0.9999946468548314
1.1200000000000008,2.330691393249229,-0.00905632503547884,-0.9999945748693392
1.1300000000000008,2.391795435996194,-0.008965958062665482,-0.999994504327763
1.1400000000000008,2.432883031899377,-0.008866024906804479,-0.999994435244579
1.1500000000000008,2.4536852766867554,-0.008768994937115882,-0.9999943674626134
1.1600000000000008,2.4540337505708267,-0.008686205050639637,-0.999994300696959
1.1700000000000008,2.4338966540688194,-0.008626719719036209,-0.9999942345973496
1.1800000000000008,2.3934674907712608,-0.00859637491441462,-0.9999941688186932
1.1900000000000008,2.3331892549077815,-0.008597187276124473,-0.9999941030890944
1.2000000000000008,2.2537454259661858,-0.008627204781639067,-0.9999940372564863
1.2100000000000009,2.1560448081674806,-0.008680802228157048,-0.9999939713019359
1.2200000000000009,2.0412013501861836,-0.00874936564270997,-0.9999939053223713
1.2300000000000009,1.9105099230111344,-0.008822301433531042,-0.9999938395023467
1.2400000000000009,1.7654191802918187,-0.00888826489588061,-0.9999937741006781
1.2500000000000009,1.6075026940180626,-0.008936424463195619,-0.9999937094413845
1.260000000000001,1.438429538420528,-0.008957632961970963,-0.9999936458900929
1.270000000000001,1.2599353982110841,-0.008945377054886862,-0.9999935838170176
1.280000000000001,1.073795130781887,-0.008896406214277125,-0.9999935235519357
1.290000000000001,0.8817975610826853,-0.008810983325791532,-0.9999934653392529
1.300000000000001,0.6857232509796312,-0.00869274416545701,-0.999993409301907
1.310000000000001,0.4873265978308947,-0.008548196919833693,-0.9999933554212594
1.320000000000001,0.28832928672101554,-0.008385930236628007,-0.9999933035375034
1.330000000000001,0.09055192537388741,-0.008215626233889942,-0.9999932533709636
1.340000000000001,0.1055701015234559,-0.008046994116266895,-0.9999932045536382
1.350000000000001,0.29672969588682735,-0.007888752469937081,-0.9999931566516024
1.360000000000001,0.4825630858419258,-0.00774773318778667,-0.99999310919579
1.370000000000001,0.6616189843739426,-0.007628193763753524,-0.9999930617285674
1.380000000000001,0.8326573288798141,-0.0075314387282849424,-0.9999930138403996
1.390000000000001,0.9945426796536112,-0.007455764245957542,-0.9999929652047177
1.400000000000001,1.1462348319008635,-0.0073967207827441185,-0.9999929156057645
1.410000000000001,1.2867855966491626,-0.007347656728547589,-0.9999928649540892
1.420000000000001,1.4153362576451287,-0.007300478587020734,-0.9999928132860488
1.430000000000001,1.531115067395035,-0.00724654363097625,-0.9999927607465056
1.440000000000001,1.6334348383931672,-0.007177590265761064,-0.999992707557154
1.450000000000001,1.7216908104873043,-0.007086610447942924,-0.9999926539755755
1.460000000000001,1.7953589741614384,-0.0069685779786609675,-0.9999926002522764
1.470000000000001,1.8539949883608517,-0.0068209548025850025,-0.9999925466041949
1.480000000000001,1.8972337759148992,-0.006643924837002647,-0.999992493202836
1.490000000000001,1.9247898315623593,-0.006440314249017626,-0.9999924402001744
1.500000000000001,1.9364583701600304,-0.006215307501054315,-0.9999923876888072
1.5100000000000011,1.9321213254070162,-0.005975912542129859,-0.9999923356767625
1.5200000000000011,1.9117843574370759,-0.005730221286955131,-0.9999922840793688
1.5300000000000011,1.875622072484374,-0.005486485922202925,-0.9999922327250478
1.5400000000000011,1.823984761609404,-0.005252209631639902,-0.9999921813766298
1.5500000000000012,1.7573938330901775,-0.005033326525229784,-0.999992129764977
1.5600000000000012,1.676533694757973,-0.004833563143666433,-0.999992077629131
1.5700000000000012,1.582240560955561,-0.004654059871847879,-0.9999920247557371
1.5800000000000012,1.4754885436830094,-0.004493295601197195,-0.9999919710099995
1.5900000000000012,1.35737346351266,-0.004347329497381572,-0.9999919163437486
1.6000000000000012,1.229094891919269,-0.004210274605165292,-0.9999918608175615
1.6100000000000012,1.0919369927820035,-0.004075023632543982,-0.9999918045887485
1.6200000000000012,0.9472487587161749,-0.003934138746245991,-0.9999917478768781
1.6300000000000012,0.796424237109317,-0.0037807361703054102,-0.9999916909469713
1.6400000000000012,0.6408833156058416,-0.003609294095684145,-0.9999916340848598
1.6500000000000012,0.4820536159123059,-0.0034162934837712144,-0.9999915775660729
1.6600000000000013,0.32135420988213437,-0.003200621932363849,-0.9999915216222773
1.6700000000000013,0.16018433008909477,-0.0029636994936044774,-0.9999914664106286
1.6800000000000013,0.002713292110738561,-0.002709317686930322,-0.9999914119915444
1.6900000000000013,0.1582850121190982,-0.002443215061501819,-0.9999913583191954
1.7000000000000013,0.31296034555562696,-0.002172441031814456,-0.9999913052466401
1.7100000000000013,0.46302830701387016,-0.0019045837992981663,-0.9999912525424164
1.7200000000000013,0.6073725586549206,-0.0016469128326020797,-0.9999911999357718
1.7300000000000013,0.7449574297804202,-0.0014055922826589596,-0.9999911471319061
1.7400000000000013,0.8748269890942114,-0.0011850333980527687,-0.9999910938178808
1.7500000000000013,0.9961061740983883,-0.0009874183629179406,-0.9999910396903988
1.7600000000000013,1.1080012664267136,-0.0008124634494939529,-0.9999909844870645
1.7700000000000014,1.2097995506662578,-0.0006574442492130613,-0.9999909280162527
1.7800000000000014,1.3008682540797456,-0.000517477645202579,-0.9999908701804059
1.7900000000000014,1.3806529230237705,-0.0003860288925974026,-0.999990810987891
1.8000000000000014,1.4486754199395664,-0.00025558978424649237,-0.9999907505501906
1.8100000000000014,1.504531744316333,-0.00011845746682591741,-0.9999906890638618
1.8200000000000014,1.5478898914677663,3.246560366110162e-05,-0.9999906267797346
1.8300000000000014,1.5784879602087218,0.00020293120686091414,-0.9999905639644718
1.8400000000000014,1.5961327011374218,0.0003967349066282259,-0.9999905008586168
1.8500000000000014,1.6006986682052944,0.0006153249000117605,-0.9999904376759097
1.8600000000000014,1.5921342687940918,0.0008576478574959957,-0.9999903746736819
1.8700000000000014,1.5704991486933515,0.0011201674188415715,-0.9999903120852052
1.8800000000000014,1.5359840633713764,0.0013972345830377767,-0.9999902500837236
1.8900000000000015,1.48890889146891,0.0016816494168074455,-0.999990188759506
1.9000000000000015,1.4297184547819304,0.0019654142288118006,-0.9999901281071204
1.9100000000000015,1.3589766372823497,0.0022405747700389384,-0.9999900680270633
1.9200000000000015,1.2773589755928048,0.00250005554884093,-0.9999900083431313
1.9300000000000015,1.185643907645389,0.002738396922112299,-0.9999899488335297
1.9400000000000015,1.084702866358909,0.002952313169112488,-0.9999898892705539
1.9500000000000015,0.9754893978818144,0.0031410112960424817,-0.9999898294616636
1.9600000000000015,0.8590274772235255,0.0033062373680212793,-0.999989769284355
1.9700000000000015,0.7363991971539293,0.003452047443737672,-0.9999897087085001
1.9800000000000015,0.6087320302864366,0.003584322840955938,-0.9999896477961134
1.9900000000000015,0.47718594247952134,0.003710103765057208,-0.9999895866914712
2.0000000000000013,0.3429409395572456,0.003836922665930256,-0.9999895256915018
2.0100000000000002,0.2071876024553528,0.00397186649665259,-0.999989465141799
2.019999999999999,0.07115860964860499,0.004120788079839558,-0.9999894054032045
2.029999999999998,0.06439555703238155,0.004287678361655288,-0.9999893468247406
2.039999999999997,0.19764750613910398,0.004474249153111679,-0.9999892897121363
2.049999999999996,0.3279373961156146,0.004679768308563968,-0.9999892342964227
2.0599999999999947,0.45415968908633814,0.0049011607723133885,-0.9999891807082028
2.0699999999999936,0.5753227155165989,0.0051333597119690155,-0.999989128962891
2.0799999999999925,0.6905021709776128,0.005369865397735817,-0.9999890789604681
2.0899999999999914,0.7988422215421862,0.005603448378205301,-0.9999890305005321
2.0999999999999903,0.8995585669547369,0.005826919841844876,-0.9999889833103158
2.109999999999989,0.9919410019914575,0.006033884277587255,-0.9999889370776687
2.119999999999988,1.0753551982102847,0.006219404441134077,-0.9999888914789207
2.129999999999987,1.1492437248748253,0.006380527378007357,-0.9999888462023299
2.139999999999986,1.2131263761696367,0.006516545320270395,-0.9999888009426297
2.149999999999985,1.2665998774142824,0.006629044486988044,-0.999988755425134
2.1599999999999837,1.3093370408899672,0.0067217179760854975,-0.9999887094339013
2.1699999999999826,1.3410854467322917,0.006799959661250244,-0.9999886628345351
2.1799999999999815,1.361665754175946,0.0068702835578637236,-0.9999886155864974
2.1899999999999804,1.3709698933766084,0.0069396298973374735,-0.9999885677414115
2.1999999999999793,1.3689608979829575,0.007014626770907182,-0.9999885194265642
2.209999999999978,1.3556843611103235,0.0071008803598131935,-0.9999884708159914
2.219999999999977,1.3312879934305444,0.007202379350436822,-0.9999884220937875
2.229999999999976,1.296025399972924,0.007321064606403236,-0.9999883734158841
2.239999999999975,1.2502519456919265,0.007456618826190115,-0.999988324877622
2.249999999999974,1.194418884614234,0.007606503776040511,-0.999988276497968
2.2599999999999727,1.1290664407909663,0.007766249153925434,-0.9999882282407494
2.2699999999999716,1.054816093523971,0.007929941117782245,-0.9999881800352494
2.2799999999999705,0.9723623029621224,0.008090843659196241,-0.9999881317617987
2.2899999999999694,0.8824639087432627,0.008242115658967642,-0.9999880832510754
2.2999999999999683,0.7859354228481792,0.00837753184841966,-0.9999880342930905
2.309999999999967,0.6836384230550547,0.00849212843459899,-0.9999879846556261
2.319999999999966,0.5764732572755427,0.008582704614685192,-0.9999879341102073
2.329999999999965,0.4653713774186365,0.008648128044457332,-0.9999878824614981
2.339999999999964,0.3512892157021244,0.0086894143845545,-0.9999878295747602
2.349999999999963,0.23520802470402266,0.008709575792889597,-0.9999877753960642
2.3599999999999617,0.11817933040546971,0.008713257952745156,-0.9999877199612834
2.3699999999999606,0.00872586294091586,0.008706207068486179,-0.9999876633919358
2.3799999999999595,0.11613387644050792,0.008694624673178216,-0.999987605878428
2.3899999999999584,0.2305393195858841,0.008684489734972711,-0.9999875476644711
2.3999999999999573,0.3423044961142057,0.00868093282459059,-0.999987489046908
2.409999999999956,0.4504546611863552,0.008687662640601595,-0.9999874303383642
2.419999999999955,0.554117465934043,0.008706567684824452,-0.9999873718366193
2.429999999999954,0.6524751411464204,0.008737528940467133,-0.9999873137980794
2.439999999999953,0.7447627922615104,0.00877845471527669,-0.9999872564135477
2.4499999999999518,0.830271893684702,0.008825531752554787,-0.9999871997907953
2.4599999999999507,0.9083543673981589,0.008873663123567773,-0.999987143947742
2.4699999999999496,0.978426294369853,0.008917043398524576,-0.9999870888182947
2.4799999999999485,1.0399710060335936,0.008949807307479879,-0.9999870342703977
2.4899999999999474,1.0925415020803326,0.008966680974811922,-0.9999869801333389
2.4999999999999463,1.1357622148788937,0.008963565584666652,-0.9999869262296254
2.509999999999945,1.1693301702710444,0.00893799170405109,-0.9999868724024265
2.519999999999944,1.193015606404438,0.008889373489743974,-0.9999868185004256
2.529999999999943,1.2066621651112253,0.008819078582724385,-0.9999867643822749
2.539999999999942,1.210187394056949,0.008730299425364317,-0.9999867099439457
2.5499999999999408,1.2035883939311238,0.008627720558552087,-0.999986655137321
2.5599999999999397,1.1869568659677283,0.008517015243637896,-0.9999865999827152
2.5699999999999386,1.1604857934215629,0.008404222954029593,-0.9999865445712403
2.5799999999999375,1.1244659239742112,0.008295087496332813,-0.9999864890550322
2.5899999999999364,1.0792795113146545,0.008194429984703152,-0.9999864336262098
2.5999999999999353,1.0253928311392897,0.008105627263669788,-0.9999863784879349
2.609999999999934,0.9633478962603838,0.008030253436902895,-0.9999863238227946
2.619999999999933,0.8937536510806373,0.007967922652248417,-0.9999862697644354
2.629999999999932,0.8172768824025672,0.00791634905939131,-0.9999862163787397
2.639999999999931,0.7346330638582198,0.007871618984154456,-0.9999861636650859
2.6499999999999297,0.64657734540941,0.00782857958858049,-0.9999861115296557
2.6599999999999286,0.5538959183593395,0.007781433519349935,-0.9999860598136429
2.6699999999999275,0.4573980326396782,0.0077243957434643745,-0.9999860083158443
2.6799999999999264,0.3579091693600237,0.007652321798147345,-0.9999859568045737
2.6899999999999253,0.256267015616116,0.0075612614841393195,-0.9999859050362958
2.6999999999999242,0.15333018833690812,0.007448879795531588,-0.9999858527795904
2.709999999999923,0.05017267414678399,0.007314702072292618,-0.9999857998412427
2.719999999999922,0.05403923279189787,0.007160159675004544,-0.9999857460900734
2.729999999999921,0.15579932532651283,0.006988433710963815,-0.9999856914740018
2.73999999999992,0.25590333056791215,0.0068041152722862165,-0.999985636026849
2.7499999999999187,0.35336620556840354,0.006612719242984905,-0.9999855798633246
2.7599999999999176,0.4474172327539892,0.006420103349990084,-0.99998552316309
2.7699999999999165,0.537331079899622,0.006231857682626482,-0.9999854661519959
2.7799999999999154,0.6224176957736948,0.0060526971590094585,-0.9999854090682639
2.7899999999999143,0.7020235143192353,0.005885957303637368,-0.9999853521445663
2.7999999999999132,0.7755348639296353,0.005733269863013161,-0.9999852956100308
2.809999999999912,0.8423820449809459,0.0055943934550251794,-0.9999852396672305
2.819999999999911,0.9020435994123994,0.005467243926200646,-0.9999851844684053
2.82999999999991,0.9540505155997621,0.005348122841531232,-0.9999851300960313
2.839999999999909,0.9979901828007727,0.005232120347301979,-0.9999850765521208
2.8499999999999077,1.0335099558799115,0.005113649740305398,-0.9999850237593336
2.8599999999999066,1.060320235972961,0.004987056743408663,-0.9999849715747127
2.8699999999999055,1.0781970162063605,0.0048472383386341045,-0.9999849198141965
2.8799999999999044,1.086983879706171,0.00469020503248217,-0.9999848682836856
2.8899999999999033,1.0865936552407345,0.004513531199614865,-0.9999848168113421
2.899999999999902,1.0770171097697199,0.004316671190936323,-0.9999847652792925
2.909999999999901,1.058342420497771,0.00410095928412248,-0.999984713573205
2.9199999999999,1.0307584762941255,0.0038694645376706935,-0.999984661562904
2.929999999999899,0.9945510478785345,0.0036267186058103525,-0.9999846091601765
2.939999999999898,0.9500969975633645,0.003378222518332423,-0.9999845563344999
2.9499999999998967,0.8978568035760035,0.0031298447492229473,-0.9999845031200132
2.9599999999998956,0.838365764638886,0.0028871819815158867,-0.9999844496121556
2.9699999999998945,0.7722242845728818,0.002654955729943479,-0.9999843959532869
2.9799999999998934,0.7000876338201955,0.0024365124987388966,-0.9999843423091529
2.9899999999998923,0.6226555506897081,0.002233481852562123,-0.9999842888403317
2.999999999999891,0.5406619889558971,0.002045627641344066,-0.9999842356740807
3.00999999999989,0.4548652533508483,0.0018709051988866215,-0.9999841828820139
3.019999999999889,0.36603870368480534,0.0017057145619703872,-0.9999841304679653
3.029999999999888,0.27496216966482184,0.0015453278676595863,-0.9999840783765765
3.039999999999887,0.18241425405428674,0.0013843956232529092,-0.9999840264829906
3.0499999999998857,0.0891664271637566,0.0012174488180369013,-0.9999839745374085
3.0599999999998846,0.004171120302553103,0.001039586938734706,-0.9999839222533381
3.0699999999998835,0.09645188702772751,0.0008470193164021175,-0.9999838693372607
3.0799999999998824,0.18735721967765426,0.0006374672720477646,-0.9999838155113353
3.0899999999998813,0.27607907829535133,0.0004104020938297067,-0.9999837605386266
3.09999999999988,0.36196106850541454,0.00016709698106362743,-0.999983704247181
3.109999999999879,0.44437910798050295,-8.950914619387019e-05,-0.9999836465486361
3.119999999999878,0.5227416398059663,-0.00035511881293672875,-0.9999835874475065
3.129999999999877,0.5964902246800463,-0.0006245201154912856,-0.9999835270388104
3.139999999999876,0.6651000771559503,-0.0008921208273290362,-0.9999834654939282
3.1499999999998747,0.7280806927110814,-0.0011525174011547054,-0.9999834030369752
3.1599999999998736,0.7849767505310105,-0.0014010371021000703,-0.9999833399201641
3.1699999999998725,0.8353694433111256,-0.001634206390119048,-0.9999832764035967
3.1799999999998714,0.8788783255520916,-0.0018501662873838603,-0.9999832126970989
3.1899999999998703,0.9151637032240059,-0.0020487974968734285,-0.999983148995315
3.199999999999869,0.9439295069089949,-0.002231707202280368,-0.9999830854697221
3.209999999999868,0.9649265359928699,-0.002402050002017234,-0.999983022248071
3.219999999999867,0.9779559661616656,-0.002564183804770538,-0.9999829593981578
3.229999999999866,0.9828732319445107,-0.002723194496210287,-0.9999828969201059
3.2399999999998648,0.9795935369410165,-0.002884336831420022,-0.9999828347498535
3.2499999999998637,0.9681021633178226,-0.003052452684326404,-0.9999827727742275
3.2599999999998626,0.9484651908601803,-0.003231432995556003,-0.999982710855606
3.2699999999998615,0.9208341266314507,-0.0034237744697084805,-0.9999826488618957
3.2799999999998604,0.8854464932443712,-0.003630286407613425,-0.9999825866960689
3.2899999999998593,0.8426240800976426,-0.003849985296317859,-0.9999825243204434
3.299999999999858,0.7927692606133744,-0.004080187142047973,-0.9999824617701104
3.309999999999857,0.7363595235718545,-0.004316832034686851,-0.9999823991115754
3.319999999999856,0.6739404003673113,-0.004554957264347144,-0.9999823364067028
3.329999999999855,0.6061170502231228,-0.00478919206293199,-0.9999822737556641
3.3399999999998538,0.5335448484726409,-0.005014344872566484,-0.999982211297758
3.3499999999998527,0.45691938442614166,-0.005225969237786699,-0.9999821492015047
3.3599999999998515,0.37696634891035363,-0.005420839985467489,-0.9999820876473581
3.3699999999998504,0.2944319955907876,-0.005597286779436649,-0.9999820268054334
3.3799999999998493,0.21007586547653614,-0.005755349716003845,-0.9999819668122246
3.3899999999998482,0.12467496716590615,-0.005896742775327427,-0.9999819077509109
3.399999999999847,0.039204830743904996,-0.006024632956395521,-0.999981849639268
3.409999999999846,0.04706521316365687,-0.006143263165370869,-0.9999817924276398
3.419999999999845,0.13111225457782352,-0.0062574597690606745,-0.9999817360106262
3.429999999999844,0.21357789690217038,-0.006372088391237386,-0.9999816802411047
3.4399999999998427,0.2936480263806613,-0.006491593898797476,-0.9999816248747617
3.4499999999998416,0.370692472147523,-0.006619456195247131,-0.9999815696306689
3.4599999999998405,0.4441349595919024,-0.006757793234325863,-0.9999815142280098
3.4699999999998394,0.5134438591595837,-0.0069071356464688325,-0.9999814584096673
3.4799999999998383,0.5781309990907207,-0.007066373566409562,-0.9999814019660443
3.4899999999998372,0.6377513323310253,-0.007232878214850386,-0.9999813447552669
3.499999999999836,0.6919023921305772,-0.007402782485083653,-0.9999812867158487
3.509999999999835,0.7402234112973756,-0.007571388771190413,-0.999981227868885
3.519999999999834,0.7823942147553761,-0.007733660089456812,-0.9999811683087183
3.529999999999833,0.8181340732950655,-0.007884743172913202,-0.9999811081832887
3.5399999999998317,0.8472007272189235,-0.008020470071341294,-0.9999810476674968
3.5499999999998306,0.8693897760719744,-0.008137787379052162,-0.9999809869348057
3.5599999999998295,0.8845346015080082,-0.008235064735213215,-0.9999809261410733
3.5699999999998284,0.8925070393523862,-0.008312290181499113,-0.9999808654051884
3.5799999999998273,0.8932199046276473,-0.008371064534199765,-0.9999808048159361
3.589999999999826,0.8866347504529841,-0.008414419643513135,-0.9999807444339386
3.599999999999825,0.8727722501399817,-0.0084465086679502,-0.9999806842766196
3.609999999999824,0.8517167436148203,-0.008472165227508481,-0.9999806243084048
3.619999999999823,0.8236176123814597,-0.008496382268255573,-0.9999805644396149
3.629999999999822,0.7886897331419098,-0.008523770598039264,-0.9999805045356175
3.6399999999998207,0.7472132286596518,-0.008558056421566915,-0.9999804444354857
3.6499999999998196,0.6995324613002544,-0.008601673545051624,-0.999980383977102
3.6599999999998185,0.6460541549089974,-0.008655496079477815,-0.9999803230240207
3.6699999999998174,0.5872445236730034,-0.008718742284255407,-0.9999802614889266
3.6799999999998163,0.5236253215290578,-0.008789061388388645,-0.9999801993491736
3.689999999999815,0.45576881151106435,-0.008862795302880469,-0.9999801366498869
3.699999999999814,0.3842918203058488,-0.00893538806208767,-0.9999800734897817
3.709999999999813,0.30984941384748865,-0.009001893800579884,-0.9999800100063884
3.719999999999812,0.2331299558278499,-0.00905752589853159,-0.9999799463725946
3.729999999999811,0.15485978043561358,-0.009098190823026025,-0.9999798827863171
3.7399999999998097,0.07589224977207315,-0.009120942162071535,-0.999979819453703
3.7499999999998086,0.00999777208965058,-0.00912430322970367,-0.99997975656776
3.7599999999998075,0.08349129042313225,-0.00910842266748299,-0.9999796942857038
3.7699999999998064,0.16094609708965912,-0.009075047197150857,-0.9999796327092421
3.7799999999998053,0.23668741413575323,-0.009027316825955848,-0.9999795718718655
3.789999999999804,0.3099649601581702,-0.00896940776639743,-0.9999795117359797
3.799999999999803,0.38015614887886545,-0.008906064812779328,-0.9999794522006775
3.809999999999802,0.44669433247068346,-0.008842076158202329,-0.999979393118784
3.819999999999801,0.5090610494691251,-0.008781748251351916,-0.9999793343182596
3.8299999999998,0.5667859679010319,-0.00872844819459804,-0.9999792756014995
3.8399999999997987,0.6194479636103881,-0.00868423686139794,-0.9999792167572662
3.8499999999997976,0.6666760108783334,-0.008649645067915495,-0.9999791575833217
3.8599999999997965,0.7081495306036295,-0.008623621261223093,-0.9999790979079737
3.8699999999997954,0.7435980906935004,-0.00860364952341311,-0.9999790376105491
3.8799999999997943,0.7728004527220976,-0.008586022994574916,-0.9999789766367296
3.889999999999793,0.7955830299521282,-0.008566241599476337,-0.9999789150050977
3.899999999999792,0.8118178898668301,-0.008539490598108528,-0.9999788528026969
3.909999999999791,0.821420504558456,-0.008501149173917599,-0.9999787901696108
3.91999999999979,0.8243475813541401,-0.008447276736867593,-0.9999787272749034
3.9299999999997888,0.8205962411980399,-0.008375029794764163,-0.999978664288174
3.9399999999997877,0.8102085207798527,-0.008282968747346596,-0.9999786013518355
3.9499999999997866,0.793277519125995,-0.008171217673342205,-0.9999785385592675
3.9599999999997855,0.7699480338534532,-0.008041440551610032,-0.99997847597439
3.9699999999997844,0.7404150724750919,-0.007896651952920001,-0.9999784136591421
3.9799999999997833,0.7049220725285211,-0.007740926773194694,-0.9999783516448805
3.989999999999782,0.6637590003087772,-0.007578975367894133,-0.999978289920577
3.999999999999781,0.6172603706962783,-0.007415649609915737,-0.9999782284282238
4.00999999999978,0.5658032138241214,-0.007255434469996204,-0.9999781670663854
4.019999999999779,0.5098049933068416,-0.007101979380442012,-0.99997810570251
4.029999999999778,0.4497214548622847,-0.006957719423604273,-0.9999780441924218
4.039999999999777,0.3860443693353001,-0.006823626915226681,-0.999977982403516
4.049999999999776,0.31929917200865177,-0.006699120231218819,-0.99997792023711
4.059999999999775,0.2500427475641821,-0.0065821401507043685,-0.9999778576454763
4.069999999999774,0.17886288400023845,-0.00646938626350274,-0.9999777946402667
4.079999999999773,0.10639013169306377,-0.006356692044471774,-0.9999777312878271
4.089999999999772,0.03352301249732712,-0.006239494659315716,-0.9999776676972753
4.0999999999997705,0.04087324750381868,-0.0061132686016218225,-0.9999776040698765
4.109999999999769,0.11337637309198165,-0.0059740734853653615,-0.9999775406538184
4.119999999999768,0.18494017620364794,-0.005819028307085174,-0.9999774777036395
4.129999999999767,0.25474517870080565,-0.005646638422493404,-0.9999774154586735
4.139999999999766,0.3221643011080378,-0.00545696842698843,-0.9999773541194142
4.149999999999765,0.3866123024629995,-0.005251641620760919,-0.9999772938256083
4.159999999999764,0.4475387771763223,-0.00503366662162814,-0.9999772346403318
4.169999999999763,0.5044311091747365,-0.0048071113988711845,-0.9999771765436077
4.179999999999762,0.5568185749663244,-0.004576662093223103,-0.9999771194373924
4.189999999999761,0.6042761312571032,-0.004347116490691838,-0.9999770631614499
4.1999999999997595,0.6464275455081983,-0.004122868653444287,-0.9999770075173554
4.209999999999758,0.6829478009069185,-0.003907446899613447,-0.9999769522907005
4.219999999999757,0.713564794011777,-0.003703127801564954,-0.9999768972778692
4.229999999999756,0.7380603714411603,-0.003510658130128503,-0.9999768423216833
4.239999999999755,0.7562707712684301,-0.0033292401540228654,-0.9999767872808402
4.249999999999754,0.7680865850240726,-0.0031566381048536013,-0.9999767320425581
4.259999999999753,0.7734525073692915,-0.0029894350324715163,-0.9999766765386705
4.269999999999752,0.7723673527800533,-0.002823417296967221,-0.999976620756228
4.279999999999751,0.7648850462504756,-0.0026540444540430453,-0.999976564739336
4.28999999999975,0.7511152683278206,-0.0024769520060489206,-0.9999765085805838
4.2999999999997485,0.7312214730079021,-0.0022884345947673315,-0.9999764524027204
4.309999999999747,0.7054175146370455,-0.0020858568454774915,-0.9999763963336628
4.319999999999746,0.6739636930387256,-0.0018679463116307632,-0.9999763404795584
4.329999999999745,0.6371625454838535,-0.0016349382147192362,-0.9999762849011096
4.339999999999744,0.5953545334452985,-0.0013885602062989819,-0.9999762295964659
4.349999999999743,0.5489137199123939,-0.001131861912139347,-0.9999761744974628
4.359999999999742,0.4982435360089766,-0.0008688261040845947,-0.9999761195487782
4.369999999999741,0.44377274373334796,-0.0006039839036443249,-0.99997606469033
4.37999999999974,0.385951695947163,-0.0003419775759130151,-0.9999760098283311
4.3899999999997386,0.32524897149715404,-8.708181244783431e-05,-0.9999759548376279
4.3999999999997375,0.2621484336897751,0.000157232508435732,-0.9999758995706551
4.409999999999736,0.1971467342891578,0.0003886466329356585,-0.9999758438724782
4.419999999999735,0.13075132668709247,0.00060621863518584,-0.9999757875996598
4.429999999999734,0.06347996482557396,0.0008104619260985468,-0.9999757306393932
4.439999999999733,0.004275883475581154,0.0010032700825345427,-0.9999756729249613
4.449999999999732,0.07162636156980333,0.0011876961476871835,-0.9999756144442389
4.459999999999731,0.13838163284165386,0.0013676092583376053,-0.9999755552394699
4.46999999999973,0.203906890258886,0.0015472614589220753,-0.999975495396193
4.479999999999729,0.2676728912690439,0.0017308042737520326,-0.99997543502199
4.4899999999997275,0.3291584392676154,0.0019219313887249678,-0.9999753743275899
4.499999999999726,0.387853846659949,0.0021234223814199454,-0.9999753135829235
4.509999999999725,0.443265830293762,0.0023367732463979982,-0.9999752530567423
4.519999999999724,0.49492287817267316,0.0025620161449823194,-0.9999751929927196
4.529999999999723,0.5423807610111199,0.0027976991334239406,-0.999975133585462
4.539999999999722,0.5852279276635244,0.003041029350365338,-0.9999750749604517
4.549999999999721,0.6230905619852168,0.003288164930548145,-0.9999750171620744
4.55999999999972,0.6556371282421093,0.0035346239473299647,-0.9999749601526923
4.569999999999719,0.6825822877755523,0.0037757653110720795,-0.9999749038236214
4.579999999999718,0.7036901221490237,0.004007288363629972,-0.9999748480164175
4.5899999999997165,0.7187766385628118,0.004225695798762061,-0.9999747925507151
4.599999999999715,0.7277115569174912,0.004428667573302704,-0.9999747372527678
4.609999999999714,0.7304194859182765,0.004615293260226453,-0.999974681967375
4.619999999999713,0.7268829735365038,0.00478621620238392,-0.9999746266059669
4.629999999999712,0.7171504158455966,0.004943553863929515,-0.9999745711322905
4.639999999999711,0.701338411124674,0.005090619687702667,-0.9999745155391851
4.64999999999971,0.6796285093813641,0.005231540577477726,-0.9999744598586767
4.659999999999709,0.6522623292324617,0.005370786729531654,-0.9999744041663593
4.669999999999708,0.6195356868471313,0.0055126668555184645,-0.9999743485773411
4.679999999999707,0.5817921027955563,0.0056608461654839605,-0.9999742932332034
4.6899999999997055,0.5394160246273456,0.005817940873680245,-0.999974238281686
4.699999999999704,0.4928260555553672,0.005985232910095087,-0.999974183852755
4.709999999999703,0.44246841504726675,0.006162533859172708,-0.9999741300357659
4.719999999999702,0.3888107974131245,0.006348209904832227,-0.9999740768623475
4.729999999999701,0.33233677726553734,0.006539361270462162,-0.9999740242980729
4.7399999999997,0.2735410147374434,0.006732130649528274,-0.9999739722433689
4.749999999999699,0.21292601760031943,0.006922152978635963,-0.9999739205830505
4.759999999999698,0.15100362477247437,0.007105009580182615,-0.9999738691898012
4.769999999999697,0.08832212594402811,0.007276665443656541,-0.9999738179075642
4.779999999999696,0.025946499015178877,0.007433887039751759,-0.999973766561222
4.7899999999996945,0.03891680861175791,0.007574570693119585,-0.9999737149715889
4.799999999999693,0.1008960028850252,0.0076979486435355075,-0.9999736629739351
4.809999999999692,0.16215831697420963,0.007804653405753243,-0.9999736104369767
4.819999999999691,0.2219714031061777,0.007896635831716424,-0.9999735572786055
4.82999999999969,0.2798621717749137,0.007976946966395055,-0.9999735034749498
4.839999999999689,0.3353970229860074,0.008049407020808442,-0.9999734490606355
4.849999999999688,0.3881616061980273,0.00811819548604866,-0.9999733941199932
4.859999999999687,0.43775716491058175,0.008187403655412893,-0.9999733387709155
4.869999999999686,0.48380050066853336,0.008260588503575021,-0.9999732831405422
4.879999999999685,0.5259254888505731,0.008340419691454874,-0.9999732273872103
4.8899999999996835,0.5637856527053441,0.008428406259930068,-0.9999731717186496
4.899999999999682,0.5970575675657214,0.00852467116853854,-0.9999731163365615
4.909999999999681,0.6254448685054693,0.008627917300505609,-0.9999730614129394
4.91999999999968,0.6486825902563449,0.008735548603836905,-0.9999730070692154
4.929999999999679,0.6665415610556408,0.008843933460541045,-0.9999729533604658
4.939999999999678,0.6788326124753256,0.008948783987813382,-0.9999729002685549
4.949999999999677,0.685410462491461,0.0090456114651533,-0.9999728477065531
4.959999999999676,0.686177348410471,0.009130208871782522,-0.9999727955344148
4.969999999999675,0.6810872932402431,0.009199108293199159,-0.9999727435834515
4.979999999999674,0.6701522641523959,0.009249964696221675,-0.9999726916851998
4.9899999999996725,0.6534479619025382,0.009281821321025369,-0.9999726396994182
4.999999999999671,0.6311162457452751,0.009295217929692939,-0.9999725875329103
5.00999999999967,0.6033643098153604,0.0092921321631569,-0.9999725351400256
5.019999999999669,0.570461727892303,0.009275762180787666,-0.9999724825149813
5.029999999999668,0.5327358603106429,0.009250148853161671,-0.999972429684309
5.039999999999667,0.49056591276179967,0.00921971693962441,-0.9999723767114569
5.049999999999666,0.4443759713222984,0.009188776764753147,-0.9999723236965947
5.059999999999665,0.39462739792965684,0.009161043162628474,-0.9999722707687165
5.069999999999664,0.34181102991396717,0.009139227109754455,-0.9999722180703746
5.079999999999663,0.28643973739555056,0.009124745692408976,-0.9999721657374595
5.0899999999996615,0.22904227787239811,0.009117581094581688,-0.9999721138779646
5.09999999999966,0.17016113741860056,0.00911630131703223,-0.9999720625541876
5.109999999999659,0.11036773407443429,0.009118236709511196,-0.999972011772158
5.119999999999658,0.05043439324126291,0.009119789334644638,-0.9999719614804636
5.129999999999657,0.014084781610869625,0.009116842573077757,-0.9999719115826008
5.139999999999656,0.07111903912062259,0.00910520126437264,-0.9999718619381678
5.149999999999655,0.12963520362225175,0.009081013361489714,-0.999971812344735
5.159999999999654,0.1868535512560677,0.009041220088851212,-0.9999717625783656
5.169999999999653,0.24222886433954732,0.008983883577816622,-0.9999717124133911
5.1799999999996515,0.2953346146837265,0.008908386987712898,-0.9999716616426685
5.1899999999996504,0.34578886569632367,0.008815492760208129,-0.9999716100987658
5.199999999999649,0.39324170042072454,0.008707256004573916,-0.9999715576723887
5.209999999999648,0.43737112513017046,0.008586804981016336,-0.9999715043242979
5.219999999999647,0.4778807370996169,0.008458013644729501,-0.9999714500879445
5.229999999999646,0.5144979064213883,0.008325101107195056,-0.9999713950618094
5.239999999999645,0.5469723001441207,0.008192199009600548,-0.9999713393925822
5.249999999999644,0.5750748505247838,0.008062929992272538,-0.9999712832522641
5.259999999999643,0.5985973335966566,0.007940041520438241,-0.9999712268169111
5.269999999999642,0.6173527261358631,0.007825124336498365,-0.9999711702543558
5.2799999999996405,0.6311765124246176,0.0077184062513427285,-0.9999711136970504
5.289999999999639,0.6399291671080579,0.007618757288890205,-0.999971057260482
5.299999999999638,0.6435000348887551,0.007523810352950526,-0.9999710010336751
5.309999999999637,0.6418123542923247,0.007430204989505867,-0.9999709450638955
5.319999999999636,0.6348288627993592,0.0073339424139040295,-0.9999708893466023
5.329999999999635,0.6225567012178226,0.00723081603714887,-0.9999708338240679
5.339999999999634,0.6050507750106382,0.007116873107507118,-0.9999707783942898
5.349999999999633,0.5824164110730462,0.006988856418204562,-0.9999707229293627
5.359999999999632,0.554811370519743,0.006844576141608866,-0.9999706673001815
5.369999999999631,0.5224470299048213,0.006683168910878846,-0.9999706114027432
5.3799999999996295,0.4855884617727791,0.00650521293635106,-0.9999705551808497
5.389999999999628,0.44455316950734836,0.006312685200948543,-0.9999704986423936
5.399999999999627,0.3997083396061184,0.006108764431613038,-0.9999704418630981
5.409999999999626,0.351466623137177,0.005897424338150922,-0.9999703849133177
5.419999999999625,0.3002806099891439,0.00568302048583265,-0.9999703278686223
5.429999999999624,0.24663633039256636,0.00546984191907187,-0.9999702708360992
5.439999999999623,0.1910464307802379,0.005261638326790544,-0.9999702139494991
5.449999999999622,0.1340448717541894,0.005061210891157885,-0.9999701573577415
5.459999999999621,0.07619414725911251,0.004870114382267768,-0.9999701012081073
5.46999999999962,0.018386803614488644,0.004688504066166425,-0.9999700456271422
5.4799999999996185,0.040549397215675465,0.004515143215350271,-0.9999699907033112
5.489999999999617,0.0977685674810113,0.004347567844819067,-0.9999699364753338
5.499999999999616,0.15390226761662124,0.0041823872259244355,-0.9999698829289326
5.509999999999615,0.20838129213013487,0.004015683937834503,-0.9999698300027945
5.519999999999614,0.2607446401728691,0.003843472694890741,-0.9999697776074293
5.529999999999613,0.31057282335951164,0.003662147878088701,-0.9999697256337996
5.539999999999612,0.35748318038379134,0.003468763971334616,-0.9999696738524271
5.549999999999611,0.40113014176212364,0.0032614524643866096,-0.9999696219985932
5.55999999999961,0.4412058369298152,0.0030396555702378427,-0.9999695698166621
5.569999999999609,0.4774402115022327,0.0028041869259785453,-0.9999695170837902
5.5799999999996075,0.5096004401520365,0.002557144898835172,-0.9999694636324064
5.589999999999606,0.5374896139934798,0.0023016910564845447,-0.9999694093673417
5.599999999999605,0.5609447990025208,0.0020417202578734976,-0.999969354273954
5.609999999999604,0.5798346516902633,0.001781459171414681,-0.9999692984151308
5.619999999999603,0.5940568388319267,0.0015250359528731893,-0.9999692419172419
5.629999999999602,0.6035355348608912,0.0012760651222520668,-0.999969184947385
5.639999999999601,0.6082192645502603,0.0010372887638551128,-0.9999691276860657
5.6499999999996,0.6080793926186641,0.0008103128605588897,-0.9999690703020524
5.659999999999599,0.6031119594570576,0.0005954851289599249,-0.9999690129483227
5.669999999999598,0.5933439552855947,0.0003917524636461763,-0.9999689556917251
5.6799999999995965,0.5788350724848244,0.0001967906488944856,-0.9999688985284171
5.689999999999595,0.5596780264324845,7.326306824577524e-06,-0.9999688414301842
5.699999999999594,0.5359989993397684,-0.00018051185493420037,-0.9999687843370677
5.709999999999593,0.5079581888980185,-0.0003707767700785235,-0.9999687271544743
5.719999999999592,0.4757504248297261,-0.0005672637736764943,-0.9999686697579027
5.729999999999591,0.439605792315748,-0.0007730943829233798,-0.9999686120058489
5.73999999999959,0.39979016586055327,-0.0009903674067219391,-0.9999685537592513
5.749999999999589,0.3566055119968048,-0.0012199154274130063,-0.9999684949039743
5.759999999999588,0.3103897724974298,-0.001461194364469886,-0.9999684353717951
5.769999999999587,0.26151611347814807,-0.00171232030212008,-0.9999683751554981
5.7799999999995855,0.21039136725849167,-0.0019702513118947003,-0.9999683143158885
5.789999999999584,0.1574537368050954,-0.0022310879081407758,-0.9999682529866388
5.799999999999583,0.10317107975628992,-0.0024905517898287485,-0.9999681913001569
5.809999999999582,0.04805421361868518,-0.002744456267861502,-0.9999681293694219
5.819999999999581,0.008127953413785607,-0.002989099175852971,-0.9999680673352047
5.82999999999958,0.06303630029267894,-0.0032216679933831623,-0.9999680053572878
5.839999999999579,0.11775287418184592,-0.003440546638077168,-0.9999679435986493
5.849999999999578,0.17134152583473752,-0.0036454858177917544,-0.9999678822062664
5.859999999999577,0.2232993948804502,-0.0038376168787986565,-0.9999678212922676
5.869999999999576,0.27315563097920925,-0.004019307892283683,-0.9999677609196441
5.8799999999995745,0.32046781255720164,-0.004193879452204051,-0.9999677010959958
5.889999999999573,0.36482551067720975,-0.004365213896328098,-0.999967641777063
5.899999999999572,0.4058540857952667,-0.00453730345536412,-0.9999675828795086
5.909999999999571,0.4432178736133152,-0.00471378828885255,-0.9999675243007983
5.91999999999957,0.4766226403728255,-0.0048975233434879325,-0.9999674659519785
5.929999999999569,0.5058173464350211,-0.005090332946728135,-0.9999674076900712
5.939999999999568,0.530595268060945,-0.005292825503713292,-0.9999673492969866
5.949999999999567,0.5507944898254695,-0.005504233291527195,-0.9999672905684033
5.959999999999566,0.5662977150279824,-0.005722488557429386,-0.9999672313384843
5.9699999999995645,0.5770312824236943,-0.00594444381820997,-0.9999671714996642
5.979999999999563,0.5829633233449661,-0.006166206645733607,-0.9999671110156988
5.989999999999562,0.5841011637542308,-0.006383550075544239,-0.9999670499246736
5.999999999999561,0.5804884763195779,-0.006592352519102692,-0.9999669883306089
6.00999999999956,0.5722028657271947,-0.006789020945801539,-0.999966926384721
6.019999999999559,0.559353602959032,-0.006970854109891423,-0.9999668642595949
6.029999999999558,0.5420797310699549,-0.007136308262278818,-0.9999668021210734
6.039999999999557,0.5205483974047773,-0.007285138969515318,-0.999966740103485
6.049999999999556,0.4949529777585215,-0.007418394772938667,-0.9999666783044712
6.059999999999555,0.46551097454320545,-0.007538332490329975,-0.9999666167535997
6.0699999999995535,0.43246195642223784,-0.007648202325087006,-0.9999665553945638
6.079999999999552,0.3960657763569958,-0.0077518193465180565,-0.9999664941435349
6.089999999999551,0.35660120546541096,-0.00785315077933303,-0.9999664328906088
6.09999999999955,0.3143650738411726,-0.007955893994888703,-0.9999663715024585
6.109999999999549,0.26967203195866113,-0.008063083568300359,-0.9999663098313721
6.119999999999548,0.2228552238524703,-0.008176767421462698,-0.9999662477302645
6.129999999999547,0.17426893055958376,-0.008297785092068568,-0.9999661850713549
6.139999999999546,0.12429803730304198,-0.00842567110987075,-0.9999661217648727
6.149999999999545,0.07340727376671204,-0.008558694241695666,-0.999966057773773
6.159999999999544,0.022866876761662932,-0.008694030022549424,-0.9999659931211301
6.1699999999995425,0.03208720346626004,-0.008828050604221479,-0.9999659278884782
6.179999999999541,0.08314985365534938,-0.008956701709177254,-0.9999658622077383
6.18999999999954,0.13417603457875169,-0.00907593574409943,-0.999965796244226
6.199999999999539,0.1842466577340227,-0.009182169233966368,-0.9999657301704724
6.209999999999538,0.2328573683680349,-0.009272653447593676,-0.999965664176744
6.219999999999537,0.2795541308268149,-0.009345779340826818,-0.9999655984592323
6.229999999999536,0.3239048299418863,-0.009401263887060994,-0.9999655331997301
6.239999999999535,0.3654982714682477,-0.009440189077124843,-0.9999654685440025
6.249999999999534,0.4039480970639634,-0.009464887035025767,-0.9999654045831967
6.259999999999533,0.4388976470199566,-0.009478682937700973,-0.9999653413425532
6.2699999999995315,0.47002466974998347,-0.009485524390501656,-0.9999652787804109
6.27999999999953,0.49704547056782106,-0.009489539378987734,-0.999965216798292
6.289999999999529,0.5197183282690752,-0.009494573224126278,-0.9999651552603641
6.299999999999528,0.5378461116798712,-0.009503757173909248,-0.999965094018486
6.309999999999527,0.5512780831948294,-0.0095191560002577,-0.9999650329385465
6.319999999999526,0.5599109777556487,-0.009541543107412774,-0.999964971903383
6.329999999999525,0.563689985759977,-0.009570335406336282,-0.9999649107845433
6.339999999999524,0.5626108862532138,-0.009603635225665121,-0.999964849468915
6.349999999999523,0.5567220601202438,-0.0096384379625728,-0.999964787879386
6.359999999999522,0.5461235723929972,-0.009670970036178263,-0.9999647259887149
6.3699999999995205,0.5309632870052261,-0.009697111637654084,-0.9999646638261622
6.379999999999519,0.5114317526319759,-0.009712853309274419,-0.9999646014742865
6.389999999999518,0.48775662388230984,-0.00971473371035126,-0.9999645390555219
6.399999999999517,0.4601970408383469,-0.009700210255073552,-0.9999644767105869
6.409999999999516,0.42903827372135933,-0.00966792379580732,-0.9999644145727702
6.419999999999515,0.39458681413096064,-0.009617831659265014,-0.9999643527431559
6.429999999999514,0.3571659723922226,-0.009551198354542434,-0.9999642912716705
6.439999999999513,0.31711197440274613,-0.009470448333332446,-0.999964230148106
6.449999999999512,0.27477059835531276,-0.009378897572104389,-0.9999641693099388
6.459999999999511,0.23049460649396875,-0.009280390709093683,-0.9999641086656779
6.4699999999995095,0.18464279256339206,-0.009178891309329059,-0.9999640481004671
6.479999999999508,0.13758353272087556,-0.009078067847199018,-0.9999639874779641
6.489999999999507,0.08971772912467799,-0.008980916105278305,-0.9999639266472619
6.499999999999506,0.04167362153509298,-0.008889456124193175,-0.9999638654549563
6.509999999999505,0.011914073503259579,-0.008804533171429254,-0.9999638037609383
6.519999999999504,0.057278810359807295,-0.008725741241823059,-0.9999637414550347
6.529999999999503,0.1050492708726447,-0.008651475397974649,-0.9999636784709032
6.539999999999502,0.1521712430509129,-0.008579106931095967,-0.9999636147938841
6.549999999999501,0.19815954914637043,-0.008505263848487737,-0.9999635504607506
6.5599999999995,0.24263796274304528,-0.00842618938835858,-0.9999634855511879
6.5699999999994985,0.28525139834257723,-0.008338145586360389,-0.9999634201713681
6.579999999999497,0.3256527571268846,-0.008237823078779774,-0.9999633544352502
6.589999999999496,0.3635015145146918,-0.008122621928686605,-0.9999632885347968
6.599999999999495,0.39846591491909844,-0.007990982975574748,-0.9999632227048464
6.609999999999494,0.4302268611217521,-0.007842612539204026,-0.999963157176118
6.619999999999493,0.45848270296066507,-0.007678539325383649,-0.9999630921512165
6.629999999999492,0.48295440163197206,-0.007501027021873632,-0.99996302778121
6.639999999999491,0.5033906719543244,-0.007313348789438224,-0.9999629641475076
6.64999999999949,0.5195728113226694,-0.007119446144967863,-0.9999629012532544
6.6599999999994886,0.5313190202105731,-0.006923508841069762,-0.9999628390266903
6.6699999999994874,0.5384880996051983,-0.006729522336339108,-0.9999627773363895
6.679999999999486,0.5409824962543797,-0.006540834153304972,-0.9999627160156842
6.689999999999485,0.5387510164980787,-0.006359790082653535,-0.9999626548916151
6.699999999999484,0.5317933204021379,-0.006187481777340507,-0.9999625938117755
6.709999999999483,0.5201660495355358,-0.006023631691068738,-0.9999625326505073
6.719999999999482,0.503983998286647,-0.005866558498509681,-0.9999624713607559
6.729999999999481,0.4834177737101927,-0.005713386618287681,-0.999962409961751
6.73999999999948,0.45868984415710135,-0.0055604364579607156,-0.9999623485037595
6.749999999999479,0.43006924934691654,-0.00540365253756251,-0.9999622870729232
6.7599999999994775,0.3978652835092532,-0.005239071643251809,-0.9999622257897899
6.769999999999476,0.36242052662403135,-0.005063275882445768,-0.9999621647994806
6.779999999999475,0.3241036183948874,-0.00487377820102513,-0.999962104254152
6.789999999999474,0.283302150874163,-0.004669297635117644,-0.9999620442906356
6.799999999999473,0.24041600651515654,-0.004449896004219803,-0.9999619850076686
6.809999999999472,0.19585141746444518,-0.004216964693183639,-0.999961926447511
6.819999999999471,0.15001607419326354,-0.00397306735678755,-0.9999618685859067
6.82999999999947,0.1033163406564978,-0.0037216609804082775,-0.9999618113318093
6.839999999999469,0.05616468647594993,-0.003466735614991988,-0.9999617545297906
6.849999999999468,0.009340708080191551,-0.0032123084247706302,-0.9999616980484276
6.8599999999994665,0.038356762693799513,-0.0029620372512593274,-0.9999616417621082
6.869999999999465,0.08467359241265905,-0.0027188837696612606,-0.9999615855257553
6.879999999999464,0.13008141460479722,-0.002484818570958864,-0.9999615291857407
6.889999999999463,0.17422370576255614,-0.0022606359150641356,-0.9999614725950441
6.899999999999462,0.21679490618223424,-0.002045894509736754,-0.9999614156300799
6.909999999999461,0.25751077197833205,-0.0018389871488792293,-0.9999613582056849
6.91999999999946,0.2961033931972941,-0.0016373292114101171,-0.9999613002847111
6.929999999999459,0.3323185735834471,-0.001437645000311071,-0.9999612418796221
6.939999999999458,0.3659137544874484,-0.0012363224647305203,-0.9999611830452677
6.949999999999457,0.3966563811397676,-0.00102980139644818,-0.9999611238640952
6.9599999999994555,0.42432289466217743,-0.0008149585613920427,-0.9999610644264479
6.969999999999454,0.44869859733000456,-0.0005894669179463194,-0.9999610047988688
6.979999999999453,0.4695786496893837,-0.00035198560477776213,-0.9999609450899701
6.989999999999452,0.4867703832444442,-0.00010226482147312326,-0.9999608855094525
6.999999999999451,0.5000968710124774,0.0001586845100982721,-0.9999608262610317
7.00999999999945,0.5094013547106525,0.00042865759559374255,-0.9999607675132008
7.019999999999449,0.5145519439964458,0.0007044590541219122,-0.9999607093775978
7.029999999999448,0.515446156097152,0.000982217268129108,-0.999960651893998
7.039999999999447,0.5120153143939484,0.0012577778996117246,-0.9999605950257607
7.049999999999446,0.5042290305701744,0.0015271363928791256,-0.9999605386674477
7.0599999999994445,0.4920991495915098,0.0017868630194620872,-0.9999604826637125
7.069999999999443,0.4756833170503345,0.0020344709853025522,-0.9999604268360025
7.079999999999442,0.4550881242491764,0.002268685144203707,-0.999960371011936
7.089999999999441,0.43047122618042283,0.002489577293830426,-0.9999603150515
7.09999999999944,0.4020417457355729,0.002698533626816793,-0.9999602588496118
7.109999999999439,0.3700586670613538,0.002898147912288686,-0.9999602023826742
7.119999999999438,0.33482734700474326,0.003091977393451479,-0.9999601457482462
7.129999999999437,0.2966944526082662,0.003284017285251137,-0.9999600890782173
7.139999999999436,0.2560416974605203,0.003478224828115709,-0.9999600325308705
7.149999999999435,0.21327883723381474,0.0036780562487578436,-0.999959976282838
7.1599999999994335,0.1688365966365256,0.0038860641055975032,-0.9999599205142156
7.169999999999432,0.12316105163499977,0.004103602207192556,-0.9999598653885112
7.179999999999431,0.07671649691245135,0.004330671171788214,-0.9999598110310159
7.18999999999943,0.030086702903250273,0.004565919869628043,-0.9999597575101465
7.199999999999429,0.01770727699949654,0.004806799058779869,-0.9999597048260237
7.209999999999428,0.06353037108868445,0.00504984600138333,-0.99995965290909
7.219999999999427,0.10885219302812653,0.005291064666233635,-0.9999596016294409
7.229999999999426,0.1529483178695309,0.005526349242167878,-0.9999595508075848
7.239999999999425,0.19543811123970695,0.005751949349904714,-0.9999595002539927
7.249999999999424,0.23599131532308887,0.005964906805912821,-0.9999594498147572
7.2599999999994225,0.2743121054367861,0.006163291411570192,-0.9999593993263763
7.269999999999421,0.3101365765989641,0.006346382854772558,-0.9999593486263544
7.27999999999942,0.3432316518998638,0.006514725322952237,-0.9999592975717215
7.289999999999419,0.37339365303850913,0.006670046713475533,-0.9999592460571681
7.299999999999418,0.4004462286932033,0.006815055047340488,-0.9999591940287218
7.309999999999417,0.42423772262198084,0.006953136938422281,-0.9999591414894695
7.319999999999416,0.4446382149430764,0.007087991634414879,-0.9999590884954457
7.329999999999415,0.46153653151947827,0.007223238757385681,-0.9999590351420126
7.339999999999414,0.47483752470772994,0.0073620385513642,-0.9999589815432819
7.349999999999413,0.4844598953894422,0.00750676058375527,-0.9999589278087949
7.3599999999994115,0.4903347454707485,0.007658726201003548,-0.9999588740185101
7.36999999999941,0.4924052806349398,0.007818071235115904,-0.9999588202331793
7.379999999999409,0.4906298731574281,0.00798378831618469,-0.9999587665755214
7.389999999999408,0.48498720982608295,0.008153745415145186,-0.9999587131651332
7.399999999999407,0.4754794301764659,0.008324873094097664,-0.9999586600874069
7.409999999999406,0.4621343138076761,0.008493468259678966,-0.9999586073779333
7.419999999999405,0.44500749780183946,0.008655569866057306,-0.9999585550139269
7.429999999999404,0.4241848093873571,0.008807368407896575,-0.9999585029156126
7.439999999999403,0.3997846488786706,0.008945606572202565,-0.9999584509582773
7.4499999999994015,0.3719603240730134,0.009067928028250176,-0.9999583989931572
7.4599999999994,0.34090218520874616,0.009173135395644294,-0.9999583468731656
7.469999999999399,0.3068393361519395,0.00926132674905297,-0.9999582944783227
7.479999999999398,0.27004064467377975,0.009333891996099169,-0.9999582417359244
7.489999999999397,0.23081486079444388,0.009393362497311809,-0.9999581886292468
7.499999999999396,0.18951012515775958,0.009443130870167467,-0.9999581351919312
7.509999999999395,0.14651478399535842,0.009487131783082997,-0.9999580815455278
7.519999999999394,0.1022687396935527,0.009529344317561658,-0.999958027853565
7.529999999999393,0.05735233754252226,0.009573315107911927,-0.9999579743003496
7.539999999999392,0.014476633315436862,0.009621747670048975,-0.9999579210788776
7.5499999999993905,0.03624193339879682,0.009676188667379964,-0.9999578683732078
7.559999999999389,0.08082687960893002,0.00973684902127945,-0.9999578163378919
7.569999999999388,0.1250705234864582,0.009802580848417801,-0.9999577650785845
7.579999999999387,0.16814087375151118,0.009871011782592908,-0.9999577146383275
7.589999999999386,0.20957275810429385,0.009938819081388908,-0.9999576649930741
7.599999999999385,0.24897492828665574,0.010002109576360522,-0.9999576160580078
7.609999999999384,0.28599914885433214,0.010056859957518613,-0.9999575677037396
7.619999999999383,0.32033530085083123,0.010099366810634851,-0.9999575197797461
7.629999999999382,0.351711152051028,0.010126652593384286,-0.9999574721299834
7.639999999999381,0.3798930069525307,0.010136761520333852,-0.9999574245702461
7.6499999999993795,0.404686276372132,0.01012897405575289,-0.9999573769031117
7.659999999999378,0.4259355517333118,0.010103880025539903,-0.999957328941985
7.669999999999377,0.4435238669245132,0.010063301791490894,-0.9999572805332079
7.679999999999376,0.4573709379407773,0.010010084724609337,-0.9999572315758346
7.689999999999375,0.4674303767394187,0.00994778181631436,-0.9999571820345486
7.699999999999374,0.47368609383949395,0.009880270007984285,-0.99995713194238
7.709999999999373,0.47614825980174985,0.009811341294656849,-0.9999570813920383
7.719999999999372,0.4748493369283717,0.009744311776881565,-0.999957030517237
7.729999999999371,0.4698408617449149,0.009681687216355529,-0.9999569794676346
7.73999999999937,0.4611916666462493,0.009624915679558605,-0.999956928382365
7.7499999999993685,0.4489879496806377,0.009574249334370157,-0.999956877368445
7.759999999999367,0.43333358739214056,0.009528734305875966,-0.9999568264983542
7.769999999999366,0.4143493551496664,0.009486272117984876,-0.9999567757897181
7.779999999999365,0.39217205584349185,0.009443854345410554,-0.9999567252215573
7.789999999999364,0.3669541722124483,0.009397899876110201,-0.9999566747451154
7.799999999999363,0.33886408814835267,0.009344626532685042,-0.9999566242782311
7.809999999999362,0.308086838642483,0.009280444708251614,-0.9999565737059519
7.819999999999361,0.27482534381700147,0.009202334031700605,-0.9999565228891201
7.82999999999936,0.23930210694619625,0.009108165314376757,-0.9999564716804676
7.839999999999359,0.20176146674640327,0.008996934745391361,-0.9999564199455864
7.8499999999993575,0.1624729289191237,0.008868885118702298,-0.999956367584622
7.859999999999356,0.12173802920458239,0.008725499236706622,-0.9999563145500889
7.869999999999355,0.07991465925185583,0.008569362808503072,-0.9999562608569674
7.879999999999354,0.03760272051910682,0.008403907918279559,-0.9999562065836454
7.889999999999353,0.010568019864790648,0.008233065852803678,-0.9999561518690482
7.899999999999352,0.05064796757027355,0.008060802688061808,-0.9999560968596591
7.909999999999351,0.09342196815896632,0.007890685669521034,-0.9999560417024003
7.91999999999935,0.13570326980821573,0.007725516668687094,-0.9999559865640115
7.929999999999349,0.17694693340850026,0.007567012288586951,-0.9999559316172971
7.939999999999348,0.2167223421714961,0.007415604731450916,-0.9999558770221895
7.9499999999993465,0.2546309850427886,0.007270390057938051,-0.9999558229054618
7.959999999999345,0.2902986012222947,0.007129232086721344,-0.9999557693436999
7.969999999999344,0.32337750099478024,0.006989010891594109,-0.9999557163539616
7.979999999999343,0.35355067185571953,0.006845986990467345,-0.9999556638950206
7.989999999999342,0.3805357898108414,0.006696238304484822,-0.999955611879633
7.999999999999341,0.4040885681519709,0.0065361185714063715,-0.9999555601955775
8.009999999999344,0.42400525865501054,0.006362685001617651,-0.9999555087318978
8.019999999999348,0.4401243201613159,0.006174059177435155,-0.9999554574140964
8.029999999999351,0.45232754963157656,0.005969561102350655,-0.9999554061239473
8.039999999999354,0.46054120752649985,0.005749759318680477,-0.9999553546635408
8.049999999999358,0.4647370106524704,0.005516508136483586,-0.9999553028513026
8.059999999999361,0.46493174396210485,0.0052727465998019755,-0.9999552505479857
8.069999999999364,0.46118492870952593,0.005022175177067625,-0.9999551976757176
8.079999999999368,0.4535951594943787,0.0047688535024279785,-0.9999551442284922
8.089999999999371,0.4422950568316987,0.004516766715771086,-0.9999550902712052
8.099999999999374,0.4274457497210077,0.004269411870551134,-0.9999550359269229
8.109999999999378,0.4092315682466175,0.004029448353803756,-0.9999549813547733
8.119999999999381,0.38785536021815514,0.003798447029285312,-0.9999549267229381
8.129999999999384,0.36353465253989914,0.003576760459192543,-0.9999548721821422
8.139999999999388,0.33649858335948774,0.0033635241635433725,-0.9999548178453469
8.149999999999391,0.30698529806469627,0.0031568043021859287,-0.9999547637978657
8.159999999999394,0.27523956356267576,0.002953725530759117,-0.999954710021212
8.169999999999398,0.24151066114054998,0.002750757488729462,-0.9999546563740938
8.179999999999401,0.20605078495053075,0.0025442169803154193,-0.9999546026895708
8.189999999999404,0.1691141268263393,0.0023306650186863277,-0.9999545487827934
8.199999999999408,0.13095675626988873,0.0021072705313653494,-0.9999544944605474
8.209999999999411,0.09183743467273595,0.0018721100886754814,-0.9999544395363856
8.219999999999414,0.05202048401447663,0.0016243754600187112,-0.9999543838496584
8.229999999999418,0.011815409478553623,0.0013644697595684414,-0.999954327285135
8.239999999999421,0.028705899502371388,0.0010939831640704185,-0.9999542697891461
8.249999999999424,0.0689927158541936,0.0008155499258249507,-0.999954211378536
8.259999999999428,0.10888258572388837,0.0005325989987476424,-0.9999541521400839
8.269999999999431,0.14806411781149229,0.00024902065992572585,-0.9999540922202441
8.279999999999434,0.1862244319605431,-3.120548238833067e-05,-0.9999540318211215
8.289999999999438,0.22304337271244573,-0.0003044545346308279,-0.9999539711544049
8.299999999999441,0.2581958991455166,-0.0005679418859690047,-0.9999539103515336
8.309999999999444,0.29135644398385685,-0.0008199097327552385,-0.9999538495537589
8.319999999999448,0.3222043841921024,-0.0010598208954398717,-0.9999537889053779
8.329999999999451,0.3504300882929262,-0.0012884313214133883,-0.9999537285339325
8.339999999999455,0.37574109611209233,-0.0015077167174328662,-0.9999536685303628
8.349999999999458,0.39786808496210696,-0.0017206573497865344,-0.9999536089341403
8.359999999999461,0.4165703699866119,-0.001930902717825233,-0.9999535497276567
8.369999999999465,0.43164076330700674,-0.0021423531062462905,-0.9999534908421267
8.379999999999468,0.4429096785448526,-0.0023587058377902343,-0.9999534321744757
8.389999999999471,0.4502484150634215,-0.002583018935278847,-0.9999533736119197
8.399999999999475,0.45357159432236843,-0.0028173430261242997,-0.9999533150591132
8.409999999999478,0.4528388833206949,-0.003062448643628273,-0.9999532564724447
8.419999999999481,0.4480587493260675,-0.0033177369817424555,-0.9999531978271149
8.429999999999485,0.4392930152179302,-0.003581434019495077,-0.9999531389905573
8.439999999999488,0.4266554730658201,-0.0038506499756602126,-0.9999530798384865
8.449999999999491,0.4103079875299055,-0.004121678956997515,-0.9999530202914696
8.459999999999495,0.39045521667045124,-0.004390413430898253,-0.9999529603290361
8.469999999999498,0.3673383322536503,-0.004652798646204326,-0.9999528999944707
8.479999999999501,0.3412281715787693,-0.004905271789260361,-0.9999528393883735
8.489999999999505,0.3124182722450241,-0.005145134828204852,-0.9999527786517873
8.499999999999508,0.28121822018848475,-0.005370820440208765,-0.9999527179422637
8.509999999999511,0.24794768213634985,-0.005582025108928767,-0.9999526574079166
8.519999999999515,0.21293141337318322,-0.005779700003501067,-0.9999525971648279
8.529999999999518,0.17649550705696912,-0.0059659062366595106,-0.9999525372821559
8.539999999999521,0.13896550180586775,-0.0061435445898541975,-0.9999524777874027
8.549999999999525,0.10066920085790551,-0.006316036678551934,-0.999952418657563
8.559999999999528,0.061962399938336084,-0.006487083733494646,-0.9999523597106217
8.569999999999531,0.023536704078065587,-0.00666012724076637,-0.9999523007230158
8.579999999999535,0.017760356551295643,-0.00683795432536636,-0.9999522414632712
8.589999999999538,0.055456308220253395,-0.007022407669945351,-0.9999521817075165
8.599999999999541,0.09330694667988007,-0.007214197733344718,-0.9999521212584533
8.609999999999545,0.13041299297999834,-0.007412832463981136,-0.9999520599650228
8.619999999999548,0.16647460817859375,-0.007616667825241468,-0.9999519977389391
8.629999999999551,0.20124778825445766,-0.007823071317857205,-0.999951934564333
8.639999999999555,0.2345037172403788,-0.008028681097540612,-0.9999518704978679
8.649999999999558,0.2660190384168945,-0.00822973566897328,-0.9999518056586383
8.659999999999561,0.2955718644399578,-0.00842244362877048,-0.9999517402094021
8.669999999999565,0.3229399750796545,-0.008603356917814326,-0.999951674335833
8.679999999999568,0.3479006711843076,-0.008769712190215313,-0.9999516082355168
8.689999999999571,0.37023235754144446,-0.008919796340190965,-0.9999515420582071
8.699999999999575,0.38971784089218503,-0.009053086579705232,-0.9999514759446096
8.709999999999578,0.40614894486479547,-0.009170296467433536,-0.9999514100330104
8.719999999999581,0.41933178304230506,-0.009273322261618283,-0.9999513444377804
8.729999999999585,0.4290921190376852,-0.009365057843833024,-0.9999512792291347
8.739999999999588,0.4352804884251954,-0.009449093319125025,-0.9999512144194481
8.749999999999591,0.4377769440763043,-0.009529327188633056,-0.9999511499601901
8.759999999999595,0.4364954444736753,-0.009609533442178913,-0.9999510857510924
8.769999999999598,0.4313880638528094,-0.009692931709569703,-0.9999510216602008
8.779999999999601,0.4224490314136455,-0.009781809973721963,-0.9999509575507849
8.789999999999605,0.40971884531467795,-0.009877244607448656,-0.9999508933094162
8.799999999999608,0.3932881556618483,-0.009978952823906609,-0.9999508288703396
8.809999999999611,0.37329952630577207,-0.010085299040924494,-0.9999507642261354
8.819999999999615,0.34994616335003825,-0.01019351520435872,-0.9999506993660766
8.829999999999618,0.32346838621282953,-0.010299987164900068,-0.9999506342901081
8.839999999999621,0.2941485322713848,-0.010400643675030295,-0.9999505690377368
8.849999999999625,0.2623047378042738,-0.010491423408213857,-0.9999505036926502
8.859999999999628,0.22828411352058828,-0.010568738010652058,-0.9999504383785007
8.869999999999632,0.1924561067839115,-0.010629874523514273,-0.9999503732452627
8.879999999999635,0.1552076083781022,-0.010673289678049681,-0.9999503084482123
8.889999999999638,0.11694435545039401,-0.010698763671730066,-0.9999502441237942
8.899999999999642,0.07811971907414961,-0.010707399566120773,-0.9999501803676567
8.909999999999645,0.03947478664866051,-0.010701473555827673,-0.9999501172197224
8.919999999999648,0.010768586027181419,-0.010684158439131652,-0.9999500546594373
8.929999999999652,0.041689159212459644,-0.010659155022169192,-0.9999499926129259
8.939999999999655,0.07927111461132592,-0.010630272043313058,-0.9999499309704921
8.949999999999658,0.11628613935026892,-0.010601048672291944,-0.9999498695641933
8.959999999999662,0.15213713550897956,-0.010574356294034538,-0.999949808191698
8.969999999999665,0.1865064539206363,-0.010552080991485812,-0.9999497466452705
8.979999999999668,0.21914707575884898,-0.010534939874231264,-0.9999496847294407
8.989999999999672,0.2498498023130504,-0.01052242593251478,-0.9999496222809166
8.999999999999675,0.27843316714549365,-0.010512881909705592,-0.999949559186976
9.009999999999678,0.30473792831904445,-0.010503690276573418,-0.9999494953981289
9.019999999999682,0.32862266046842653,-0.010491555733654278,-0.9999494309316458
9.029999999999685,0.349959740563372,-0.010472849515287526,-0.9999493658643864
9.039999999999688,0.36863171929841465,-0.010443981162749092,-0.9999493003157481
9.049999999999692,0.38452825250903083,-0.010401762982320682,-0.9999492344238664
9.059999999999695,0.3975437789481539,-0.010343734926612745,-0.9999491683198479
9.069999999999698,0.407576184450545,-0.010268425072975899,-0.9999491021041561
9.079999999999702,0.4145273223355155,-0.010175472972741092,-0.999949035888984
9.089999999999705,0.41830640121107443,-0.010065670822642732,-0.9999489698240316
9.099999999999708,0.41883462135529037,-0.009940943296540144,-0.9999489040502457
9.109999999999712,0.4160492950935174,-0.00980417559290986,-0.9999488386764828
9.119999999999715,0.4099078461305465,-0.009658935596705378,-0.9999487737598879
9.129999999999718,0.4003915543093192,-0.00950911593972041,-0.9999487092940967
9.139999999999722,0.38750914014146776,-0.009358532001120601,-0.999948645208742
9.149999999999725,0.3713003256872121,-0.009210517836338675,-0.9999485813810824
9.159999999999728,0.35183931593094064,-0.009067564138644088,-0.9999485176576406
9.169999999999732,0.32923811941053427,-0.00893103984976907,-0.9999484538813369
9.179999999999735,0.30364949371762895,-0.008801031807383373,-0.9999483899184238
9.189999999999738,0.27526903945089143,-0.00867632604560394,-0.9999483256797383
9.199999999999742,0.2443357800840661,-0.008554551335664465,-0.999948261117446
9.209999999999745,0.21113081148075477,-0.008432384427928721,-0.9999481962648546
9.219999999999748,0.1759743027510535,-0.008305889707878432,-0.9999481312621247
9.229999999999752,0.1392221372515171,-0.008171064879658614,-0.9999480662857609
9.239999999999755,0.10126641129833408,-0.00802431874056394,-0.9999480015384696
9.249999999999758,0.06256282627254946,-0.007862898413127204,-0.9999479372349165
9.259999999999762,0.024002366385733487,-0.007685217561624243,-0.9999478735805484
9.269999999999765,0.018243393416602065,-0.007491045640486746,-0.9999478107468047
9.279999999999768,0.056132059967927535,-0.007281536609807179,-0.9999477488477382
9.289999999999772,0.09421406133714354,-0.007059096298870227,-0.9999476879233407
9.299999999999775,0.13132369578854738,-0.006827107622625521,-0.9999476279336384
9.309999999999778,0.16703967918301638,-0.006589549442769798,-0.9999475687652547
9.319999999999782,0.20102913436130876,-0.0063505563445684,-0.9999475102493632
9.329999999999785,0.23300325890631515,-0.006113981824434148,-0.99994745217596
9.339999999999788,0.26271028649615985,-0.005882947228481774,-0.9999473943405284
9.349999999999792,0.2899344045582919,-0.0056594616438540215,-0.9999473365968116
9.359999999999795,0.3144957177920662,-0.005444309072624562,-0.9999472787988659
9.369999999999798,0.3362498030827678,-0.005236997308057821,-0.9999472208126118
9.379999999999802,0.355086231528217,-0.005035841653963477,-0.9999471625347512
9.389999999999805,0.37092589063297343,-0.004838176168061763,-0.9999471039087745
9.399999999999809,0.38371727225155966,-0.0046406640398519074,-0.9999470449335691
9.409999999999812,0.3934320758800957,-0.004439669680023366,-0.9999469856616454
9.419999999999815,0.4000605453515269,-0.004231651451470702,-0.9999469261864024
9.429999999999819,0.40360696210544755,-0.004013535211719065,-0.9999468666205373
9.439999999999822,0.4040857031495053,-0.003783033990900801,-0.9999468070699448
9.449999999999825,0.4015183508481556,-0.003538887921859719,-0.999946747608701
9.459999999999829,0.3959332924206359,-0.0032810211274536356,-0.9999466882497943
9.469999999999832,0.3873684154112999,-0.0030105119626421444,-0.999946628994098
9.479999999999835,0.3758720756251091,-0.0027293790732590105,-0.999946569955334
9.489999999999839,0.3615033780010401,-0.0024405224356844383,-0.9999465112439945
9.499999999999842,0.344333252044114,-0.002147463004136393,-0.9999464529338363
9.509999999999845,0.3244461534733829,-0.0018540010243549363,-0.9999463950463761
9.519999999999849,0.30194225880218,-0.0015638423542976548,-0.9999463375437446
9.529999999999852,0.2769400294702957,-0.0012802287908376233,-0.9999462803322785
9.539999999999855,0.24957901330580937,-0.0010056093958886593,-0.9999462232766064
9.549999999999859,0.22002273389410631,-0.0007413874010220093,-0.9999461662213659
9.559999999999862,0.1884614834872759,-0.00048777141610347217,-0.9999461090158538
9.569999999999865,0.15511476047032302,-0.0002437506553797232,-0.9999460515363591
9.579999999999869,0.12023297239009709,-7.202443378010762e-06,-0.9999459937018382
9.589999999999872,0.08409795032204177,0.0002248624050015803,-0.9999459354701684
9.599999999999875,0.04702227186935826,0.00045597478889052343,-0.9999458768409081
9.609999999999879,0.009363635381847433,0.0006899923638532608,-0.9999458180107502
9.619999999999882,0.0286037983564112,0.0009304920592324363,-0.9999457592419896
9.629999999999885,0.06639675488091601,0.0011802916948790369,-0.9999457008099951
9.639999999999889,0.10368296335111969,0.001441100436758389,-0.9999456429816336
9.649999999999892,0.14007774837348752,0.0017132954747163091,-0.9999455859891337
9.659999999999895,0.17520708354927148,0.0019958542491856205,-0.9999455300037501
9.669999999999899,0.20871250176113554,0.0022864516569663833,-0.9999454751147555
9.679999999999902,0.24025742070245876,0.0025817104959139836,-0.9999454213188235
9.689999999999905,0.26953276532860987,0.0028775740985189624,-0.9999453685228662
9.699999999999909,0.29626157820079524,0.0031697552902850315,-0.9999453165604886
9.709999999999912,0.32020251297994673,0.003454207200398548,-0.9999452652192703
9.719999999999915,0.3411522235885636,0.0037275540521405207,-0.999945214267727
9.729999999999919,0.3589468748171393,0.0039874483598977975,-0.999945163473154
9.739999999999922,0.3734632862045126,0.004232939562714804,-0.9999451127084484
9.749999999999925,0.3846199934251009,0.0044644547698178515,-0.9999450618754717
9.759999999999929,0.39237752215957117,0.004683686098525988,-0.9999450108896278
9.769999999999932,0.396736859545488,0.004893375307612108,-0.9999449596982392
9.779999999999935,0.3977359821561082,0.005096983257001391,-0.9999449082948255
9.789999999999939,0.39544508293133385,0.0052982868533322305,-0.9999448567246476
9.799999999999942,0.3899612288680129,0.0055009530539516125,-0.9999448050790152
9.809999999999945,0.38140263464971846,0.005708138191096364,-0.9999447534786994
9.819999999999949,0.3699032304437433,0.005922153007635581,-0.9999447020496322
9.829999999999952,0.3556082176088196,0.00614422462104371,-0.9999446508960772
9.839999999999955,0.33867108831997383,0.006374374174713448,-0.9999446000771919
9.849999999999959,0.3192519986586719,0.006611414234960186,-0.9999445495897324
9.859999999999962,0.29751654040036785,0.006853065233507294,-0.9999444993638302
9.869999999999965,0.2736342949195089,0.007096313999411339,-0.9999444493986855
9.879999999999969,0.24777764016548484,0.007337644399571488,-0.9999443997080101
9.889999999999972,0.220121422925699,0.00757334224814185,-0.9999443502720162
9.899999999999975,0.19084378742681715,0.0077998616456717434,-0.999944301031073
9.909999999999979,0.16012845814425034,0.008014172020273472,-0.99994425188721
9.919999999999982,0.12816945971196497,0.008214053727931441,-0.9999442027141691
9.929999999999986,0.09518246190647696,0.008398314866604088,-0.9999441533744303
9.939999999999989,0.06144652632774017,0.008566908567548208,-0.9999441037396366
9.949999999999992,0.027639596001148636,0.00872093816741055,-0.9999440537098359
9.959999999999996,0.012498261119908552,0.00886254696773125,-0.9999440032272398
9.969999999999999,0.04493360238365481,0.008994699284092026,-0.9999439522816997
9.980000000000002,0.07966113890240019,0.009120867485487271,-0.9999439009056753
9.990000000000006,0.11423808451852407,0.009244643261077596,-0.9999438491499314
10.000000000000009,0.1481937203021096,0.009369452838007187,-0.9999437971784114
