t_s,tip_dz_mm,max_disp_mm
0.0020,-0.0393,0.0396
0.0040,-0.1182,0.1193
0.0060,-0.2372,0.2400
0.0080,-0.3970,0.4022
0.0100,-0.5984,0.6070
0.0120,-0.8426,0.8550
0.0140,-1.1305,1.1482
0.0160,-1.4633,1.4860
0.0180,-1.8420,1.8685
0.0200,-2.2677,2.2953
0.0220,-2.7410,2.7657
0.0240,-3.2629,3.2913
0.0260,-3.8339,3.8879
0.0280,-4.4544,4.5437
0.0300,-5.1244,5.2603
0.0320,-5.8442,6.0390
0.0340,-6.6133,6.8810
0.0360,-7.4314,7.7868
0.0380,-8.2977,8.7566
0.0400,-9.2113,9.7902
0.0420,-10.1712,10.8871
0.0440,-11.1760,12.0463
0.0460,-12.2241,13.2663
0.0480,-13.3137,14.5454
0.0500,-14.4430,15.8815
0.0520,-15.6098,17.2720
0.0540,-16.8118,18.7143
0.0560,-18.0466,20.2052
0.0580,-19.3116,21.7415
0.0600,-20.6041,23.3198
0.0620,-21.9214,24.9362
0.0640,-23.2606,26.5869
0.0660,-24.6186,28.2679
0.0680,-25.9927,29.9753
0.0700,-27.3796,31.7051
0.0720,-28.7765,33.4528
0.0740,-30.1803,35.2144
0.0760,-31.5879,36.9855
0.0780,-32.9965,38.7621
0.0800,-34.4031,40.5400
0.0820,-35.8049,42.3159
0.0840,-37.1991,44.0863
0.0860,-38.5831,45.8467
0.0880,-39.9543,47.5932
0.0900,-41.3102,49.3225
0.0920,-42.6485,51.0313
0.0940,-43.9669,52.7166
0.0960,-45.2635,54.3752
0.0980,-46.5362,56.0044
0.1000,-47.7831,57.6015
0.1020,-49.0026,59.1655
0.1040,-50.1931,60.6930
0.1060,-51.3531,62.1817
0.1080,-52.4812,63.6296
0.1100,-53.5763,65.0350
0.1120,-54.6372,66.3964
0.1140,-55.6629,67.7122
0.1160,-56.6525,68.9815
0.1180,-57.6052,70.2029
0.1200,-58.5202,71.3754
0.1220,-59.3969,72.4981
0.1240,-60.2347,73.5702
0.1260,-61.0331,74.5911
0.1280,-61.7917,75.5603
0.1300,-62.5102,76.4773
0.1320,-63.1881,77.3416
0.1340,-63.8253,78.1531
0.1360,-64.4216,78.9115
0.1380,-64.9767,79.6166
0.1400,-65.4907,80.2684
0.1420,-65.9634,80.8669
0.1440,-66.3948,81.4120
0.1460,-66.7849,81.9039
0.1480,-67.1338,82.3426
0.1500,-67.4416,82.7285
0.1520,-67.7085,83.0616
0.1540,-67.9345,83.3423
0.1560,-68.1199,83.5708
0.1580,-68.2649,83.7476
0.1600,-68.3698,83.8729
0.1620,-68.4348,83.9473
0.1640,-68.4604,83.9712
0.1660,-68.4468,83.9450
0.1680,-68.3945,83.8694
0.1700,-68.3039,83.7448
0.1720,-68.1754,83.5720
0.1740,-68.0096,83.3516
0.1760,-67.8069,83.0843
0.1780,-67.5679,82.7708
0.1800,-67.2933,82.4119
0.1820,-66.9836,82.0085
0.1840,-66.6394,81.5615
0.1860,-66.2615,81.0716
0.1880,-65.8507,80.5400
0.1900,-65.4075,79.9676
0.1920,-64.9330,79.3555
0.1940,-64.4277,78.7047
0.1960,-63.8927,78.0165
0.1980,-63.3288,77.2919
0.2000,-62.7370,76.5323
0.2020,-62.1181,75.7389
0.2040,-61.4733,74.9131
0.2060,-60.8034,74.0561
0.2080,-60.1096,73.1696
0.2100,-59.3929,72.2548
0.2120,-58.6545,71.3131
0.2140,-57.8955,70.3462
0.2160,-57.1170,69.3556
0.2180,-56.3204,68.3428
0.2200,-55.5067,67.3094
0.2220,-54.6773,66.2571
0.2240,-53.8333,65.1875
0.2260,-52.9762,64.1024
0.2280,-52.1072,63.0033
0.2300,-51.2276,61.8920
0.2320,-50.3388,60.7704
0.2340,-49.4421,59.6408
0.2360,-48.5388,58.5041
0.2380,-47.6304,57.3621
0.2400,-46.7182,56.2165
0.2420,-45.8036,55.0691
0.2440,-44.8880,53.9214
0.2460,-43.9726,52.7754
0.2480,-43.0590,51.6325
0.2500,-42.1483,50.4946
0.2520,-41.2420,49.3633
0.2540,-40.3415,48.2402
0.2560,-39.4479,47.1268
0.2580,-38.5626,46.0249
0.2600,-37.6869,44.9358
0.2620,-36.8220,43.8611
0.2640,-35.9692,42.8023
0.2660,-35.1295,41.7608
0.2680,-34.3043,40.7379
0.2700,-33.4945,39.7351
0.2720,-32.7014,38.7538
0.2740,-31.9260,37.7954
0.2760,-31.1692,36.8608
0.2780,-30.4321,35.9511
0.2800,-29.7156,35.0674
0.2820,-29.0207,34.2108
0.2840,-28.3481,33.3822
0.2860,-27.6987,32.5827
0.2880,-27.0733,31.8132
0.2900,-26.4726,31.0744
0.2920,-25.8973,30.3672
0.2940,-25.3480,29.6923
0.2960,-24.8254,29.0505
0.2980,-24.3299,28.4423
0.3000,-23.8621,27.8683
0.3020,-23.4224,27.3290
0.3040,-23.0112,26.8248
0.3060,-22.6289,26.3563
0.3080,-22.2758,25.9237
0.3100,-21.9521,25.5273
0.3120,-21.6582,25.1675
0.3140,-21.3941,24.8442
0.3160,-21.1600,24.5579
0.3180,-20.9560,24.3084
0.3200,-20.7821,24.0959
0.3220,-20.6382,23.9203
0.3240,-20.5245,23.7815
0.3260,-20.4407,23.6794
0.3280,-20.3867,23.6139
0.3300,-20.3624,23.5846
0.3320,-20.3675,23.5914
0.3340,-20.4018,23.6339
0.3360,-20.4649,23.7118
0.3380,-20.5566,23.8246
0.3400,-20.6764,23.9718
0.3420,-20.8239,24.1530
0.3440,-20.9986,24.3677
0.3460,-21.2002,24.6152
0.3480,-21.4280,24.8948
0.3500,-21.6815,25.2060
0.3520,-21.9600,25.5480
0.3540,-22.2631,25.9201
0.3560,-22.5899,26.3214
0.3580,-22.9398,26.7513
0.3600,-23.3122,27.2087
0.3620,-23.7062,27.6928
0.3640,-24.1210,28.2027
0.3660,-24.5559,28.7374
0.3680,-25.0101,29.2959
0.3700,-25.4827,29.8772
0.3720,-25.9729,30.4803
0.3740,-26.4797,31.1040
0.3760,-27.0023,31.7474
0.3780,-27.5397,32.4094
0.3800,-28.0911,33.0887
0.3820,-28.6554,33.7844
0.3840,-29.2317,34.4951
0.3860,-29.8191,35.2197
0.3880,-30.4166,35.9571
0.3900,-31.0231,36.7061
0.3920,-31.6378,37.4654
0.3940,-32.2595,38.2339
0.3960,-32.8874,39.0104
0.3980,-33.5204,39.7936
0.4000,-34.1576,40.5823
