level,n_tets,dV_ml,p_kPa,theta_deg,ke_ratio
coarse,28112,4.9986,1.40305,-0.85608,2.72e-03
coarse,28112,9.9996,2.88089,-1.97234,5.62e-04
coarse,28112,15.0001,4.44488,-3.10779,4.09e-04
coarse,28112,20.0011,6.09419,-4.44985,3.19e-04
coarse,28112,25.0021,7.85485,-5.94784,2.64e-04
coarse,28112,30.0033,9.75355,-7.61719,2.32e-04
coarse,28112,35.0049,11.82090,-9.46807,2.11e-04
coarse,28112,40.0068,14.08769,-11.51291,1.98e-04
coarse,28112,45.0093,16.58024,-13.77022,1.89e-04
coarse,28112,50.0123,19.31376,-16.25426,1.83e-04
medium,51818,4.9989,1.32362,-0.84478,3.25e-03
medium,51818,9.9996,2.71583,-1.97626,5.63e-04
medium,51818,15.0001,4.19658,-3.07654,4.07e-04
medium,51818,20.0010,5.76262,-4.38025,3.15e-04
medium,51818,25.0019,7.43978,-5.82764,2.58e-04
medium,51818,30.0031,9.25311,-7.43763,2.26e-04
medium,51818,35.0046,11.22986,-9.22065,2.05e-04
medium,51818,40.0065,13.39678,-11.18680,1.91e-04
medium,51818,45.0088,15.77513,-13.35253,1.81e-04
medium,51818,50.0116,18.38053,-15.73093,1.74e-04
fine,142096,4.9977,1.05202,-0.81730,3.96e-03
fine,142096,9.9988,2.18910,-1.93409,6.60e-04
fine,142096,14.9994,3.42820,-3.00587,4.69e-04
fine,142096,20.0003,4.75863,-4.27401,3.57e-04
fine,142096,25.0011,6.20311,-5.67682,2.90e-04
fine,142096,30.0022,7.78531,-7.23706,2.53e-04
fine,142096,35.0036,9.53413,-8.96611,2.30e-04
fine,142096,40.0054,11.47864,-10.88270,2.16e-04
fine,142096,45.0077,13.64482,-13.00546,2.07e-04
fine,142096,50.0106,16.05034,-15.35156,2.01e-04
