wariant,V0_ml,max_kat_deg,przy_dV_ml,p_przy_max_kPa,dV_ostatni_ml,p_ostatni_kPa,dV_15deg_ml,p_15deg_kPa,wydymanie_ostatnie_mm,czas_s
V0 obecny,91.37553423090779,1.2596012430784373,72.50056104295935,7.215278867906338,72.50056104295935,7.215278867906338,nan,nan,22.496994574948886,94.80332081199958
V1 kręgosłup E×20,91.37553423090779,2.7546798182947527,72.50062436521925,13.445769153664827,72.50062436521925,13.445769153664827,nan,nan,18.378059617724503,94.87028002499937
V2 ścianka 8 mm,60.676393080609834,0.5835359190139536,47.500396420410524,9.070346998684458,47.500396420410524,9.070346998684458,nan,nan,16.958852316701137,99.94026412099993
V3 włókna obwodowe,91.37553423090779,9.023716575769678,72.50106315868408,10.411871748246485,72.50106315868408,10.411871748246485,nan,nan,22.242970840658344,121.2987989659996
V4 kręgosłup + włókna,91.37553423090779,31.03775255058757,72.50515372184634,33.83767710432048,72.50515372184634,33.83767710432048,46.95630470768303,17.50076820773435,16.25104136909764,131.32139233900307

# krzywe: wariant, dV_ml, p_kPa, theta_deg, wydymanie_mm
# V0 obecny,2.499,0.0973,0.0007,0.971
# V0 obecny,4.999,0.1967,0.0006,1.951
# V0 obecny,7.499,0.2999,-0.0014,2.937
# V0 obecny,9.999,0.4087,-0.0055,3.924
# V0 obecny,12.499,0.5250,-0.0123,4.908
# V0 obecny,14.999,0.6503,-0.0219,5.884
# V0 obecny,17.499,0.7862,-0.0347,6.851
# V0 obecny,19.999,0.9340,-0.0507,7.806
# V0 obecny,22.499,1.0951,-0.0700,8.747
# V0 obecny,24.999,1.2705,-0.0927,9.672
# V0 obecny,27.499,1.4614,-0.1189,10.578
# V0 obecny,29.999,1.6687,-0.1486,11.465
# V0 obecny,32.499,1.8930,-0.1820,12.329
# V0 obecny,35.000,2.1347,-0.2190,13.168
# V0 obecny,37.500,2.3939,-0.2599,13.981
# V0 obecny,40.000,2.6702,-0.3048,14.766
# V0 obecny,42.500,2.9629,-0.3536,15.522
# V0 obecny,45.000,3.2711,-0.4065,16.248
# V0 obecny,47.500,3.5932,-0.4636,16.945
# V0 obecny,50.000,3.9278,-0.5249,17.611
# V0 obecny,52.500,4.2731,-0.5905,18.249
# V0 obecny,55.000,4.6273,-0.6603,18.859
# V0 obecny,57.500,4.9885,-0.7342,19.443
# V0 obecny,60.000,5.3550,-0.8123,20.003
# V0 obecny,62.500,5.7251,-0.8943,20.540
# V0 obecny,65.000,6.0975,-0.9802,21.057
# V0 obecny,67.500,6.4707,-1.0699,21.554
# V0 obecny,70.001,6.8436,-1.1630,22.034
# V0 obecny,72.501,7.2153,-1.2596,22.497
# V1 kręgosłup E×20,2.500,0.3708,0.0440,0.799
# V1 kręgosłup E×20,5.000,0.7532,0.0752,1.584
# V1 kręgosłup E×20,7.500,1.1458,0.1023,2.357
# V1 kręgosłup E×20,10.000,1.5482,0.1220,3.117
# V1 kręgosłup E×20,12.500,1.9597,0.1337,3.867
# V1 kręgosłup E×20,15.000,2.3800,0.1365,4.606
# V1 kręgosłup E×20,17.500,2.8088,0.1297,5.333
# V1 kręgosłup E×20,20.000,3.2457,0.1126,6.051
# V1 kręgosłup E×20,22.500,3.6904,0.0848,6.757
# V1 kręgosłup E×20,25.000,4.1427,0.0459,7.452
# V1 kręgosłup E×20,27.500,4.6022,-0.0043,8.136
# V1 kręgosłup E×20,30.000,5.0684,-0.0662,8.809
# V1 kręgosłup E×20,32.500,5.5410,-0.1396,9.470
# V1 kręgosłup E×20,35.000,6.0194,-0.2248,10.119
# V1 kręgosłup E×20,37.500,6.5031,-0.3215,10.756
# V1 kręgosłup E×20,40.000,6.9915,-0.4297,11.381
# V1 kręgosłup E×20,42.500,7.4839,-0.5491,11.993
# V1 kręgosłup E×20,45.000,7.9796,-0.6797,12.593
# V1 kręgosłup E×20,47.500,8.4780,-0.8210,13.181
# V1 kręgosłup E×20,50.000,8.9783,-0.9728,13.756
# V1 kręgosłup E×20,52.500,9.4798,-1.1349,14.318
# V1 kręgosłup E×20,55.000,9.9817,-1.3068,14.868
# V1 kręgosłup E×20,57.500,10.4832,-1.4882,15.406
# V1 kręgosłup E×20,60.000,10.9837,-1.6787,15.931
# V1 kręgosłup E×20,62.501,11.4824,-1.8780,16.444
# V1 kręgosłup E×20,65.001,11.9785,-2.0857,16.945
# V1 kręgosłup E×20,67.501,12.4716,-2.3013,17.434
# V1 kręgosłup E×20,70.001,12.9609,-2.5244,17.912
# V1 kręgosłup E×20,72.501,13.4458,-2.7547,18.378
# V2 ścianka 8 mm,2.499,0.2165,-0.0031,1.055
# V2 ścianka 8 mm,4.999,0.4419,-0.0067,2.122
# V2 ścianka 8 mm,7.499,0.6840,-0.0126,3.192
# V2 ścianka 8 mm,9.999,0.9497,-0.0211,4.256
# V2 ścianka 8 mm,12.499,1.2440,-0.0324,5.306
# V2 ścianka 8 mm,14.999,1.5713,-0.0470,6.337
# V2 ścianka 8 mm,17.499,1.9349,-0.0649,7.345
# V2 ścianka 8 mm,19.999,2.3372,-0.0865,8.327
# V2 ścianka 8 mm,22.499,2.7798,-0.1118,9.280
# V2 ścianka 8 mm,24.999,3.2634,-0.1411,10.201
# V2 ścianka 8 mm,27.500,3.7874,-0.1745,11.090
# V2 ścianka 8 mm,30.000,4.3504,-0.2120,11.944
# V2 ścianka 8 mm,32.500,4.9496,-0.2538,12.763
# V2 ścianka 8 mm,35.000,5.5815,-0.2996,13.546
# V2 ścianka 8 mm,37.500,6.2418,-0.3495,14.294
# V2 ścianka 8 mm,40.000,6.9257,-0.4030,15.008
# V2 ścianka 8 mm,42.500,7.6283,-0.4601,15.689
# V2 ścianka 8 mm,45.000,8.3447,-0.5204,16.338
# V2 ścianka 8 mm,47.500,9.0703,-0.5835,16.959
# V3 włókna obwodowe,2.499,0.1100,-0.0701,1.001
# V3 włókna obwodowe,4.999,0.2216,-0.1315,2.017
# V3 włókna obwodowe,7.499,0.3373,-0.2024,3.041
# V3 włókna obwodowe,9.999,0.4600,-0.2816,4.067
# V3 włókna obwodowe,12.499,0.5926,-0.3725,5.091
# V3 włókna obwodowe,14.999,0.7376,-0.4769,6.108
# V3 włókna obwodowe,17.499,0.8974,-0.5967,7.116
# V3 włókna obwodowe,19.999,1.0746,-0.7340,8.112
# V3 włókna obwodowe,22.499,1.2716,-0.8904,9.094
# V3 włókna obwodowe,24.999,1.4909,-1.0681,10.059
# V3 włókna obwodowe,27.499,1.7352,-1.2687,11.004
# V3 włókna obwodowe,29.999,2.0066,-1.4940,11.926
# V3 włókna obwodowe,32.499,2.3075,-1.7460,12.822
# V3 włókna obwodowe,34.999,2.6394,-2.0260,13.688
# V3 włókna obwodowe,37.500,3.0034,-2.3350,14.520
# V3 włókna obwodowe,40.000,3.3998,-2.6733,15.314
# V3 włókna obwodowe,42.500,3.8280,-3.0411,16.069
# V3 włókna obwodowe,45.000,4.2862,-3.4373,16.782
# V3 włókna obwodowe,47.500,4.7722,-3.8602,17.454
# V3 włókna obwodowe,50.000,5.2828,-4.3080,18.084
# V3 włókna obwodowe,52.500,5.8144,-4.7779,18.673
# V3 włókna obwodowe,55.001,6.3635,-5.2678,19.225
# V3 włókna obwodowe,57.501,6.9262,-5.7745,19.740
# V3 włókna obwodowe,60.001,7.4989,-6.2952,20.223
# V3 włókna obwodowe,62.501,8.0784,-6.8271,20.676
# V3 włókna obwodowe,65.001,8.6618,-7.3680,21.102
# V3 włókna obwodowe,67.501,9.2465,-7.9155,21.504
# V3 włókna obwodowe,70.001,9.8305,-8.4682,21.883
# V3 włókna obwodowe,72.501,10.4119,-9.0237,22.243
# V4 kręgosłup + włókna,2.500,0.6869,-0.4612,0.942
# V4 kręgosłup + włókna,5.000,1.4009,-0.9009,1.860
# V4 kręgosłup + włókna,7.500,2.1333,-1.3965,2.755
# V4 kręgosłup + włókna,10.000,2.8840,-1.9299,3.632
# V4 kręgosłup + włókna,12.500,3.6531,-2.5058,4.490
# V4 kręgosłup + włókna,15.000,4.4418,-3.1233,5.332
# V4 kręgosłup + włókna,17.500,5.2520,-3.7827,6.157
# V4 kręgosłup + włókna,20.000,6.0861,-4.4843,6.966
# V4 kręgosłup + włókna,22.500,6.9471,-5.2283,7.756
# V4 kręgosłup + włókna,25.000,7.8382,-6.0153,8.527
# V4 kręgosłup + włókna,27.501,8.7626,-6.8464,9.278
# V4 kręgosłup + włókna,30.001,9.7243,-7.7225,10.006
# V4 kręgosłup + włókna,32.501,10.7269,-8.6455,10.709
# V4 kręgosłup + włókna,35.001,11.7739,-9.6167,11.384
# V4 kręgosłup + włókna,37.501,12.8692,-10.6381,12.029
# V4 kręgosłup + włókna,40.001,14.0154,-11.7121,12.641
# V4 kręgosłup + włókna,42.502,15.2163,-12.8412,13.217
# V4 kręgosłup + włókna,45.002,16.4733,-14.0272,13.753
# V4 kręgosłup + włókna,47.502,17.7876,-15.2716,14.246
# V4 kręgosłup + włókna,50.002,19.1603,-16.5754,14.694
# V4 kręgosłup + włókna,52.503,20.5921,-17.9402,15.093
# V4 kręgosłup + włókna,55.003,22.0824,-19.3680,15.440
# V4 kręgosłup + włókna,57.503,23.6269,-20.8569,15.732
# V4 kręgosłup + włókna,60.003,25.2218,-22.4062,15.968
# V4 kręgosłup + włókna,62.504,26.8668,-24.0177,16.145
# V4 kręgosłup + włókna,65.004,28.5569,-25.6893,16.263
# V4 kręgosłup + włókna,67.504,30.2842,-27.4183,16.321
# V4 kręgosłup + włókna,70.005,32.0465,-29.2019,16.317
# V4 kręgosłup + włókna,72.505,33.8377,-31.0378,16.251
