level,side,dV_ml,p_kPa,theta_deg,bulge_mm
coarse,L,4.998616,1.40305300,-0.85608322,1.85485338
coarse,L,9.999551,2.88088603,-1.97234495,3.63039779
coarse,L,15.000127,4.44487755,-3.10779176,5.33499648
coarse,L,20.001099,6.09418730,-4.44984529,6.97109139
coarse,L,25.002073,7.85484876,-5.94784499,8.53751141
coarse,L,30.003326,9.75355417,-7.61718617,10.02233766
coarse,L,35.004897,11.82089895,-9.46807120,11.40876186
coarse,L,40.006842,14.08768864,-11.51290831,12.67675536
coarse,L,45.009339,16.58024301,-13.77022016,13.80311736
coarse,L,50.012323,19.31376239,-16.25425981,14.76225219
coarse,R,4.998636,1.40336864,0.84966345,1.85227855
coarse,R,9.999565,2.88077641,1.97413446,3.63043161
coarse,R,15.000121,4.44490179,3.10747890,5.33501525
coarse,R,20.001101,6.09418341,4.44991460,6.97108932
coarse,R,25.002073,7.85484894,5.94781107,8.53751131
coarse,R,30.003326,9.75355435,7.61718689,10.02233777
coarse,R,35.004897,11.82089882,9.46807181,11.40876177
coarse,R,40.006842,14.08768866,11.51290819,12.67675537
coarse,R,45.009339,16.58024301,13.77022017,13.80311736
coarse,R,50.012323,19.31376239,16.25425981,14.76225219
medium,L,4.998856,1.32362194,-0.84477675,1.82476062
medium,L,9.999602,2.71583285,-1.97625572,3.58615224
medium,L,15.000060,4.19657574,-3.07653650,5.27601479
medium,L,20.000989,5.76262033,-4.38025435,6.89852511
medium,L,25.001896,7.43977877,-5.82764042,8.45253223
medium,L,30.003092,9.25311091,-7.43762574,9.92542851
medium,L,35.004596,11.22985740,-9.22064922,11.29881764
medium,L,40.006455,13.39678283,-11.18679680,12.55478888
medium,L,45.008780,15.77512722,-13.35253277,13.66875931
medium,L,50.011574,18.38052700,-15.73093126,14.61974330
medium,R,4.998841,1.32351874,0.84572145,1.82450752
medium,R,9.999596,2.71587640,1.97610231,3.58609474
medium,R,15.000062,4.19657852,3.07650692,5.27601708
medium,R,20.000989,5.76261828,4.38027465,6.89852342
medium,R,25.001896,7.43977932,5.82763532,8.45253266
medium,R,30.003092,9.25311083,7.43762649,9.92542845
medium,R,35.004596,11.22985740,9.22064917,11.29881764
medium,R,40.006455,13.39678283,11.18679680,12.55478888
medium,R,45.008780,15.77512722,13.35253277,13.66875931
medium,R,50.011574,18.38052700,15.73093126,14.61974330
fine,L,4.997656,1.05202137,-0.81729507,1.87317554
fine,L,9.998838,2.18909910,-1.93409128,3.66122964
fine,L,14.999384,3.42819752,-3.00586738,5.34784833
fine,L,20.000278,4.75863111,-4.27401196,6.95742727
fine,L,25.001096,6.20310815,-5.67681561,8.49495283
fine,L,30.002185,7.78530730,-7.23705865,9.94958850
fine,L,35.003566,9.53413454,-8.96610618,11.30755974
fine,L,40.005375,11.47864462,-10.88269554,12.55086486
fine,L,45.007693,13.64481819,-13.00546110,13.65551089
fine,L,50.010571,16.05034081,-15.35156000,14.59504066
fine,R,4.997627,1.05189729,0.82007317,1.87107361
fine,R,9.998831,2.18915437,1.93326859,3.66128791
fine,R,14.999387,3.42818416,3.00600862,5.34783636
fine,R,20.000277,4.75862979,4.27394257,6.95743055
fine,R,25.001096,6.20310343,5.67672829,8.49495613
fine,R,30.002185,7.78529892,7.23692918,9.94959310
fine,R,35.003566,9.53412708,8.96590251,11.30757220
fine,R,40.005376,11.47867709,10.88271640,12.55087937
fine,R,45.007693,13.64486867,13.00550153,13.65552926
fine,R,50.010571,16.05041520,15.35164255,14.59505989
