f,dt_ms,amp_deg,phase_deg,thrust_mN,dp_max_kPa,valve_frac,pump_sat_frac,stability_max,ms_per_step
0.5,1,11.8003,16.5606,1.53384,1.7377,0,0,0.218604,372.646
0.75,1,11.5451,28.2829,7.77409,2.67182,0,0,0.312172,440.29
1,1,10.8408,40.4108,19.5598,3.53761,0,0,0.389476,460.459
1.25,1,9.9004,51.6552,33.3775,4.26916,0,0,0.448098,452.217
1.5,1,8.92677,61.4136,45.8897,4.85398,0,0,0.48936,447.858
1.75,1,8.02253,69.8475,55.8194,5.31696,0,0,0.517185,513.243
2,1,7.2206,77.1597,63.1662,5.68507,0,0,0.535397,442.078
2.25,0.888889,6.50584,83.8198,67.9153,5.9334,0,0.18,0.486315,424.94
2.5,0.8,5.68924,91.4051,62.8015,5.85685,0,0.364,0.432266,403.793
2.75,0.727273,4.9483,98.7403,54.8402,5.6396,0,0.459333,0.380305,408.197
3,0.666667,4.32792,105.658,46.9746,5.38771,0,0.524667,0.333698,379.586
