variant,E_factor,target,dV_ml,p_kPa,theta_deg,phase_deg
qs_volume,0.5,1e-05,9.9982,1.46194,-1.68362,nan
qs_volume,0.5,2e-05,20.0023,3.06867,-4.48746,nan
qs_volume,0.5,3e-05,30.0063,4.9276,-7.50511,nan
qs_volume,0.5,4e-05,40.0145,7.13946,-11.3461,nan
qs_pressure,0.5,2000,12.2319,2,-2.0513,nan
qs_pressure,0.5,4000,24.3816,4,-5.80625,nan
qs_pressure,0.5,6000,34.5201,6,-9.25328,nan
qs_pressure,0.5,8000,43.0506,8,-12.9076,nan
dyn_water_2Hz,0.5,nan,nan,3.01836,5.82071,95.7799
qs_volume,1,1e-05,10.0001,2.88523,-1.92641,nan
qs_volume,1,2e-05,20.0024,6.09946,-4.44181,nan
qs_volume,1,3e-05,30.0082,9.77772,-7.53891,nan
qs_volume,1,4e-05,40.0161,14.151,-11.345,nan
qs_pressure,1,2000,6.59555,2,-1.26222,nan
qs_pressure,1,4000,13.2054,4,-2.72538,nan
qs_pressure,1,6000,19.3429,6,-4.31345,nan
qs_pressure,1,8000,25.0594,8,-6.02817,nan
dyn_water_2Hz,1,nan,nan,5.68507,7.2206,77.1597
qs_volume,2,1e-05,10.0003,5.69711,-1.94291,nan
qs_volume,2,2e-05,20.0031,12.0588,-4.36615,nan
qs_volume,2,3e-05,30.0086,19.3145,-7.42203,nan
qs_volume,2,4e-05,40.0167,27.9013,-11.1611,nan
qs_pressure,2,2000,3.44618,2,-0.639101,nan
qs_pressure,2,4000,6.93212,4,-1.27818,nan
qs_pressure,2,6000,10.2966,6,-1.97974,nan
qs_pressure,2,8000,13.5555,8,-2.72821,nan
dyn_water_2Hz,2,nan,nan,10.3854,8.22735,59.1574
